{
"type": "FeatureCollection",
"name": "noise_fixed_geometry",
"crs": { "type": "name", "properties": { "name": "urn:ogc:def:crs:OGC:1.3:CRS84" } },
"features": [
{ "type": "Feature", "properties": { "GEOID": "48439100101", "NAME": "Census Tract 1001.01, Tarrant County, Texas", "variable": "B01003_001", "estimate": 5187, "moe": 620, "coverage_all": 2699.2422, "coverage_na": 0.0, "coverage_4050": 2406.1086, "coverage_5060": 285.1493, "coverage_6070": 7.9844, "coverage_7080": 0.0, "coverage_8090": 0.0, "coverage_90": 0.0, "noise4050n": 4612.231, "noise5060n": 557.7027, "noise6070n": 17.0663, "noise7080n": 0.0, "noise8090n": 0.0, "noise90n": 0.0, "noise4050p": 0.8914, "noise5060p": 0.1056, "noise6070p": 0.003, "noise7080p": 0.0, "noise8090p": 0.0, "noise90p": 0.0 }, "geometry": { "type": "MultiPolygon", "coordinates": [ [ [ [ -97.308514000176046, 32.795163000159427 ], [ -97.307391999836497, 32.79511800012537 ], [ -97.301974999607765, 32.795132999739501 ], [ -97.293593999614629, 32.795113000334624 ], [ -97.293384000095173, 32.795114999555899 ], [ -97.293453999510618, 32.792310999914299 ], [ -97.293549999571184, 32.78803399955877 ], [ -97.29060700045008, 32.7880100000704 ], [ -97.290644999869997, 32.780969999850214 ], [ -97.299138000348549, 32.780904000248661 ], [ -97.301549999585305, 32.780969999887319 ], [ -97.307241000117003, 32.78097199957471 ], [ -97.308576000110136, 32.780911999991005 ], [ -97.308514000176046, 32.795163000159427 ] ] ] ] } },
{ "type": "Feature", "properties": { "GEOID": "48439100102", "NAME": "Census Tract 1001.02, Tarrant County, Texas", "variable": "B01003_001", "estimate": 4694, "moe": 799, "coverage_all": 3151.4147, "coverage_na": 0.0, "coverage_4050": 1469.0, "coverage_5060": 1570.5554, "coverage_6070": 71.226, "coverage_7080": 31.1553, "coverage_8090": 9.478, "coverage_90": 0.0, "noise4050n": 2424.2508, "noise5060n": 2139.3128, "noise6070n": 76.5052, "noise7080n": 41.5125, "noise8090n": 12.4187, "noise90n": 0.0, "noise4050p": 0.4661, "noise5060p": 0.4984, "noise6070p": 0.0226, "noise7080p": 0.0099, "noise8090p": 0.003, "noise90p": 0.0 }, "geometry": { "type": "MultiPolygon", "coordinates": [ [ [ [ -97.321109999601362, 32.78916700014198 ], [ -97.320279000429039, 32.790251999741137 ], [ -97.318108000473103, 32.793099999962791 ], [ -97.315565000429771, 32.795176000429372 ], [ -97.308514000176046, 32.795163000159427 ], [ -97.308576000110136, 32.780911999991005 ], [ -97.307241000117003, 32.78097199957471 ], [ -97.301549999585305, 32.780969999887319 ], [ -97.301640000309334, 32.773146999554243 ], [ -97.303035000017346, 32.773101999800097 ], [ -97.3087610002395, 32.773152000438287 ], [ -97.312796000486756, 32.773008999927349 ], [ -97.314356000231754, 32.774818999817079 ], [ -97.315502000483008, 32.776531999912976 ], [ -97.318391999639545, 32.780040000355477 ], [ -97.318763000014442, 32.780625000044019 ], [ -97.320400999561244, 32.781255999932107 ], [ -97.320754000102127, 32.787426000106656 ], [ -97.321109999601362, 32.78916700014198 ] ] ] ] } },
{ "type": "Feature", "properties": { "GEOID": "48439100201", "NAME": "Census Tract 1002.01, Tarrant County, Texas", "variable": "B01003_001", "estimate": 5184, "moe": 1452, "coverage_all": 2387.1338, "coverage_na": 0.0, "coverage_4050": 0.0, "coverage_5060": 2140.988, "coverage_6070": 195.0306, "coverage_7080": 41.8764, "coverage_8090": 5.0, "coverage_90": 4.2389, "noise4050n": 0.0, "noise5060n": 4635.2696, "noise6070n": 431.9351, "noise7080n": 94.9704, "noise8090n": 11.9608, "noise90n": 9.8642, "noise4050p": 0.0, "noise5060p": 0.8969, "noise6070p": 0.0817, "noise7080p": 0.0175, "noise8090p": 0.0021, "noise90p": 0.0018 }, "geometry": { "type": "MultiPolygon", "coordinates": [ [ [ [ -97.339611000006613, 32.810376999760351 ], [ -97.335894999592824, 32.810667999806832 ], [ -97.33209999990585, 32.81043499993401 ], [ -97.325732000091591, 32.810342000017599 ], [ -97.325736999625875, 32.806362000123556 ], [ -97.325760999928221, 32.803522999703752 ], [ -97.323051999630422, 32.803365999718409 ], [ -97.323090000011106, 32.79919599965924 ], [ -97.323538999695757, 32.797942000067387 ], [ -97.325798000265394, 32.797950000001158 ], [ -97.325843999620616, 32.795166000069486 ], [ -97.326871000095835, 32.795120000167543 ], [ -97.336979000421579, 32.795164000142307 ], [ -97.337413999558606, 32.79860000006871 ], [ -97.337940000238618, 32.800620999893681 ], [ -97.33812499986648, 32.801073000162511 ], [ -97.338726999855794, 32.804861000174157 ], [ -97.339611000006613, 32.810376999760351 ] ] ] ] } },
{ "type": "Feature", "properties": { "GEOID": "48439100202", "NAME": "Census Tract 1002.02, Tarrant County, Texas", "variable": "B01003_001", "estimate": 5035, "moe": 594, "coverage_all": 6467.7899, "coverage_na": 0.0, "coverage_4050": 0.0, "coverage_5060": 5199.6975, "coverage_6070": 1029.7821, "coverage_7080": 191.5804, "coverage_8090": 36.9687, "coverage_90": 9.7611, "noise4050n": 0.0, "noise5060n": 4093.178, "noise6070n": 785.834, "noise7080n": 120.9922, "noise8090n": 22.9828, "noise90n": 12.013, "noise4050p": 0.0, "noise5060p": 0.8039, "noise6070p": 0.1592, "noise7080p": 0.0296, "noise8090p": 0.0057, "noise90p": 0.0015 }, "geometry": { "type": "MultiPolygon", "coordinates": [ [ [ [ -97.35143499981713, 32.812699999980907 ], [ -97.351423999804766, 32.814041999900766 ], [ -97.339566000515831, 32.813934999705069 ], [ -97.339611000006613, 32.810376999760351 ], [ -97.338726999855794, 32.804861000174157 ], [ -97.33812499986648, 32.801073000162511 ], [ -97.337940000238618, 32.800620999893681 ], [ -97.337413999558606, 32.79860000006871 ], [ -97.336979000421579, 32.795164000142307 ], [ -97.326871000095835, 32.795120000167543 ], [ -97.325843999620616, 32.795166000069486 ], [ -97.323475999458125, 32.795252999575276 ], [ -97.321715000091501, 32.79527400043316 ], [ -97.315565000429771, 32.795176000429372 ], [ -97.318108000473103, 32.793099999962791 ], [ -97.320279000429039, 32.790251999741137 ], [ -97.321109999601362, 32.78916700014198 ], [ -97.320754000102127, 32.787426000106656 ], [ -97.320400999561244, 32.781255999932107 ], [ -97.321965000307443, 32.782155999783903 ], [ -97.324341000133401, 32.784468999620422 ], [ -97.325313000397784, 32.782708000070762 ], [ -97.332755999839691, 32.784448999778256 ], [ -97.336386999490401, 32.784518999900413 ], [ -97.337538000246496, 32.784342999912887 ], [ -97.337753999906994, 32.78423200031461 ], [ -97.340558999615268, 32.783917999775895 ], [ -97.341630000372533, 32.784052999584681 ], [ -97.34497899984575, 32.784958000240259 ], [ -97.345385000125589, 32.785778000266554 ], [ -97.349163999763249, 32.78572400014432 ], [ -97.349159999636314, 32.786276999693911 ], [ -97.349122999972792, 32.790364999707919 ], [ -97.349099000190591, 32.795239999930104 ], [ -97.351397000206674, 32.802984000208944 ], [ -97.351488000090711, 32.804692999556799 ], [ -97.35143499981713, 32.812699999980907 ] ] ] ] } },
{ "type": "Feature", "properties": { "GEOID": "48439100300", "NAME": "Census Tract 1003, Tarrant County, Texas", "variable": "B01003_001", "estimate": 6211, "moe": 1353, "coverage_all": 9912.5089, "coverage_na": 0.0, "coverage_4050": 919.2078, "coverage_5060": 5190.8716, "coverage_6070": 3131.3709, "coverage_7080": 586.0803, "coverage_8090": 79.9784, "coverage_90": 5.0, "noise4050n": 191.3964, "noise5060n": 4293.0596, "noise6070n": 1575.4904, "noise7080n": 133.3594, "noise8090n": 16.653, "noise90n": 1.0411, "noise4050p": 0.0927, "noise5060p": 0.5237, "noise6070p": 0.3159, "noise7080p": 0.0591, "noise8090p": 0.0081, "noise90p": 0.0005 }, "geometry": { "type": "MultiPolygon", "coordinates": [ [ [ [ -97.379866999643113, 32.817091999780018 ], [ -97.379380000344497, 32.829491999671788 ], [ -97.370792000257694, 32.833428999696928 ], [ -97.362809000313831, 32.836538999965136 ], [ -97.362565000218837, 32.835211000113276 ], [ -97.361385999692217, 32.832961000387378 ], [ -97.360963999851847, 32.832359999678566 ], [ -97.359777999678215, 32.831325000080334 ], [ -97.357744000427061, 32.829556999696464 ], [ -97.351464000075936, 32.818100999809957 ], [ -97.351423999804766, 32.814041999900766 ], [ -97.35143499981713, 32.812699999980907 ], [ -97.351488000090711, 32.804692999556799 ], [ -97.351397000206674, 32.802984000208944 ], [ -97.349099000190591, 32.795239999930104 ], [ -97.349122999972792, 32.790364999707919 ], [ -97.349159999636314, 32.786276999693911 ], [ -97.35286999998722, 32.786276999748935 ], [ -97.352829999865619, 32.789924000431832 ], [ -97.355286999766307, 32.789938000028144 ], [ -97.35652800009639, 32.78994500043752 ], [ -97.359011000071064, 32.789955000009115 ], [ -97.360245000127421, 32.789957999699645 ], [ -97.360213999601214, 32.794432999845405 ], [ -97.361321999776749, 32.794598999693427 ], [ -97.361278000147209, 32.79649699980461 ], [ -97.363646999724295, 32.796538000265798 ], [ -97.367239000108668, 32.796610000015015 ], [ -97.367127000329887, 32.799638999855418 ], [ -97.365576999589052, 32.799565000081238 ], [ -97.365563000327001, 32.804836999652082 ], [ -97.369071000301304, 32.808142999580014 ], [ -97.374970000213395, 32.813901999893893 ], [ -97.376588000051115, 32.814921000130816 ], [ -97.376868000332394, 32.815084000185166 ], [ -97.379500000248399, 32.816625000182199 ], [ -97.379866999643113, 32.817091999780018 ] ] ] ] } },
{ "type": "Feature", "properties": { "GEOID": "48439100401", "NAME": "Census Tract 1004.01, Tarrant County, Texas", "variable": "B01003_001", "estimate": 1856, "moe": 475, "coverage_all": 860.2444, "coverage_na": 0.0, "coverage_4050": 85.9955, "coverage_5060": 717.3121, "coverage_6070": 47.9368, "coverage_7080": 9.0, "coverage_8090": 0.0, "coverage_90": 0.0, "noise4050n": 185.5376, "noise5060n": 1547.6198, "noise6070n": 103.4248, "noise7080n": 19.4177, "noise8090n": 0.0, "noise90n": 0.0, "noise4050p": 0.1, "noise5060p": 0.8338, "noise6070p": 0.0557, "noise7080p": 0.0105, "noise8090p": 0.0, "noise90p": 0.0 }, "geometry": { "type": "MultiPolygon", "coordinates": [ [ [ [ -97.371902000430069, 32.792742999751198 ], [ -97.371880000099793, 32.794687999559102 ], [ -97.371878000171321, 32.795526999970015 ], [ -97.371875999906564, 32.796630000317954 ], [ -97.367239000108668, 32.796610000015015 ], [ -97.363646999724295, 32.796538000265798 ], [ -97.361278000147209, 32.79649699980461 ], [ -97.361321999776749, 32.794598999693427 ], [ -97.360213999601214, 32.794432999845405 ], [ -97.360245000127421, 32.789957999699645 ], [ -97.363682000330996, 32.789980000122 ], [ -97.371893000519165, 32.790046999815452 ], [ -97.371902000430069, 32.792742999751198 ] ] ] ] } },
{ "type": "Feature", "properties": { "GEOID": "48439100402", "NAME": "Census Tract 1004.02, Tarrant County, Texas", "variable": "B01003_001", "estimate": 3893, "moe": 619, "coverage_all": 1843.6477, "coverage_na": 0.0, "coverage_4050": 757.3124, "coverage_5060": 1059.3312, "coverage_6070": 23.1807, "coverage_7080": 3.8234, "coverage_8090": 0.0, "coverage_90": 0.0, "noise4050n": 1122.8916, "noise5060n": 2729.0258, "noise6070n": 35.4135, "noise7080n": 5.6691, "noise8090n": 0.0, "noise90n": 0.0, "noise4050p": 0.4108, "noise5060p": 0.5746, "noise6070p": 0.0126, "noise7080p": 0.0021, "noise8090p": 0.0, "noise90p": 0.0 }, "geometry": { "type": "MultiPolygon", "coordinates": [ [ [ [ -97.375511999538261, 32.782566000201314 ], [ -97.375428000328682, 32.786423000438354 ], [ -97.374947000101628, 32.78687300016675 ], [ -97.374855999624543, 32.786957999671252 ], [ -97.374718999997555, 32.787083999683112 ], [ -97.371888999702961, 32.789561000287961 ], [ -97.371893000519165, 32.790046999815452 ], [ -97.363682000330996, 32.789980000122 ], [ -97.360245000127421, 32.789957999699645 ], [ -97.359011000071064, 32.789955000009115 ], [ -97.35652800009639, 32.78994500043752 ], [ -97.355286999766307, 32.789938000028144 ], [ -97.352829999865619, 32.789924000431832 ], [ -97.35286999998722, 32.786276999748935 ], [ -97.354077000248367, 32.786280999612096 ], [ -97.354153000297558, 32.782808000037598 ], [ -97.355367000401088, 32.782825999678558 ], [ -97.356577000250624, 32.782838000150207 ], [ -97.359072999777283, 32.782856999794419 ], [ -97.362607999488503, 32.782870999717424 ], [ -97.363785999744522, 32.782871000334602 ], [ -97.36854000019855, 32.782772999812018 ], [ -97.36868999999912, 32.782676000417666 ], [ -97.370641000525907, 32.779949000085601 ], [ -97.371781999484995, 32.780938000415304 ], [ -97.372452000494619, 32.781332000080575 ], [ -97.372755000480964, 32.781495000023178 ], [ -97.372997999956795, 32.781597999868204 ], [ -97.374182999702356, 32.781974000257549 ], [ -97.375517999740552, 32.782390000112279 ], [ -97.375511999538261, 32.782566000201314 ] ] ] ] } },
{ "type": "Feature", "properties": { "GEOID": "48439100503", "NAME": "Census Tract 1005.03, Tarrant County, Texas", "variable": "B01003_001", "estimate": 3028, "moe": 1052, "coverage_all": 1487.0098, "coverage_na": 101.0, "coverage_4050": 1075.5834, "coverage_5060": 189.6029, "coverage_6070": 104.3702, "coverage_7080": 16.4532, "coverage_8090": 0.0, "coverage_90": 0.0, "noise4050n": 2190.212, "noise5060n": 386.0887, "noise6070n": 212.5291, "noise7080n": 33.5037, "noise8090n": 0.0, "noise90n": 0.0, "noise4050p": 0.7233, "noise5060p": 0.1275, "noise6070p": 0.0702, "noise7080p": 0.0111, "noise8090p": 0.0, "noise90p": 0.0 }, "geometry": { "type": "MultiPolygon", "coordinates": [ [ [ [ -97.387342999766176, 32.788970000095446 ], [ -97.38653400006352, 32.789624999896525 ], [ -97.382445999973029, 32.793160000379856 ], [ -97.377663999908236, 32.797519999842528 ], [ -97.373036000202106, 32.793674000271416 ], [ -97.371902000430069, 32.792742999751198 ], [ -97.371893000519165, 32.790046999815452 ], [ -97.371888999702961, 32.789561000287961 ], [ -97.374718999997555, 32.787083999683112 ], [ -97.374855999624543, 32.786957999671252 ], [ -97.374947000101628, 32.78687300016675 ], [ -97.375428000328682, 32.786423000438354 ], [ -97.375511999538261, 32.782566000201314 ], [ -97.375517999740552, 32.782390000112279 ], [ -97.381991999872938, 32.784437999670175 ], [ -97.383463000262964, 32.785540000141189 ], [ -97.383560000399214, 32.785625999566058 ], [ -97.383720999617935, 32.785776999578616 ], [ -97.387518000373248, 32.78889599985412 ], [ -97.387342999766176, 32.788970000095446 ] ] ] ] } },
{ "type": "Feature", "properties": { "GEOID": "48439100504", "NAME": "Census Tract 1005.04, Tarrant County, Texas", "variable": "B01003_001", "estimate": 4300, "moe": 754, "coverage_all": 2809.0243, "coverage_na": 830.4712, "coverage_4050": 1733.8944, "coverage_5060": 200.8109, "coverage_6070": 38.1631, "coverage_7080": 5.6848, "coverage_8090": 0.0, "coverage_90": 0.0, "noise4050n": 2770.9445, "noise5060n": 292.5812, "noise6070n": 53.9708, "noise7080n": 8.0395, "noise8090n": 0.0, "noise90n": 0.0, "noise4050p": 0.6173, "noise5060p": 0.0715, "noise6070p": 0.0136, "noise7080p": 0.002, "noise8090p": 0.0, "noise90p": 0.0 }, "geometry": { "type": "MultiPolygon", "coordinates": [ [ [ [ -97.403977000125082, 32.792240000122284 ], [ -97.403253000207727, 32.79296600039298 ], [ -97.401065999999048, 32.792834000105046 ], [ -97.398309000230753, 32.792797000141142 ], [ -97.39820900022886, 32.795846999694284 ], [ -97.394610999912757, 32.794613000383471 ], [ -97.394413000167916, 32.796674999599006 ], [ -97.394288999543505, 32.798311000111362 ], [ -97.394260999676234, 32.798600000046925 ], [ -97.39392199999881, 32.799043999621368 ], [ -97.392588000152756, 32.800223999699902 ], [ -97.391714999691487, 32.800982000297864 ], [ -97.391540000428762, 32.801129000202671 ], [ -97.390192999691422, 32.802276000379408 ], [ -97.391644000101493, 32.803477999802752 ], [ -97.390884999633798, 32.804245000134451 ], [ -97.3884149997929, 32.806387000239091 ], [ -97.385342999722923, 32.803863000132836 ], [ -97.382272999578902, 32.801340000373258 ], [ -97.377663999908236, 32.797519999842528 ], [ -97.382445999973029, 32.793160000379856 ], [ -97.38653400006352, 32.789624999896525 ], [ -97.387342999766176, 32.788970000095446 ], [ -97.387518000373248, 32.78889599985412 ], [ -97.387774000191925, 32.788696000405167 ], [ -97.387869000325622, 32.78869599968418 ], [ -97.391358000485269, 32.788696999738157 ], [ -97.394748000223288, 32.788640999956236 ], [ -97.394773000485102, 32.784424000354143 ], [ -97.399862000080574, 32.784422999907605 ], [ -97.399876000094636, 32.788961000044701 ], [ -97.399939000012765, 32.789194000334625 ], [ -97.403998999886795, 32.792218000341684 ], [ -97.403977000125082, 32.792240000122284 ] ] ] ] } },
{ "type": "Feature", "properties": { "GEOID": "48439100505", "NAME": "Census Tract 1005.05, Tarrant County, Texas", "variable": "B01003_001", "estimate": 5370, "moe": 1000, "coverage_all": 4785.8526, "coverage_na": 710.463, "coverage_4050": 3523.1207, "coverage_5060": 437.8446, "coverage_6070": 96.6752, "coverage_7080": 16.0965, "coverage_8090": 1.6526, "coverage_90": 0.0, "noise4050n": 3929.1751, "noise5060n": 841.0883, "noise6070n": 153.4571, "noise7080n": 28.6001, "noise8090n": 2.6266, "noise90n": 0.0, "noise4050p": 0.7362, "noise5060p": 0.0915, "noise6070p": 0.0202, "noise7080p": 0.0034, "noise8090p": 0.0003, "noise90p": 0.0 }, "geometry": { "type": "MultiPolygon", "coordinates": [ [ [ [ -97.407853999507182, 32.816002000398669 ], [ -97.407447000092716, 32.816187000445922 ], [ -97.403972000078952, 32.81774900028018 ], [ -97.401332000155804, 32.818995000252428 ], [ -97.394147999519433, 32.822271999763878 ], [ -97.385184999764164, 32.82650900001741 ], [ -97.379380000344497, 32.829491999671788 ], [ -97.379866999643113, 32.817091999780018 ], [ -97.379500000248399, 32.816625000182199 ], [ -97.376868000332394, 32.815084000185166 ], [ -97.376588000051115, 32.814921000130816 ], [ -97.377514999622946, 32.813800000139096 ], [ -97.37760100008488, 32.810679000028387 ], [ -97.377864000101042, 32.810402999774489 ], [ -97.380445999719029, 32.808136999987539 ], [ -97.385342999722923, 32.803863000132836 ], [ -97.3884149997929, 32.806387000239091 ], [ -97.388917000118454, 32.806722000425495 ], [ -97.394081999647625, 32.808331999682444 ], [ -97.395090000088999, 32.808615000340509 ], [ -97.397541000323557, 32.809291999558241 ], [ -97.398399999557384, 32.809533000038741 ], [ -97.407461999594148, 32.812049999754294 ], [ -97.407745999881129, 32.812130000118366 ], [ -97.407871999739839, 32.812164000116219 ], [ -97.407853999507182, 32.816002000398669 ] ] ] ] } },
{ "type": "Feature", "properties": { "GEOID": "48439100506", "NAME": "Census Tract 1005.06, Tarrant County, Texas", "variable": "B01003_001", "estimate": 5595, "moe": 922, "coverage_all": 2549.4795, "coverage_na": 0.0, "coverage_4050": 1768.6953, "coverage_5060": 773.0659, "coverage_6070": 6.7182, "coverage_7080": 1.0, "coverage_8090": 0.0, "coverage_90": 0.0, "noise4050n": 3827.3786, "noise5060n": 1750.5063, "noise6070n": 14.9012, "noise7080n": 2.2139, "noise8090n": 0.0, "noise90n": 0.0, "noise4050p": 0.6937, "noise5060p": 0.3032, "noise6070p": 0.0026, "noise7080p": 0.0004, "noise8090p": 0.0, "noise90p": 0.0 }, "geometry": { "type": "MultiPolygon", "coordinates": [ [ [ [ -97.385342999722923, 32.803863000132836 ], [ -97.380445999719029, 32.808136999987539 ], [ -97.377864000101042, 32.810402999774489 ], [ -97.37760100008488, 32.810679000028387 ], [ -97.377514999622946, 32.813800000139096 ], [ -97.376588000051115, 32.814921000130816 ], [ -97.374970000213395, 32.813901999893893 ], [ -97.369071000301304, 32.808142999580014 ], [ -97.365563000327001, 32.804836999652082 ], [ -97.365576999589052, 32.799565000081238 ], [ -97.367127000329887, 32.799638999855418 ], [ -97.367239000108668, 32.796610000015015 ], [ -97.371875999906564, 32.796630000317954 ], [ -97.371878000171321, 32.795526999970015 ], [ -97.371880000099793, 32.794687999559102 ], [ -97.371902000430069, 32.792742999751198 ], [ -97.373036000202106, 32.793674000271416 ], [ -97.377663999908236, 32.797519999842528 ], [ -97.382272999578902, 32.801340000373258 ], [ -97.385342999722923, 32.803863000132836 ] ] ] ] } },
{ "type": "Feature", "properties": { "GEOID": "48439100601", "NAME": "Census Tract 1006.01, Tarrant County, Texas", "variable": "B01003_001", "estimate": 2337, "moe": 331, "coverage_all": 37508.7917, "coverage_na": 34873.3613, "coverage_4050": 637.8496, "coverage_5060": 1027.5096, "coverage_6070": 469.9342, "coverage_7080": 474.7726, "coverage_8090": 25.3644, "coverage_90": 0.0, "noise4050n": 39.615, "noise5060n": 63.9334, "noise6070n": 29.1929, "noise7080n": 29.3753, "noise8090n": 1.6267, "noise90n": 0.0, "noise4050p": 0.017, "noise5060p": 0.0274, "noise6070p": 0.0125, "noise7080p": 0.0127, "noise8090p": 0.0007, "noise90p": 0.0 }, "geometry": { "type": "MultiPolygon", "coordinates": [ [ [ [ -97.518920999535709, 32.86029499996507 ], [ -97.517855000310803, 32.860576000275536 ], [ -97.513898999983283, 32.860731999880898 ], [ -97.513283999805338, 32.863264999605057 ], [ -97.513202999959375, 32.867540999901614 ], [ -97.512783999847812, 32.86756500040034 ], [ -97.512702999990566, 32.867569999605379 ], [ -97.511233000198501, 32.867285000442294 ], [ -97.50964299975783, 32.872861999851089 ], [ -97.508048999538445, 32.872724999602411 ], [ -97.504076999728696, 32.874800000099484 ], [ -97.50014200019244, 32.873034999702874 ], [ -97.497183000155204, 32.869866000235156 ], [ -97.496892000007762, 32.87000499975025 ], [ -97.495470999603626, 32.870474999715249 ], [ -97.494643999660227, 32.868683999743524 ], [ -97.493852999849778, 32.868226000423867 ], [ -97.493296000076498, 32.868217999722233 ], [ -97.491062000380865, 32.867536000206314 ], [ -97.490038999711587, 32.866819000319545 ], [ -97.488293999950372, 32.8655319995569 ], [ -97.485809999943598, 32.86506500031075 ], [ -97.475988000421381, 32.86423600015177 ], [ -97.469594000170233, 32.864066000280637 ], [ -97.467218999647685, 32.862385999982038 ], [ -97.46923600046793, 32.860998999670038 ], [ -97.472677000086392, 32.860649000212447 ], [ -97.47330899972313, 32.858781000359492 ], [ -97.475921999676288, 32.858806999753412 ], [ -97.478503999469325, 32.856530000336065 ], [ -97.476364000018862, 32.850011999625629 ], [ -97.475633999776321, 32.848976000042782 ], [ -97.473425999932019, 32.848165999599964 ], [ -97.471373000416179, 32.845277999910223 ], [ -97.469604999847093, 32.844143999562178 ], [ -97.467606999880985, 32.843674000156803 ], [ -97.464083999682799, 32.842238999936406 ], [ -97.462713999562752, 32.840436999600598 ], [ -97.461851999521357, 32.837058000210156 ], [ -97.461428000025293, 32.832624999930047 ], [ -97.459621999772111, 32.829732000417025 ], [ -97.456305999832495, 32.828709999605813 ], [ -97.449655000148525, 32.829360999555234 ], [ -97.446744000370629, 32.828698999706006 ], [ -97.44411400007229, 32.825158000298138 ], [ -97.442533999812852, 32.824530999797794 ], [ -97.442273999482509, 32.824364000010391 ], [ -97.442128000228237, 32.823597000411624 ], [ -97.44195900026736, 32.823396000303873 ], [ -97.442107999508139, 32.823292999581511 ], [ -97.442243999525431, 32.823094999872048 ], [ -97.44296999979376, 32.821861999647432 ], [ -97.44384099982237, 32.8203749997271 ], [ -97.444804999557661, 32.819802000085559 ], [ -97.443939999829453, 32.819167999637422 ], [ -97.444369999758081, 32.81873899998353 ], [ -97.443486999505637, 32.817781000414286 ], [ -97.444061999550939, 32.817599000406439 ], [ -97.443839999604492, 32.817273999583882 ], [ -97.443122999830607, 32.816366999757292 ], [ -97.44261899948107, 32.8165539998868 ], [ -97.442252999531107, 32.815892999706804 ], [ -97.442171999973937, 32.815676000391228 ], [ -97.443754999766142, 32.815615000290485 ], [ -97.444035999810737, 32.815756999857136 ], [ -97.447188000019835, 32.817663999736418 ], [ -97.448103999587588, 32.8152410000449 ], [ -97.4485019999739, 32.814749000284159 ], [ -97.450295999990828, 32.81447300015698 ], [ -97.450135000351921, 32.813679000351193 ], [ -97.448781000448307, 32.810423999931864 ], [ -97.446399999552, 32.809558000231895 ], [ -97.445543999685796, 32.808049999871493 ], [ -97.446523000080219, 32.807813999613494 ], [ -97.446594000471151, 32.807816999836582 ], [ -97.446913000261347, 32.807781000109856 ], [ -97.44764399949409, 32.808348000425283 ], [ -97.451622000019881, 32.805136999845629 ], [ -97.45170199961828, 32.79842600026754 ], [ -97.446958000438883, 32.798533999774548 ], [ -97.442138999896315, 32.798495000129591 ], [ -97.441880999516641, 32.798566999803391 ], [ -97.441155000107059, 32.798764000284336 ], [ -97.440786999807344, 32.798281999578478 ], [ -97.440605999964404, 32.798046000402223 ], [ -97.449499000050764, 32.796141999664108 ], [ -97.453281999612315, 32.793796000005834 ], [ -97.457867000087163, 32.790221999666585 ], [ -97.463493999932453, 32.785900999584314 ], [ -97.463489999592852, 32.785413999842412 ], [ -97.46483300020482, 32.784296999570302 ], [ -97.464928000167205, 32.78421399966853 ], [ -97.467165999558247, 32.781575000027225 ], [ -97.469588000259336, 32.780506999852854 ], [ -97.470445999715523, 32.779951000189598 ], [ -97.472795999961861, 32.777246999622314 ], [ -97.474279999644423, 32.774334999978073 ], [ -97.474765999764927, 32.77433799982083 ], [ -97.48562199995375, 32.774430999752077 ], [ -97.486856999516704, 32.774875000056653 ], [ -97.486849000198859, 32.778759999967022 ], [ -97.486776000217873, 32.783644999644061 ], [ -97.486843000172101, 32.786464999745917 ], [ -97.489525000282924, 32.787955999600086 ], [ -97.492775999683928, 32.792679000432884 ], [ -97.493788000265269, 32.794001000069585 ], [ -97.493868000489243, 32.795294999607343 ], [ -97.493834000162636, 32.798164000062563 ], [ -97.496300999775855, 32.800967000418389 ], [ -97.50048499985094, 32.801405999681634 ], [ -97.500767999981647, 32.802863000323555 ], [ -97.500810000417232, 32.805048000189167 ], [ -97.500780999559183, 32.807266999891084 ], [ -97.501001000283694, 32.816253999975523 ], [ -97.500791000324895, 32.816261000138979 ], [ -97.492361999593442, 32.816261000169774 ], [ -97.487545999637945, 32.815991999722918 ], [ -97.484470000196467, 32.816477999828372 ], [ -97.480011000093612, 32.8160890000282 ], [ -97.477645000173808, 32.817186000078415 ], [ -97.475386000158849, 32.816102999881373 ], [ -97.473909999746041, 32.816112000442999 ], [ -97.473361000312124, 32.816299000124765 ], [ -97.473050000316988, 32.815788000373963 ], [ -97.472866999839724, 32.815484999789454 ], [ -97.471837999616227, 32.81575699963841 ], [ -97.471643999727362, 32.817647999656444 ], [ -97.470147999597771, 32.818309999649522 ], [ -97.470006000519803, 32.819372999636649 ], [ -97.469319999962281, 32.821726999601246 ], [ -97.472965999544044, 32.823135000248996 ], [ -97.478723000307127, 32.825359000421194 ], [ -97.480060000008976, 32.826394000176855 ], [ -97.484159000169853, 32.83022600038192 ], [ -97.491809999851597, 32.8379969998782 ], [ -97.504125999636756, 32.849568999817649 ], [ -97.508075000049857, 32.852770999611806 ], [ -97.513057000384705, 32.856037000206143 ], [ -97.519222000316972, 32.859985999933016 ], [ -97.518920999535709, 32.86029499996507 ] ] ] ] } },
{ "type": "Feature", "properties": { "GEOID": "48439100602", "NAME": "Census Tract 1006.02, Tarrant County, Texas", "variable": "B01003_001", "estimate": 4411, "moe": 641, "coverage_all": 17979.653, "coverage_na": 17302.5339, "coverage_4050": 288.0845, "coverage_5060": 309.909, "coverage_6070": 64.6954, "coverage_7080": 13.7945, "coverage_8090": 0.6356, "coverage_90": 0.0, "noise4050n": 62.2942, "noise5060n": 40.7548, "noise6070n": 14.2106, "noise7080n": 1.574, "noise8090n": 0.0725, "noise90n": 0.0, "noise4050p": 0.016, "noise5060p": 0.0172, "noise6070p": 0.0036, "noise7080p": 0.0008, "noise8090p": 0.0, "noise90p": 0.0 }, "geometry": { "type": "MultiPolygon", "coordinates": [ [ [ [ -97.467425000374377, 32.778599000282284 ], [ -97.467070999894915, 32.779974000127105 ], [ -97.467165999558247, 32.781575000027225 ], [ -97.464928000167205, 32.78421399966853 ], [ -97.46483300020482, 32.784296999570302 ], [ -97.463489999592852, 32.785413999842412 ], [ -97.463493999932453, 32.785900999584314 ], [ -97.457867000087163, 32.790221999666585 ], [ -97.453281999612315, 32.793796000005834 ], [ -97.449499000050764, 32.796141999664108 ], [ -97.440605999964404, 32.798046000402223 ], [ -97.439615999820617, 32.797009000400983 ], [ -97.439434000335496, 32.796926000117018 ], [ -97.438726999575877, 32.79653799989665 ], [ -97.438405999891856, 32.796345000289243 ], [ -97.438200000093289, 32.796162000001459 ], [ -97.437993000420235, 32.79583399963326 ], [ -97.437593999525987, 32.795133000009955 ], [ -97.435768000261163, 32.795583000099597 ], [ -97.434226000401281, 32.79418599962505 ], [ -97.43070699998917, 32.794680000357239 ], [ -97.429219000026563, 32.793998999765925 ], [ -97.427052999711819, 32.795516000385518 ], [ -97.425222999568589, 32.79557799985097 ], [ -97.42374399954214, 32.797666000375493 ], [ -97.422588999667894, 32.797662000302687 ], [ -97.420821999503204, 32.798398999810672 ], [ -97.420589000277403, 32.798385000382183 ], [ -97.421148999693685, 32.795143000100445 ], [ -97.420161999742248, 32.796610999580544 ], [ -97.416503000199597, 32.797435000358639 ], [ -97.413895999820568, 32.797415000373739 ], [ -97.412076000003523, 32.79937299996493 ], [ -97.411935000289731, 32.797415999571307 ], [ -97.407879999645189, 32.796506999678286 ], [ -97.407066999526506, 32.796146000279904 ], [ -97.405580999911521, 32.793305000350067 ], [ -97.404959999875388, 32.792895999585582 ], [ -97.405280999509884, 32.792654999652761 ], [ -97.408377999608703, 32.790732000199078 ], [ -97.405542000514444, 32.789015000223095 ], [ -97.404558000075639, 32.786768000276176 ], [ -97.405065999532241, 32.78485099986959 ], [ -97.408999, 32.78119100003542 ], [ -97.412674999947427, 32.780018999816015 ], [ -97.411787000099096, 32.775916999553921 ], [ -97.411717999766154, 32.775730999820404 ], [ -97.41114999986992, 32.772987000386998 ], [ -97.407875000433933, 32.772643999648665 ], [ -97.407773999925652, 32.769918999632779 ], [ -97.407758999497133, 32.768337999953779 ], [ -97.407677999532339, 32.768340000414995 ], [ -97.407020000470752, 32.768338000081414 ], [ -97.4072190002925, 32.766671999906997 ], [ -97.407700000121977, 32.766250000092192 ], [ -97.408670000232732, 32.765387999951713 ], [ -97.409472000042086, 32.765744999772707 ], [ -97.411792000173349, 32.766612999679126 ], [ -97.413509999804603, 32.767042999904291 ], [ -97.415415000409496, 32.768054000056864 ], [ -97.416075000450022, 32.768061999583281 ], [ -97.419377999485377, 32.768104999721217 ], [ -97.427755999482201, 32.768214000175462 ], [ -97.427773000357206, 32.765626999628275 ], [ -97.435352000054948, 32.765631000131393 ], [ -97.435344999885146, 32.763426999756746 ], [ -97.439098000302991, 32.763438999728919 ], [ -97.440081999939196, 32.763428000141595 ], [ -97.440113999771128, 32.765404999611654 ], [ -97.443176000200594, 32.765444000387923 ], [ -97.445854000073439, 32.765476000089656 ], [ -97.458293000414898, 32.765555000287975 ], [ -97.460246000449288, 32.765549000211941 ], [ -97.460220999690065, 32.766412999604043 ], [ -97.4601660002822, 32.767443000210157 ], [ -97.460073000216369, 32.767694000072879 ], [ -97.45991600001669, 32.767995000107007 ], [ -97.459235000460922, 32.768673000032948 ], [ -97.456754000215867, 32.770342999781676 ], [ -97.455815999988189, 32.770972000229939 ], [ -97.454687000405073, 32.771745999680284 ], [ -97.453441999958756, 32.775806999812268 ], [ -97.454899000063293, 32.775815000111557 ], [ -97.460261999991246, 32.7758320001724 ], [ -97.461760000499979, 32.775837000329091 ], [ -97.461746000023822, 32.777465999619153 ], [ -97.462721000310722, 32.779195999977254 ], [ -97.463305999696942, 32.778771000097016 ], [ -97.465107999872416, 32.778193000337978 ], [ -97.465766999526835, 32.778377000234478 ], [ -97.467135000036521, 32.778297000174724 ], [ -97.467425000374377, 32.778599000282284 ] ] ] ] } },
{ "type": "Feature", "properties": { "GEOID": "48439100700", "NAME": "Census Tract 1007, Tarrant County, Texas", "variable": "B01003_001", "estimate": 5675, "moe": 1096, "coverage_all": 6126.9302, "coverage_na": 2974.1466, "coverage_4050": 2311.1318, "coverage_5060": 711.1788, "coverage_6070": 129.998, "coverage_7080": 0.475, "coverage_8090": 0.0, "coverage_90": 0.0, "noise4050n": 1532.0062, "noise5060n": 439.8622, "noise6070n": 142.0613, "noise7080n": 0.1942, "noise8090n": 0.0, "noise90n": 0.0, "noise4050p": 0.3772, "noise5060p": 0.1161, "noise6070p": 0.0212, "noise7080p": 0.0001, "noise8090p": 0.0, "noise90p": 0.0 }, "geometry": { "type": "MultiPolygon", "coordinates": [ [ [ [ -97.407700000121977, 32.766250000092192 ], [ -97.4072640001704, 32.765989999651865 ], [ -97.404009999737625, 32.764511999996749 ], [ -97.399836999802318, 32.763900000419788 ], [ -97.394233000479772, 32.763891999979776 ], [ -97.394233000004476, 32.763427000152966 ], [ -97.394542999895066, 32.76343499964289 ], [ -97.39455400046694, 32.761168000134809 ], [ -97.393381999526071, 32.761172999665384 ], [ -97.39145800028264, 32.761248999824303 ], [ -97.390732000181799, 32.767239999891821 ], [ -97.389857000181053, 32.769677999641601 ], [ -97.388780999748803, 32.769670999805911 ], [ -97.387729000208637, 32.769666000181651 ], [ -97.386150000030526, 32.769647000338082 ], [ -97.38603599964118, 32.771506000366443 ], [ -97.387385999834763, 32.771590999937246 ], [ -97.389709000304862, 32.7717040004312 ], [ -97.38966300027468, 32.775100000345368 ], [ -97.389661000386326, 32.775232999594841 ], [ -97.388792000497901, 32.775217000271454 ], [ -97.389655000538895, 32.775641000212609 ], [ -97.389642999545472, 32.777016000081872 ], [ -97.386493000061762, 32.777001999704233 ], [ -97.386919000265991, 32.780163000326418 ], [ -97.387632000253902, 32.780156000416703 ], [ -97.387631999655127, 32.78019900006263 ], [ -97.388096999553383, 32.780201999643033 ], [ -97.390239000398012, 32.780778999807112 ], [ -97.386016000343986, 32.78385599965921 ], [ -97.383560000399214, 32.785625999566058 ], [ -97.383463000262964, 32.785540000141189 ], [ -97.381991999872938, 32.784437999670175 ], [ -97.375517999740552, 32.782390000112279 ], [ -97.374182999702356, 32.781974000257549 ], [ -97.372997999956795, 32.781597999868204 ], [ -97.372755000480964, 32.781495000023178 ], [ -97.372452000494619, 32.781332000080575 ], [ -97.371781999484995, 32.780938000415304 ], [ -97.370641000525907, 32.779949000085601 ], [ -97.367423999541998, 32.775597999637682 ], [ -97.366467000424223, 32.774539999711884 ], [ -97.356731999709041, 32.768654999580491 ], [ -97.352984000421145, 32.766488000181894 ], [ -97.351492000345004, 32.765254000006387 ], [ -97.351300000369278, 32.765106000126693 ], [ -97.35925800046958, 32.763961999704492 ], [ -97.360912999959723, 32.763957999961612 ], [ -97.367926000243088, 32.765872999854921 ], [ -97.368803000201368, 32.766763999975062 ], [ -97.3691519994657, 32.7715269996378 ], [ -97.372350999655566, 32.774572000385426 ], [ -97.37271600002515, 32.774861000410233 ], [ -97.373703999923436, 32.77563000003439 ], [ -97.376142000024373, 32.776138999687063 ], [ -97.380318000410526, 32.774234000318849 ], [ -97.380568000132769, 32.772971999764223 ], [ -97.379159999949593, 32.770826000419653 ], [ -97.378500999801958, 32.767887999711704 ], [ -97.379300999856241, 32.765313000000241 ], [ -97.383272000376238, 32.761718999605442 ], [ -97.38432599965293, 32.760926999792595 ], [ -97.386212000019569, 32.760144999815722 ], [ -97.389725000390271, 32.759517999969013 ], [ -97.390996999802894, 32.758995999805506 ], [ -97.393343999729908, 32.757623000417148 ], [ -97.395125999586597, 32.753191000010034 ], [ -97.39633299973201, 32.752287999799471 ], [ -97.399477999975971, 32.751983999583764 ], [ -97.40073600006771, 32.752839999882262 ], [ -97.404421000405648, 32.75769200036536 ], [ -97.404530000462557, 32.760223000338193 ], [ -97.405834999583263, 32.763705000359096 ], [ -97.408670000232732, 32.765387999951713 ], [ -97.407700000121977, 32.766250000092192 ] ] ] ] } },
{ "type": "Feature", "properties": { "GEOID": "48439100800", "NAME": "Census Tract 1008, Tarrant County, Texas", "variable": "B01003_001", "estimate": 5778, "moe": 752, "coverage_all": 2950.4487, "coverage_na": 0.0, "coverage_4050": 243.4511, "coverage_5060": 2523.0207, "coverage_6070": 165.6448, "coverage_7080": 17.4576, "coverage_8090": 0.8744, "coverage_90": 0.0, "noise4050n": 532.0487, "noise5060n": 4950.9221, "noise6070n": 265.1967, "noise7080n": 28.5242, "noise8090n": 1.3082, "noise90n": 0.0, "noise4050p": 0.0825, "noise5060p": 0.8551, "noise6070p": 0.0561, "noise7080p": 0.0059, "noise8090p": 0.0003, "noise90p": 0.0 }, "geometry": { "type": "MultiPolygon", "coordinates": [ [ [ [ -97.36868999999912, 32.782676000417666 ], [ -97.36854000019855, 32.782772999812018 ], [ -97.363785999744522, 32.782871000334602 ], [ -97.362607999488503, 32.782870999717424 ], [ -97.359072999777283, 32.782856999794419 ], [ -97.356577000250624, 32.782838000150207 ], [ -97.355367000401088, 32.782825999678558 ], [ -97.355377999818643, 32.781477999933578 ], [ -97.355080000497011, 32.781030000026476 ], [ -97.355419000405391, 32.780043000289631 ], [ -97.353544999697235, 32.778083999580858 ], [ -97.350843000382412, 32.775246000396216 ], [ -97.348508000041974, 32.774441000294125 ], [ -97.346912999854609, 32.772757000369261 ], [ -97.343581000507399, 32.772969999869574 ], [ -97.344147000077072, 32.767606000162097 ], [ -97.344924000260377, 32.765945000429703 ], [ -97.344996999864662, 32.765798999683867 ], [ -97.345574000231025, 32.766025999766285 ], [ -97.351300000369278, 32.765106000126693 ], [ -97.351492000345004, 32.765254000006387 ], [ -97.352984000421145, 32.766488000181894 ], [ -97.356731999709041, 32.768654999580491 ], [ -97.366467000424223, 32.774539999711884 ], [ -97.367423999541998, 32.775597999637682 ], [ -97.370641000525907, 32.779949000085601 ], [ -97.36868999999912, 32.782676000417666 ] ] ] ] } },
{ "type": "Feature", "properties": { "GEOID": "48439100900", "NAME": "Census Tract 1009, Tarrant County, Texas", "variable": "B01003_001", "estimate": 2077, "moe": 498, "coverage_all": 1762.1348, "coverage_na": 0.0, "coverage_4050": 0.0, "coverage_5060": 1581.7491, "coverage_6070": 165.6791, "coverage_7080": 12.7066, "coverage_8090": 2.0, "coverage_90": 0.0, "noise4050n": 0.0, "noise5060n": 1864.3823, "noise6070n": 195.2832, "noise7080n": 14.9771, "noise8090n": 2.3574, "noise90n": 0.0, "noise4050p": 0.0, "noise5060p": 0.8976, "noise6070p": 0.094, "noise7080p": 0.0072, "noise8090p": 0.0011, "noise90p": 0.0 }, "geometry": { "type": "MultiPolygon", "coordinates": [ [ [ [ -97.355080000497011, 32.781030000026476 ], [ -97.355377999818643, 32.781477999933578 ], [ -97.355367000401088, 32.782825999678558 ], [ -97.354153000297558, 32.782808000037598 ], [ -97.354077000248367, 32.786280999612096 ], [ -97.35286999998722, 32.786276999748935 ], [ -97.349159999636314, 32.786276999693911 ], [ -97.349163999763249, 32.78572400014432 ], [ -97.345385000125589, 32.785778000266554 ], [ -97.34497899984575, 32.784958000240259 ], [ -97.341630000372533, 32.784052999584681 ], [ -97.340558999615268, 32.783917999775895 ], [ -97.337753999906994, 32.78423200031461 ], [ -97.339799000512045, 32.781810000224709 ], [ -97.340523000134056, 32.778264000315339 ], [ -97.342770000042194, 32.77787600009988 ], [ -97.342984999813254, 32.775788000099482 ], [ -97.342878000046113, 32.775154000086545 ], [ -97.341086000380827, 32.772429000197064 ], [ -97.342592999660411, 32.771719999688358 ], [ -97.343581000507399, 32.772969999869574 ], [ -97.346912999854609, 32.772757000369261 ], [ -97.348508000041974, 32.774441000294125 ], [ -97.350843000382412, 32.775246000396216 ], [ -97.353544999697235, 32.778083999580858 ], [ -97.355419000405391, 32.780043000289631 ], [ -97.355080000497011, 32.781030000026476 ] ] ] ] } },
{ "type": "Feature", "properties": { "GEOID": "48439101201", "NAME": "Census Tract 1012.01, Tarrant County, Texas", "variable": "B01003_001", "estimate": 2218, "moe": 426, "coverage_all": 19616.4388, "coverage_na": 5239.3431, "coverage_4050": 8657.9194, "coverage_5060": 4438.7218, "coverage_6070": 996.9515, "coverage_7080": 243.3265, "coverage_8090": 37.2396, "coverage_90": 2.9369, "noise4050n": 978.9374, "noise5060n": 501.8793, "noise6070n": 112.7237, "noise7080n": 27.5125, "noise8090n": 4.2106, "noise90n": 0.3321, "noise4050p": 0.4414, "noise5060p": 0.2263, "noise6070p": 0.0508, "noise7080p": 0.0124, "noise8090p": 0.0019, "noise90p": 0.0001 }, "geometry": { "type": "MultiPolygon", "coordinates": [ [ [ [ -97.290644999869997, 32.780969999850214 ], [ -97.289542000501555, 32.781788000366248 ], [ -97.289305000311188, 32.781789999838693 ], [ -97.287431000509201, 32.781809000101028 ], [ -97.287456000480518, 32.779600999727563 ], [ -97.286017999524802, 32.779586999968757 ], [ -97.284132999939871, 32.779572999784406 ], [ -97.278921999941559, 32.779590999642927 ], [ -97.278204000477814, 32.779610000115483 ], [ -97.277665999788425, 32.779625000274265 ], [ -97.277012000499511, 32.779642000184133 ], [ -97.273217999910017, 32.779596999931471 ], [ -97.27320400039612, 32.780439999790019 ], [ -97.268314999951272, 32.780438999696663 ], [ -97.256676999773234, 32.780419999682785 ], [ -97.256683999730896, 32.783726999745603 ], [ -97.250683000346029, 32.78366300005024 ], [ -97.250663999485539, 32.784170999603262 ], [ -97.250544000488375, 32.787557999849184 ], [ -97.249428000288674, 32.787581000380889 ], [ -97.24576900035666, 32.787618000359672 ], [ -97.243184999796739, 32.787005000300653 ], [ -97.243184000178871, 32.787671999942042 ], [ -97.243180999550233, 32.791106000052196 ], [ -97.236276999740397, 32.794055000162871 ], [ -97.235919000434677, 32.794217999849621 ], [ -97.221198999999331, 32.80045199996264 ], [ -97.212397999650406, 32.804207999896484 ], [ -97.212165999990219, 32.804304999710872 ], [ -97.212307000031913, 32.79790099983974 ], [ -97.212407000072645, 32.79442799997102 ], [ -97.212417000050777, 32.794175999849251 ], [ -97.212732000178192, 32.781336999775093 ], [ -97.212768999893854, 32.778328999894541 ], [ -97.216746000223523, 32.778022000373014 ], [ -97.221254999951867, 32.776987000194339 ], [ -97.224959000099815, 32.77682899997351 ], [ -97.225861000261034, 32.776713000064589 ], [ -97.230844999889143, 32.775291999840121 ], [ -97.232687999782712, 32.774785999700832 ], [ -97.233857000217441, 32.774140000395569 ], [ -97.240533000172206, 32.770308000225334 ], [ -97.242831999974854, 32.770165000171644 ], [ -97.244638999511139, 32.770268999757285 ], [ -97.246490000338184, 32.770552999967812 ], [ -97.252681000186371, 32.77111600026349 ], [ -97.254121000528514, 32.770788999983147 ], [ -97.255372999848476, 32.769980999751056 ], [ -97.257425999889477, 32.767801999917062 ], [ -97.257928999478125, 32.767397999976268 ], [ -97.258814999778068, 32.766925000449746 ], [ -97.25990699946631, 32.762899999955394 ], [ -97.261771999916121, 32.760142999988197 ], [ -97.261696999485238, 32.758088999667265 ], [ -97.263339999536072, 32.757741000126217 ], [ -97.265548000327428, 32.756860999807998 ], [ -97.274319999884185, 32.752128000062726 ], [ -97.277475999699149, 32.750937000402502 ], [ -97.279586000162013, 32.750438999951001 ], [ -97.289432999984086, 32.749685000407368 ], [ -97.289382000288981, 32.754013000368396 ], [ -97.288297999845867, 32.756480000093013 ], [ -97.287809999726051, 32.757618000163369 ], [ -97.287661999550409, 32.765250999876244 ], [ -97.287442999648533, 32.771048000228895 ], [ -97.287410000542536, 32.773911000386306 ], [ -97.287847999993247, 32.774852999801304 ], [ -97.288112999817471, 32.775263000279949 ], [ -97.290646000386985, 32.779094000176883 ], [ -97.290644999869997, 32.780969999850214 ] ] ] ] } },
{ "type": "Feature", "properties": { "GEOID": "48439101202", "NAME": "Census Tract 1012.02, Tarrant County, Texas", "variable": "B01003_001", "estimate": 5639, "moe": 1211, "coverage_all": 6130.5653, "coverage_na": 0.0, "coverage_4050": 1000.0, "coverage_5060": 4384.0097, "coverage_6070": 519.6148, "coverage_7080": 203.1853, "coverage_8090": 19.7556, "coverage_90": 4.0, "noise4050n": 1194.5254, "noise5060n": 3753.3386, "noise6070n": 452.1505, "noise7080n": 218.919, "noise8090n": 17.2629, "noise90n": 2.8037, "noise4050p": 0.1631, "noise5060p": 0.7151, "noise6070p": 0.0848, "noise7080p": 0.0331, "noise8090p": 0.0032, "noise90p": 0.0007 }, "geometry": { "type": "MultiPolygon", "coordinates": [ [ [ [ -97.312796000486756, 32.773008999927349 ], [ -97.3087610002395, 32.773152000438287 ], [ -97.303035000017346, 32.773101999800097 ], [ -97.301640000309334, 32.773146999554243 ], [ -97.301549999585305, 32.780969999887319 ], [ -97.299138000348549, 32.780904000248661 ], [ -97.290644999869997, 32.780969999850214 ], [ -97.290646000386985, 32.779094000176883 ], [ -97.288112999817471, 32.775263000279949 ], [ -97.287847999993247, 32.774852999801304 ], [ -97.287410000542536, 32.773911000386306 ], [ -97.287442999648533, 32.771048000228895 ], [ -97.287661999550409, 32.765250999876244 ], [ -97.287809999726051, 32.757618000163369 ], [ -97.288297999845867, 32.756480000093013 ], [ -97.289382000288981, 32.754013000368396 ], [ -97.289432999984086, 32.749685000407368 ], [ -97.294598000154707, 32.749307999963492 ], [ -97.303198000230523, 32.748557000301055 ], [ -97.303270000067442, 32.753762000406596 ], [ -97.301771999804771, 32.757876999999489 ], [ -97.302027000298907, 32.762237999707182 ], [ -97.304066999705697, 32.762261999568018 ], [ -97.305251999761083, 32.762258999951527 ], [ -97.306432999514655, 32.762271000259723 ], [ -97.30896200008911, 32.762298000052134 ], [ -97.308960000294746, 32.763292000270688 ], [ -97.308956999640699, 32.765273000260187 ], [ -97.310102999871418, 32.765416999689478 ], [ -97.311024999587076, 32.767222999945353 ], [ -97.312108000197497, 32.768078000351551 ], [ -97.310784000012106, 32.768709999558439 ], [ -97.311435000476649, 32.77072900010041 ], [ -97.311558999593814, 32.770998000181059 ], [ -97.311833999500521, 32.771378000294959 ], [ -97.312796000486756, 32.773008999927349 ] ] ] ] } },
{ "type": "Feature", "properties": { "GEOID": "48439101301", "NAME": "Census Tract 1013.01, Tarrant County, Texas", "variable": "B01003_001", "estimate": 4887, "moe": 508, "coverage_all": 3675.6235, "coverage_na": 3056.4313, "coverage_4050": 250.6552, "coverage_5060": 259.4535, "coverage_6070": 59.3127, "coverage_7080": 44.7708, "coverage_8090": 5.0, "coverage_90": 0.0, "noise4050n": 345.0171, "noise5060n": 356.4858, "noise6070n": 85.5163, "noise7080n": 60.4895, "noise8090n": 6.7108, "noise90n": 0.0, "noise4050p": 0.0682, "noise5060p": 0.0706, "noise6070p": 0.0161, "noise7080p": 0.0122, "noise8090p": 0.0014, "noise90p": 0.0 }, "geometry": { "type": "MultiPolygon", "coordinates": [ [ [ [ -97.234381000370391, 32.746065999554368 ], [ -97.233584000141917, 32.746076000097538 ], [ -97.230262000194841, 32.746098999745122 ], [ -97.227871000473186, 32.746096000283295 ], [ -97.226706000409138, 32.746085999961707 ], [ -97.226068000124314, 32.746080000343234 ], [ -97.225491000528152, 32.74607600000418 ], [ -97.22427399972473, 32.746069999687265 ], [ -97.222325000236623, 32.746067999941168 ], [ -97.216318999647584, 32.746130000208929 ], [ -97.208015000286309, 32.745936000288445 ], [ -97.204680999566619, 32.745873000097312 ], [ -97.198789999464424, 32.745758000005395 ], [ -97.19879300045389, 32.736623999709188 ], [ -97.198788999944284, 32.736355000161943 ], [ -97.207483999488701, 32.736432000338446 ], [ -97.213962000419215, 32.736511000201524 ], [ -97.219048000464213, 32.737608999858281 ], [ -97.224941999483178, 32.73773800018504 ], [ -97.225212999459202, 32.737770999642052 ], [ -97.231990999780024, 32.737751999791257 ], [ -97.232453000014928, 32.737461999818308 ], [ -97.234450999974712, 32.73818499991382 ], [ -97.234381000370391, 32.746065999554368 ] ] ] ] } },
{ "type": "Feature", "properties": { "GEOID": "48439101302", "NAME": "Census Tract 1013.02, Tarrant County, Texas", "variable": "B01003_001", "estimate": 3113, "moe": 543, "coverage_all": 5512.6917, "coverage_na": 1948.4917, "coverage_4050": 1763.9181, "coverage_5060": 1095.5856, "coverage_6070": 529.5504, "coverage_7080": 156.0661, "coverage_8090": 19.078, "coverage_90": 0.0017, "noise4050n": 1143.1895, "noise5060n": 646.2094, "noise6070n": 271.374, "noise7080n": 74.7335, "noise8090n": 9.1722, "noise90n": 0.0007, "noise4050p": 0.32, "noise5060p": 0.1987, "noise6070p": 0.0961, "noise7080p": 0.0283, "noise8090p": 0.0035, "noise90p": 3.1344e-07 }, "geometry": { "type": "MultiPolygon", "coordinates": [ [ [ [ -97.236428999950576, 32.737885999868681 ], [ -97.234450999974712, 32.73818499991382 ], [ -97.232453000014928, 32.737461999818308 ], [ -97.231990999780024, 32.737751999791257 ], [ -97.225212999459202, 32.737770999642052 ], [ -97.224941999483178, 32.73773800018504 ], [ -97.219048000464213, 32.737608999858281 ], [ -97.213962000419215, 32.736511000201524 ], [ -97.207483999488701, 32.736432000338446 ], [ -97.198788999944284, 32.736355000161943 ], [ -97.198841000250596, 32.728671999844913 ], [ -97.198810000095563, 32.728324000200629 ], [ -97.200725999965471, 32.727922999613796 ], [ -97.200832000407374, 32.727915999719698 ], [ -97.207727999984584, 32.727852999612551 ], [ -97.207748000369264, 32.725112000335251 ], [ -97.209104999637034, 32.726180000237747 ], [ -97.20827799964178, 32.723897999936874 ], [ -97.210030000320543, 32.721600999967059 ], [ -97.202709999846277, 32.713348000286288 ], [ -97.20883000008088, 32.713174000249204 ], [ -97.211055999588311, 32.717333999679781 ], [ -97.213278999520654, 32.718597000132306 ], [ -97.21317899947833, 32.718689000401575 ], [ -97.214429999785168, 32.71901400008344 ], [ -97.217086000089466, 32.719482000432031 ], [ -97.224966999635456, 32.71950200006647 ], [ -97.225515999685058, 32.719675000403214 ], [ -97.225385000154716, 32.720457000059099 ], [ -97.225333000226797, 32.724650999798591 ], [ -97.225293000218812, 32.729435999930267 ], [ -97.225245000346575, 32.732842999826417 ], [ -97.236443000110967, 32.731171999691789 ], [ -97.236428999950576, 32.737885999868681 ] ] ] ] } },
{ "type": "Feature", "properties": { "GEOID": "48439101401", "NAME": "Census Tract 1014.01, Tarrant County, Texas", "variable": "B01003_001", "estimate": 6069, "moe": 750, "coverage_all": 4323.6402, "coverage_na": 3679.9324, "coverage_4050": 250.6954, "coverage_5060": 226.8384, "coverage_6070": 116.4319, "coverage_7080": 45.368, "coverage_8090": 4.3741, "coverage_90": 0.0, "noise4050n": 385.5851, "noise5060n": 307.7879, "noise6070n": 162.1102, "noise7080n": 61.2342, "noise8090n": 5.9039, "noise90n": 0.0, "noise4050p": 0.058, "noise5060p": 0.0525, "noise6070p": 0.0269, "noise7080p": 0.0105, "noise8090p": 0.001, "noise90p": 0.0 }, "geometry": { "type": "MultiPolygon", "coordinates": [ [ [ [ -97.262639999698379, 32.745686000224765 ], [ -97.261689000367866, 32.746795999838369 ], [ -97.261672000309744, 32.757353000216696 ], [ -97.261696999485238, 32.758088999667265 ], [ -97.256988999647419, 32.758682000016933 ], [ -97.241974000165641, 32.760508999675103 ], [ -97.239944000103932, 32.760693000315079 ], [ -97.239633999538256, 32.760701999858483 ], [ -97.239612999559753, 32.760492000174395 ], [ -97.239569000408949, 32.760064000020392 ], [ -97.236895999755802, 32.756939999888367 ], [ -97.234629000448336, 32.756206000006109 ], [ -97.233031999485902, 32.754699000410056 ], [ -97.232912000238102, 32.751541999807635 ], [ -97.233547999945529, 32.748307999982131 ], [ -97.233584000141917, 32.746076000097538 ], [ -97.234381000370391, 32.746065999554368 ], [ -97.236652000085044, 32.746065999676425 ], [ -97.238123999957139, 32.746044999660732 ], [ -97.242059000480495, 32.745676999668134 ], [ -97.243609000316582, 32.745677000361134 ], [ -97.24499299993812, 32.745668000153792 ], [ -97.245242999491822, 32.745665999588489 ], [ -97.253684000178893, 32.745769000008984 ], [ -97.254052000335136, 32.745772999607205 ], [ -97.261839999860271, 32.745714000171219 ], [ -97.262639999698379, 32.745686000224765 ] ] ] ] } },
{ "type": "Feature", "properties": { "GEOID": "48439101402", "NAME": "Census Tract 1014.02, Tarrant County, Texas", "variable": "B01003_001", "estimate": 4369, "moe": 1269, "coverage_all": 2377.4231, "coverage_na": 1024.3802, "coverage_4050": 671.1279, "coverage_5060": 493.6391, "coverage_6070": 172.5957, "coverage_7080": 12.8856, "coverage_8090": 1.0, "coverage_90": 1.7946, "noise4050n": 1213.5199, "noise5060n": 866.0811, "noise6070n": 288.1852, "noise7080n": 19.5597, "noise8090n": 1.249, "noise90n": 2.832, "noise4050p": 0.2823, "noise5060p": 0.2076, "noise6070p": 0.0726, "noise7080p": 0.0054, "noise8090p": 0.0004, "noise90p": 0.0008 }, "geometry": { "type": "MultiPolygon", "coordinates": [ [ [ [ -97.270885999724342, 32.741008999580338 ], [ -97.270816000223746, 32.743949000383665 ], [ -97.267784000495737, 32.743369999546822 ], [ -97.262639999698379, 32.745686000224765 ], [ -97.261839999860271, 32.745714000171219 ], [ -97.254052000335136, 32.745772999607205 ], [ -97.253684000178893, 32.745769000008984 ], [ -97.253657999640012, 32.743501000288404 ], [ -97.253690999911328, 32.740974000062764 ], [ -97.253700999800415, 32.73467900005344 ], [ -97.253738999584414, 32.731221999827333 ], [ -97.257352000299377, 32.731225000233657 ], [ -97.259890999995037, 32.731250000010355 ], [ -97.259890999985927, 32.734371999802448 ], [ -97.261946000068633, 32.734245999739564 ], [ -97.269393999667571, 32.733828999877673 ], [ -97.27097000002712, 32.733871000146848 ], [ -97.270885999724342, 32.741008999580338 ] ] ] ] } },
{ "type": "Feature", "properties": { "GEOID": "48439101403", "NAME": "Census Tract 1014.03, Tarrant County, Texas", "variable": "B01003_001", "estimate": 5751, "moe": 757, "coverage_all": 3139.089, "coverage_na": 1414.2557, "coverage_4050": 815.1455, "coverage_5060": 633.4948, "coverage_6070": 230.2681, "coverage_7080": 39.9248, "coverage_8090": 5.0, "coverage_90": 1.0, "noise4050n": 1187.8598, "noise5060n": 875.3632, "noise6070n": 356.5294, "noise7080n": 57.404, "noise8090n": 6.5573, "noise90n": 1.1447, "noise4050p": 0.2597, "noise5060p": 0.2018, "noise6070p": 0.0734, "noise7080p": 0.0127, "noise8090p": 0.0016, "noise90p": 0.0003 }, "geometry": { "type": "MultiPolygon", "coordinates": [ [ [ [ -97.253700999800415, 32.73467900005344 ], [ -97.253690999911328, 32.740974000062764 ], [ -97.253657999640012, 32.743501000288404 ], [ -97.253684000178893, 32.745769000008984 ], [ -97.245242999491822, 32.745665999588489 ], [ -97.24499299993812, 32.745668000153792 ], [ -97.243609000316582, 32.745677000361134 ], [ -97.242059000480495, 32.745676999668134 ], [ -97.238123999957139, 32.746044999660732 ], [ -97.236652000085044, 32.746065999676425 ], [ -97.234381000370391, 32.746065999554368 ], [ -97.234450999974712, 32.73818499991382 ], [ -97.236428999950576, 32.737885999868681 ], [ -97.236443000110967, 32.731171999691789 ], [ -97.237398999941718, 32.730305000030405 ], [ -97.23939199950361, 32.73053100002727 ], [ -97.245143000489009, 32.731177999704009 ], [ -97.247932000413144, 32.731180999633239 ], [ -97.253738999584414, 32.731221999827333 ], [ -97.253700999800415, 32.73467900005344 ] ] ] ] } },
{ "type": "Feature", "properties": { "GEOID": "48439101500", "NAME": "Census Tract 1015, Tarrant County, Texas", "variable": "B01003_001", "estimate": 4671, "moe": 1128, "coverage_all": 4478.0613, "coverage_na": 1879.6408, "coverage_4050": 1209.0527, "coverage_5060": 974.0293, "coverage_6070": 307.1769, "coverage_7080": 94.1375, "coverage_8090": 14.0242, "coverage_90": 0.0, "noise4050n": 1383.5528, "noise5060n": 1236.6467, "noise6070n": 372.0816, "noise7080n": 76.2539, "noise8090n": 11.7467, "noise90n": 0.0, "noise4050p": 0.27, "noise5060p": 0.2175, "noise6070p": 0.0686, "noise7080p": 0.021, "noise8090p": 0.0031, "noise90p": 0.0 }, "geometry": { "type": "MultiPolygon", "coordinates": [ [ [ [ -97.29573399950587, 32.745685000364453 ], [ -97.294627000352605, 32.747084999789834 ], [ -97.294598000154707, 32.749307999963492 ], [ -97.289432999984086, 32.749685000407368 ], [ -97.279586000162013, 32.750438999951001 ], [ -97.277475999699149, 32.750937000402502 ], [ -97.274319999884185, 32.752128000062726 ], [ -97.265548000327428, 32.756860999807998 ], [ -97.263339999536072, 32.757741000126217 ], [ -97.261696999485238, 32.758088999667265 ], [ -97.261672000309744, 32.757353000216696 ], [ -97.261689000367866, 32.746795999838369 ], [ -97.262639999698379, 32.745686000224765 ], [ -97.267784000495737, 32.743369999546822 ], [ -97.270816000223746, 32.743949000383665 ], [ -97.270885999724342, 32.741008999580338 ], [ -97.27097000002712, 32.733871000146848 ], [ -97.27348700037146, 32.734436999645581 ], [ -97.278011000307671, 32.736678999750559 ], [ -97.28628099995035, 32.741373999969923 ], [ -97.287033000142173, 32.741687000108868 ], [ -97.296160999900266, 32.74381099995859 ], [ -97.29573399950587, 32.745685000364453 ] ] ] ] } },
{ "type": "Feature", "properties": { "GEOID": "48439101700", "NAME": "Census Tract 1017, Tarrant County, Texas", "variable": "B01003_001", "estimate": 2545, "moe": 554, "coverage_all": 3569.9154, "coverage_na": 0.0, "coverage_4050": 0.0, "coverage_5060": 2223.6104, "coverage_6070": 827.176, "coverage_7080": 439.3678, "coverage_8090": 76.5588, "coverage_90": 3.2024, "noise4050n": 0.0, "noise5060n": 1585.2164, "noise6070n": 589.6955, "noise7080n": 313.2262, "noise8090n": 54.5789, "noise90n": 2.283, "noise4050p": 0.0, "noise5060p": 0.6229, "noise6070p": 0.2317, "noise7080p": 0.1231, "noise8090p": 0.0214, "noise90p": 0.0009 }, "geometry": { "type": "MultiPolygon", "coordinates": [ [ [ [ -97.322383000390445, 32.75714699971352 ], [ -97.321122000189362, 32.757764999855517 ], [ -97.31125799953611, 32.7592450004163 ], [ -97.310907000279414, 32.759291999775044 ], [ -97.308976000301001, 32.759645000441509 ], [ -97.308980999854626, 32.761248999553466 ], [ -97.30896200008911, 32.762298000052134 ], [ -97.306432999514655, 32.762271000259723 ], [ -97.305251999761083, 32.762258999951527 ], [ -97.304066999705697, 32.762261999568018 ], [ -97.302027000298907, 32.762237999707182 ], [ -97.301771999804771, 32.757876999999489 ], [ -97.303270000067442, 32.753762000406596 ], [ -97.303198000230523, 32.748557000301055 ], [ -97.303184000152939, 32.748375999903502 ], [ -97.303169999825727, 32.747390000039651 ], [ -97.302942000176472, 32.74385100006922 ], [ -97.303051999718306, 32.743823000105607 ], [ -97.304535999512311, 32.74344300042678 ], [ -97.308410999675928, 32.742716000265617 ], [ -97.311712999619047, 32.742955999775909 ], [ -97.312011999579113, 32.743014000120723 ], [ -97.321397000069453, 32.744991999992216 ], [ -97.321259000073141, 32.74655999959775 ], [ -97.322108999791425, 32.754777999865567 ], [ -97.322332000317488, 32.756718000289261 ], [ -97.322383000390445, 32.75714699971352 ] ] ] ] } },
{ "type": "Feature", "properties": { "GEOID": "48439102000", "NAME": "Census Tract 1020, Tarrant County, Texas", "variable": "B01003_001", "estimate": 3713, "moe": 477, "coverage_all": 5759.1174, "coverage_na": 123.0, "coverage_4050": 1544.3071, "coverage_5060": 3611.9636, "coverage_6070": 410.9119, "coverage_7080": 49.9975, "coverage_8090": 17.9374, "coverage_90": 1.0, "noise4050n": 1096.0938, "noise5060n": 2224.5417, "noise6070n": 253.5777, "noise7080n": 34.4925, "noise8090n": 12.2808, "noise90n": 0.4992, "noise4050p": 0.2681, "noise5060p": 0.6272, "noise6070p": 0.0713, "noise7080p": 0.0087, "noise8090p": 0.0031, "noise90p": 0.0002 }, "geometry": { "type": "MultiPolygon", "coordinates": [ [ [ [ -97.37001300028318, 32.743986000403297 ], [ -97.369946999754816, 32.747663000237608 ], [ -97.362061000524051, 32.750958999610837 ], [ -97.361541999831232, 32.75112799980397 ], [ -97.361381999509291, 32.751231999840179 ], [ -97.361278000192826, 32.751231999694042 ], [ -97.361119000301471, 32.75560299984285 ], [ -97.361069000348706, 32.759149999714531 ], [ -97.360912999959723, 32.763957999961612 ], [ -97.35925800046958, 32.763961999704492 ], [ -97.351300000369278, 32.765106000126693 ], [ -97.345574000231025, 32.766025999766285 ], [ -97.344996999864662, 32.765798999683867 ], [ -97.347037000230245, 32.761791999963954 ], [ -97.342384000250973, 32.758086999834703 ], [ -97.345587000200069, 32.754558999620258 ], [ -97.346740999565341, 32.750971000417415 ], [ -97.347068000252293, 32.749999999637247 ], [ -97.349398999954374, 32.74692100042661 ], [ -97.351773999818803, 32.743606000002593 ], [ -97.356760999984033, 32.739022000326294 ], [ -97.360339000004828, 32.735000000378889 ], [ -97.359890999943531, 32.734075999913749 ], [ -97.361498999499602, 32.733595000323632 ], [ -97.364198999786481, 32.732854000000181 ], [ -97.369975999899339, 32.732608999718245 ], [ -97.369961000374772, 32.734394999742591 ], [ -97.370033000230663, 32.739786999939454 ], [ -97.37001300028318, 32.743986000403297 ] ] ] ] } },
{ "type": "Feature", "properties": { "GEOID": "48439102101", "NAME": "Census Tract 1021.01, Tarrant County, Texas", "variable": "B01003_001", "estimate": 2342, "moe": 414, "coverage_all": 1385.3848, "coverage_na": 613.3466, "coverage_4050": 642.0229, "coverage_5060": 85.48, "coverage_6070": 33.5354, "coverage_7080": 2.0, "coverage_8090": 3.0, "coverage_90": 6.0, "noise4050n": 927.5517, "noise5060n": 120.2895, "noise6070n": 50.3717, "noise7080n": 4.0062, "noise8090n": 6.0285, "noise90n": 11.5644, "noise4050p": 0.4634, "noise5060p": 0.0617, "noise6070p": 0.0242, "noise7080p": 0.0014, "noise8090p": 0.0022, "noise90p": 0.0043 }, "geometry": { "type": "MultiPolygon", "coordinates": [ [ [ [ -97.377609999993112, 32.757894000433446 ], [ -97.37735199998103, 32.75936000032555 ], [ -97.377085999812508, 32.760284000210021 ], [ -97.375897999805687, 32.75938500030562 ], [ -97.372532999909836, 32.759275000061649 ], [ -97.368039000026968, 32.759210999660546 ], [ -97.365149999527191, 32.755661999742685 ], [ -97.361381999509291, 32.751231999840179 ], [ -97.361541999831232, 32.75112799980397 ], [ -97.362061000524051, 32.750958999610837 ], [ -97.369946999754816, 32.747663000237608 ], [ -97.369881000501209, 32.751384000156477 ], [ -97.375258999879932, 32.751468000420743 ], [ -97.378397000040934, 32.751496000084842 ], [ -97.377609999993112, 32.757894000433446 ] ] ] ] } },
{ "type": "Feature", "properties": { "GEOID": "48439102102", "NAME": "Census Tract 1021.02, Tarrant County, Texas", "variable": "B01003_001", "estimate": 3057, "moe": 647, "coverage_all": 2705.478, "coverage_na": 1079.9106, "coverage_4050": 1391.8006, "coverage_5060": 150.6249, "coverage_6070": 83.1418, "coverage_7080": 0.0, "coverage_8090": 0.0, "coverage_90": 0.0, "noise4050n": 1844.8951, "noise5060n": 362.3937, "noise6070n": 96.7796, "noise7080n": 0.0, "noise8090n": 0.0, "noise90n": 0.0, "noise4050p": 0.5144, "noise5060p": 0.0557, "noise6070p": 0.0307, "noise7080p": 0.0, "noise8090p": 0.0, "noise90p": 0.0 }, "geometry": { "type": "MultiPolygon", "coordinates": [ [ [ [ -97.379300999856241, 32.765313000000241 ], [ -97.378500999801958, 32.767887999711704 ], [ -97.379159999949593, 32.770826000419653 ], [ -97.380568000132769, 32.772971999764223 ], [ -97.380318000410526, 32.774234000318849 ], [ -97.376142000024373, 32.776138999687063 ], [ -97.373703999923436, 32.77563000003439 ], [ -97.37271600002515, 32.774861000410233 ], [ -97.372350999655566, 32.774572000385426 ], [ -97.3691519994657, 32.7715269996378 ], [ -97.368803000201368, 32.766763999975062 ], [ -97.367926000243088, 32.765872999854921 ], [ -97.360912999959723, 32.763957999961612 ], [ -97.361069000348706, 32.759149999714531 ], [ -97.361119000301471, 32.75560299984285 ], [ -97.361278000192826, 32.751231999694042 ], [ -97.361381999509291, 32.751231999840179 ], [ -97.365149999527191, 32.755661999742685 ], [ -97.368039000026968, 32.759210999660546 ], [ -97.372532999909836, 32.759275000061649 ], [ -97.375897999805687, 32.75938500030562 ], [ -97.377085999812508, 32.760284000210021 ], [ -97.377262000389322, 32.761463000284436 ], [ -97.378257999868637, 32.762420000022189 ], [ -97.378572000272513, 32.762482000310435 ], [ -97.383272000376238, 32.761718999605442 ], [ -97.379300999856241, 32.765313000000241 ] ] ] ] } },
{ "type": "Feature", "properties": { "GEOID": "48439102201", "NAME": "Census Tract 1022.01, Tarrant County, Texas", "variable": "B01003_001", "estimate": 3871, "moe": 646, "coverage_all": 5027.1738, "coverage_na": 4925.6432, "coverage_4050": 35.1846, "coverage_5060": 55.1616, "coverage_6070": 11.1845, "coverage_7080": 0.0, "coverage_8090": 0.0, "coverage_90": 0.0, "noise4050n": 54.8684, "noise5060n": 104.9974, "noise6070n": 17.7941, "noise7080n": 0.0, "noise8090n": 0.0, "noise90n": 0.0, "noise4050p": 0.007, "noise5060p": 0.011, "noise6070p": 0.0022, "noise7080p": 0.0, "noise8090p": 0.0, "noise90p": 0.0 }, "geometry": { "type": "MultiPolygon", "coordinates": [ [ [ [ -97.414993000463994, 32.75285099967774 ], [ -97.40183800024694, 32.752841000237666 ], [ -97.40073600006771, 32.752839999882262 ], [ -97.399477999975971, 32.751983999583764 ], [ -97.39633299973201, 32.752287999799471 ], [ -97.395125999586597, 32.753191000010034 ], [ -97.393343999729908, 32.757623000417148 ], [ -97.390996999802894, 32.758995999805506 ], [ -97.389725000390271, 32.759517999969013 ], [ -97.386212000019569, 32.760144999815722 ], [ -97.38432599965293, 32.760926999792595 ], [ -97.383272000376238, 32.761718999605442 ], [ -97.378572000272513, 32.762482000310435 ], [ -97.378257999868637, 32.762420000022189 ], [ -97.377262000389322, 32.761463000284436 ], [ -97.377085999812508, 32.760284000210021 ], [ -97.37735199998103, 32.75936000032555 ], [ -97.377609999993112, 32.757894000433446 ], [ -97.378397000040934, 32.751496000084842 ], [ -97.375258999879932, 32.751468000420743 ], [ -97.37528500036322, 32.747786999893634 ], [ -97.37590399957692, 32.745517000351484 ], [ -97.37821800040679, 32.744188000306742 ], [ -97.378443000099736, 32.744092999664488 ], [ -97.37875199988531, 32.744213999933955 ], [ -97.381257000361316, 32.744196000210181 ], [ -97.391147000186024, 32.744304000013784 ], [ -97.396988000162025, 32.739919000003759 ], [ -97.397484000035007, 32.739730999759502 ], [ -97.398634999495897, 32.739725000030361 ], [ -97.397828000116704, 32.741100999918991 ], [ -97.398016000013882, 32.741683999655102 ], [ -97.399808999692851, 32.743007000086145 ], [ -97.40049700045698, 32.742905000327099 ], [ -97.402988000427612, 32.74536200030812 ], [ -97.404099000473749, 32.746416000255408 ], [ -97.405496999774257, 32.747467000001045 ], [ -97.407071999764909, 32.747277000393161 ], [ -97.410477999938067, 32.748410000046363 ], [ -97.411048000014361, 32.747825999950756 ], [ -97.41157899958462, 32.747042999881749 ], [ -97.412725000509752, 32.745587000256606 ], [ -97.412911999928326, 32.749585999571877 ], [ -97.414263000057787, 32.751045999577691 ], [ -97.41394599957296, 32.751238000427911 ], [ -97.414993000463994, 32.75285099967774 ] ] ] ] } },
{ "type": "Feature", "properties": { "GEOID": "48439102202", "NAME": "Census Tract 1022.02, Tarrant County, Texas", "variable": "B01003_001", "estimate": 2590, "moe": 295, "coverage_all": 2085.2206, "coverage_na": 1668.2722, "coverage_4050": 167.9243, "coverage_5060": 144.7838, "coverage_6070": 83.2167, "coverage_7080": 17.405, "coverage_8090": 3.6185, "coverage_90": 0.0, "noise4050n": 202.8746, "noise5060n": 178.8942, "noise6070n": 108.5536, "noise7080n": 21.4073, "noise8090n": 4.4506, "noise90n": 0.0, "noise4050p": 0.0805, "noise5060p": 0.0694, "noise6070p": 0.0399, "noise7080p": 0.0083, "noise8090p": 0.0017, "noise90p": 0.0 }, "geometry": { "type": "MultiPolygon", "coordinates": [ [ [ [ -97.413595999802837, 32.73485700003971 ], [ -97.413186000385139, 32.736910999604994 ], [ -97.4096529995808, 32.736878999859627 ], [ -97.409644999634693, 32.737362999936941 ], [ -97.409653999698506, 32.739699999920454 ], [ -97.404323000097094, 32.739731000050547 ], [ -97.403625000193657, 32.739454000422846 ], [ -97.403552000511084, 32.739454000013822 ], [ -97.403311000145564, 32.739653999763838 ], [ -97.401863000102253, 32.742681000323309 ], [ -97.400743999519236, 32.742595999654966 ], [ -97.40049700045698, 32.742905000327099 ], [ -97.399808999692851, 32.743007000086145 ], [ -97.398016000013882, 32.741683999655102 ], [ -97.397828000116704, 32.741100999918991 ], [ -97.398634999495897, 32.739725000030361 ], [ -97.397484000035007, 32.739730999759502 ], [ -97.396988000162025, 32.739919000003759 ], [ -97.391147000186024, 32.744304000013784 ], [ -97.381257000361316, 32.744196000210181 ], [ -97.37875199988531, 32.744213999933955 ], [ -97.378443000099736, 32.744092999664488 ], [ -97.378509999989546, 32.739617000006248 ], [ -97.378513999617823, 32.739430999803751 ], [ -97.387634999780289, 32.739534000286845 ], [ -97.387663999509343, 32.736699999603907 ], [ -97.396059999536959, 32.736774999808027 ], [ -97.39866099981117, 32.736795999918201 ], [ -97.398676000286571, 32.735252000138196 ], [ -97.40239800008986, 32.73494399976331 ], [ -97.407850000096019, 32.734989999699984 ], [ -97.409658999561941, 32.735013999667487 ], [ -97.409704000417307, 32.734344000234586 ], [ -97.413387000234863, 32.734089999758858 ], [ -97.413502999759132, 32.734430999736603 ], [ -97.413595999802837, 32.73485700003971 ] ] ] ] } },
{ "type": "Feature", "properties": { "GEOID": "48439102301", "NAME": "Census Tract 1023.01, Tarrant County, Texas", "variable": "B01003_001", "estimate": 3512, "moe": 727, "coverage_all": 4517.3838, "coverage_na": 3447.6752, "coverage_4050": 356.9212, "coverage_5060": 502.6069, "coverage_6070": 190.9325, "coverage_7080": 18.7994, "coverage_8090": 0.4485, "coverage_90": 0.0, "noise4050n": 245.9708, "noise5060n": 378.0207, "noise6070n": 157.3776, "noise7080n": 13.4074, "noise8090n": 0.3283, "noise90n": 0.0, "noise4050p": 0.079, "noise5060p": 0.1113, "noise6070p": 0.0423, "noise7080p": 0.0042, "noise8090p": 0.0001, "noise90p": 0.0 }, "geometry": { "type": "MultiPolygon", "coordinates": [ [ [ [ -97.452714000471858, 32.717259999577998 ], [ -97.450976999984832, 32.722983999878636 ], [ -97.450712999610985, 32.733994999814342 ], [ -97.450720999886414, 32.734407999973634 ], [ -97.450757999594728, 32.734840000172028 ], [ -97.451002999956486, 32.735576000192353 ], [ -97.451399000527616, 32.736184000372681 ], [ -97.451696000458611, 32.736895999631358 ], [ -97.45177800001926, 32.737758000317108 ], [ -97.451789999533304, 32.738035000054538 ], [ -97.447454000199102, 32.737912999553529 ], [ -97.440821999642139, 32.736497000179803 ], [ -97.440677999936995, 32.736465999798746 ], [ -97.439147999907775, 32.7361569999075 ], [ -97.434347999532392, 32.73548399992508 ], [ -97.42877100034778, 32.734737000111714 ], [ -97.427841000094233, 32.7346160003422 ], [ -97.425672000276933, 32.734310999603856 ], [ -97.427403000391564, 32.734300999736888 ], [ -97.427399000253416, 32.731876000354603 ], [ -97.427414000285538, 32.727241000164113 ], [ -97.427464000524012, 32.723641999896209 ], [ -97.431789999505966, 32.721800999578093 ], [ -97.432636000470751, 32.721568000147727 ], [ -97.434194000095346, 32.721396000438205 ], [ -97.435381999709278, 32.72135099975646 ], [ -97.439370000319812, 32.721700999552894 ], [ -97.441088000002196, 32.72189399989734 ], [ -97.442814999876944, 32.718892999830658 ], [ -97.444303999595647, 32.717654000266265 ], [ -97.44455400008836, 32.716474999773979 ], [ -97.448041999708693, 32.716273000151567 ], [ -97.448452000219135, 32.716277999994595 ], [ -97.452781999559107, 32.716277999903788 ], [ -97.452714000471858, 32.717259999577998 ] ] ] ] } },
{ "type": "Feature", "properties": { "GEOID": "48439102302", "NAME": "Census Tract 1023.02, Tarrant County, Texas", "variable": "B01003_001", "estimate": 5365, "moe": 745, "coverage_all": 3943.7994, "coverage_na": 2289.7817, "coverage_4050": 836.255, "coverage_5060": 547.8241, "coverage_6070": 233.9026, "coverage_7080": 31.0361, "coverage_8090": 5.0, "coverage_90": 0.0, "noise4050n": 1069.0759, "noise5060n": 560.6378, "noise6070n": 292.1554, "noise7080n": 30.8641, "noise8090n": 3.2114, "noise90n": 0.0, "noise4050p": 0.212, "noise5060p": 0.1389, "noise6070p": 0.0593, "noise7080p": 0.0079, "noise8090p": 0.0013, "noise90p": 0.0 }, "geometry": { "type": "MultiPolygon", "coordinates": [ [ [ [ -97.45721900009454, 32.690862999920718 ], [ -97.453130000308491, 32.698804000083733 ], [ -97.449616999843158, 32.705407000000733 ], [ -97.4497129994907, 32.705443000369954 ], [ -97.451248000385988, 32.706017000413944 ], [ -97.452783999879784, 32.706010999564938 ], [ -97.452785000341663, 32.706191999810692 ], [ -97.452757999976029, 32.708650999563275 ], [ -97.452746000453672, 32.713799000029809 ], [ -97.452781999559107, 32.716277999903788 ], [ -97.448452000219135, 32.716277999994595 ], [ -97.448041999708693, 32.716273000151567 ], [ -97.44455400008836, 32.716474999773979 ], [ -97.444303999595647, 32.717654000266265 ], [ -97.442814999876944, 32.718892999830658 ], [ -97.441088000002196, 32.72189399989734 ], [ -97.439370000319812, 32.721700999552894 ], [ -97.439035000193115, 32.718787999904372 ], [ -97.438403999864164, 32.709923000267572 ], [ -97.438485000135799, 32.709322000190163 ], [ -97.439227999883911, 32.705631999852976 ], [ -97.439236999630936, 32.705275000262027 ], [ -97.43674700002525, 32.700081999589706 ], [ -97.435957000368433, 32.699468999775632 ], [ -97.436215999763917, 32.699472000194312 ], [ -97.439779999944591, 32.699530999944898 ], [ -97.444102999468228, 32.697221999584301 ], [ -97.445988999872384, 32.696328000076825 ], [ -97.44695199974727, 32.695219999949067 ], [ -97.447890999610223, 32.694351000408581 ], [ -97.449019000208864, 32.69294800034541 ], [ -97.451289999476629, 32.690119000064939 ], [ -97.451967999581768, 32.689247999951704 ], [ -97.453945000163102, 32.68825699994472 ], [ -97.455172000279987, 32.687859000405588 ], [ -97.456854999829687, 32.687057999997585 ], [ -97.456852000332034, 32.689697999671168 ], [ -97.457716000439021, 32.689239000218215 ], [ -97.45721900009454, 32.690862999920718 ] ] ] ] } },
{ "type": "Feature", "properties": { "GEOID": "48439102401", "NAME": "Census Tract 1024.01, Tarrant County, Texas", "variable": "B01003_001", "estimate": 4279, "moe": 551, "coverage_all": 3490.9774, "coverage_na": 2250.6196, "coverage_4050": 677.4862, "coverage_5060": 454.9311, "coverage_6070": 105.3017, "coverage_7080": 2.6388, "coverage_8090": 0.0, "coverage_90": 0.0, "noise4050n": 906.7282, "noise5060n": 635.2819, "noise6070n": 164.4973, "noise7080n": 4.6653, "noise8090n": 0.0, "noise90n": 0.0, "noise4050p": 0.1941, "noise5060p": 0.1303, "noise6070p": 0.0302, "noise7080p": 0.0008, "noise8090p": 0.0, "noise90p": 0.0 }, "geometry": { "type": "MultiPolygon", "coordinates": [ [ [ [ -97.427414000285538, 32.727241000164113 ], [ -97.427399000253416, 32.731876000354603 ], [ -97.427403000391564, 32.734300999736888 ], [ -97.425672000276933, 32.734310999603856 ], [ -97.42415799972342, 32.734326000017703 ], [ -97.420979000010647, 32.734336000049126 ], [ -97.41614400043936, 32.734271000427071 ], [ -97.413387000234863, 32.734089999758858 ], [ -97.413415999942146, 32.730302999649361 ], [ -97.413409000534841, 32.729518000262736 ], [ -97.413535999924491, 32.71769399961029 ], [ -97.413006999953112, 32.716793999980368 ], [ -97.409939999694416, 32.716949000157157 ], [ -97.408071999826063, 32.717857999803613 ], [ -97.408160999549239, 32.711454000360646 ], [ -97.411705000278459, 32.710380000213213 ], [ -97.412741999633681, 32.710008999816594 ], [ -97.416168999696453, 32.708806999946745 ], [ -97.41668500013715, 32.710524000156269 ], [ -97.420748000333319, 32.711202000226855 ], [ -97.421387000506414, 32.712177999986658 ], [ -97.42124600038828, 32.713613999835829 ], [ -97.422884999845735, 32.716599000372526 ], [ -97.423256000500089, 32.721370000422361 ], [ -97.424716999482044, 32.724775999662889 ], [ -97.427464000524012, 32.723641999896209 ], [ -97.427414000285538, 32.727241000164113 ] ] ] ] } },
{ "type": "Feature", "properties": { "GEOID": "48439102402", "NAME": "Census Tract 1024.02, Tarrant County, Texas", "variable": "B01003_001", "estimate": 4347, "moe": 492, "coverage_all": 4175.7891, "coverage_na": 2579.4843, "coverage_4050": 981.5165, "coverage_5060": 477.3636, "coverage_6070": 128.6109, "coverage_7080": 8.8138, "coverage_8090": 0.0, "coverage_90": 0.0, "noise4050n": 1178.3373, "noise5060n": 574.6285, "noise6070n": 146.6839, "noise7080n": 12.8266, "noise8090n": 0.0, "noise90n": 0.0, "noise4050p": 0.235, "noise5060p": 0.1143, "noise6070p": 0.0308, "noise7080p": 0.0021, "noise8090p": 0.0, "noise90p": 0.0 }, "geometry": { "type": "MultiPolygon", "coordinates": [ [ [ [ -97.439370000319812, 32.721700999552894 ], [ -97.435381999709278, 32.72135099975646 ], [ -97.434194000095346, 32.721396000438205 ], [ -97.432636000470751, 32.721568000147727 ], [ -97.431789999505966, 32.721800999578093 ], [ -97.427464000524012, 32.723641999896209 ], [ -97.424716999482044, 32.724775999662889 ], [ -97.423256000500089, 32.721370000422361 ], [ -97.422884999845735, 32.716599000372526 ], [ -97.42124600038828, 32.713613999835829 ], [ -97.421387000506414, 32.712177999986658 ], [ -97.420748000333319, 32.711202000226855 ], [ -97.41668500013715, 32.710524000156269 ], [ -97.416168999696453, 32.708806999946745 ], [ -97.419662000486397, 32.707527999726302 ], [ -97.426701999848248, 32.702690999662622 ], [ -97.429168000459697, 32.701429999839533 ], [ -97.43363199988147, 32.699581999880323 ], [ -97.43587299994806, 32.69946800023267 ], [ -97.435957000368433, 32.699468999775632 ], [ -97.43674700002525, 32.700081999589706 ], [ -97.439236999630936, 32.705275000262027 ], [ -97.439227999883911, 32.705631999852976 ], [ -97.438485000135799, 32.709322000190163 ], [ -97.438403999864164, 32.709923000267572 ], [ -97.439035000193115, 32.718787999904372 ], [ -97.439370000319812, 32.721700999552894 ] ] ] ] } },
{ "type": "Feature", "properties": { "GEOID": "48439102500", "NAME": "Census Tract 1025, Tarrant County, Texas", "variable": "B01003_001", "estimate": 3518, "moe": 579, "coverage_all": 3037.6, "coverage_na": 2190.8026, "coverage_4050": 461.0492, "coverage_5060": 287.4878, "coverage_6070": 97.5164, "coverage_7080": 0.744, "coverage_8090": 0.0, "coverage_90": 0.0, "noise4050n": 457.3412, "noise5060n": 302.5745, "noise6070n": 107.3814, "noise7080n": 0.6826, "noise8090n": 0.0, "noise90n": 0.0, "noise4050p": 0.1518, "noise5060p": 0.0946, "noise6070p": 0.0321, "noise7080p": 0.0002, "noise8090p": 0.0, "noise90p": 0.0 }, "geometry": { "type": "MultiPolygon", "coordinates": [ [ [ [ -97.413409000534841, 32.729518000262736 ], [ -97.413415999942146, 32.730302999649361 ], [ -97.40790900006904, 32.730220999950859 ], [ -97.403260000150439, 32.730197999848045 ], [ -97.401343000094386, 32.728180999623675 ], [ -97.400683000070117, 32.726354000127202 ], [ -97.399088999617888, 32.726157000250765 ], [ -97.397848999969696, 32.726978999644615 ], [ -97.395591000137273, 32.723729000091751 ], [ -97.394085999920037, 32.720316999936522 ], [ -97.393240000263461, 32.719250999572807 ], [ -97.391586999615996, 32.718561999788427 ], [ -97.389653999718504, 32.718427000343468 ], [ -97.399247000509831, 32.715076999796921 ], [ -97.404878000504212, 32.712515000340488 ], [ -97.408160999549239, 32.711454000360646 ], [ -97.408071999826063, 32.717857999803613 ], [ -97.409939999694416, 32.716949000157157 ], [ -97.413006999953112, 32.716793999980368 ], [ -97.413535999924491, 32.71769399961029 ], [ -97.413409000534841, 32.729518000262736 ] ] ] ] } },
{ "type": "Feature", "properties": { "GEOID": "48439102601", "NAME": "Census Tract 1026.01, Tarrant County, Texas", "variable": "B01003_001", "estimate": 3548, "moe": 499, "coverage_all": 2275.2271, "coverage_na": 1452.1658, "coverage_4050": 406.7902, "coverage_5060": 282.954, "coverage_6070": 124.0405, "coverage_7080": 9.2304, "coverage_8090": 0.0462, "coverage_90": 0.0, "noise4050n": 693.0363, "noise5060n": 376.5917, "noise6070n": 145.0426, "noise7080n": 9.9084, "noise8090n": 0.0496, "noise90n": 0.0, "noise4050p": 0.1788, "noise5060p": 0.1244, "noise6070p": 0.0545, "noise7080p": 0.0041, "noise8090p": 0.0, "noise90p": 0.0 }, "geometry": { "type": "MultiPolygon", "coordinates": [ [ [ [ -97.413387000234863, 32.734089999758858 ], [ -97.409704000417307, 32.734344000234586 ], [ -97.407892000365493, 32.734152999599985 ], [ -97.398730999591166, 32.732934000221661 ], [ -97.387791999705939, 32.732776999600745 ], [ -97.387849000142396, 32.729089999598116 ], [ -97.387852000527218, 32.727172999896084 ], [ -97.387866000449876, 32.726237999993913 ], [ -97.38681999996615, 32.723760999736179 ], [ -97.386331999609794, 32.719949000293411 ], [ -97.387602999460711, 32.719129999834486 ], [ -97.389653999718504, 32.718427000343468 ], [ -97.391586999615996, 32.718561999788427 ], [ -97.393240000263461, 32.719250999572807 ], [ -97.394085999920037, 32.720316999936522 ], [ -97.395591000137273, 32.723729000091751 ], [ -97.397848999969696, 32.726978999644615 ], [ -97.399088999617888, 32.726157000250765 ], [ -97.400683000070117, 32.726354000127202 ], [ -97.401343000094386, 32.728180999623675 ], [ -97.403260000150439, 32.730197999848045 ], [ -97.40790900006904, 32.730220999950859 ], [ -97.413415999942146, 32.730302999649361 ], [ -97.413387000234863, 32.734089999758858 ] ] ] ] } },
{ "type": "Feature", "properties": { "GEOID": "48439102602", "NAME": "Census Tract 1026.02, Tarrant County, Texas", "variable": "B01003_001", "estimate": 3307, "moe": 321, "coverage_all": 3187.0224, "coverage_na": 477.2485, "coverage_4050": 905.7795, "coverage_5060": 892.1385, "coverage_6070": 581.8691, "coverage_7080": 305.9104, "coverage_8090": 24.0076, "coverage_90": 0.0688, "noise4050n": 939.2505, "noise5060n": 895.9891, "noise6070n": 571.7004, "noise7080n": 333.3275, "noise8090n": 29.54, "noise90n": 0.0571, "noise4050p": 0.2842, "noise5060p": 0.2799, "noise6070p": 0.1826, "noise7080p": 0.096, "noise8090p": 0.0075, "noise90p": 0.0 }, "geometry": { "type": "MultiPolygon", "coordinates": [ [ [ [ -97.409658999561941, 32.735013999667487 ], [ -97.407850000096019, 32.734989999699984 ], [ -97.40239800008986, 32.73494399976331 ], [ -97.398676000286571, 32.735252000138196 ], [ -97.39866099981117, 32.736795999918201 ], [ -97.396059999536959, 32.736774999808027 ], [ -97.387663999509343, 32.736699999603907 ], [ -97.387680999822365, 32.734795999688387 ], [ -97.378576999892402, 32.734699000275526 ], [ -97.378579000461954, 32.734468000313882 ], [ -97.369961000374772, 32.734394999742591 ], [ -97.369975999899339, 32.732608999718245 ], [ -97.364198999786481, 32.732854000000181 ], [ -97.361498999499602, 32.733595000323632 ], [ -97.359890999943531, 32.734075999913749 ], [ -97.358787000021437, 32.732801999765996 ], [ -97.363005999831913, 32.730645000337653 ], [ -97.371800000332811, 32.727464999996599 ], [ -97.382399999771096, 32.722135000387475 ], [ -97.386102999702885, 32.719358999705655 ], [ -97.386331999609794, 32.719949000293411 ], [ -97.38681999996615, 32.723760999736179 ], [ -97.387866000449876, 32.726237999993913 ], [ -97.387852000527218, 32.727172999896084 ], [ -97.387849000142396, 32.729089999598116 ], [ -97.387791999705939, 32.732776999600745 ], [ -97.398730999591166, 32.732934000221661 ], [ -97.407892000365493, 32.734152999599985 ], [ -97.409704000417307, 32.734344000234586 ], [ -97.409658999561941, 32.735013999667487 ] ] ] ] } },
{ "type": "Feature", "properties": { "GEOID": "48439102700", "NAME": "Census Tract 1027, Tarrant County, Texas", "variable": "B01003_001", "estimate": 3280, "moe": 419, "coverage_all": 1937.8082, "coverage_na": 1228.7699, "coverage_4050": 593.3924, "coverage_5060": 91.343, "coverage_6070": 24.3029, "coverage_7080": 0.0, "coverage_8090": 0.0, "coverage_90": 0.0, "noise4050n": 1035.7176, "noise5060n": 152.5887, "noise6070n": 36.4676, "noise7080n": 0.0, "noise8090n": 0.0, "noise90n": 0.0, "noise4050p": 0.3062, "noise5060p": 0.0471, "noise6070p": 0.0125, "noise7080p": 0.0, "noise8090p": 0.0, "noise90p": 0.0 }, "geometry": { "type": "MultiPolygon", "coordinates": [ [ [ [ -97.387663999509343, 32.736699999603907 ], [ -97.387634999780289, 32.739534000286845 ], [ -97.378513999617823, 32.739430999803751 ], [ -97.378509999989546, 32.739617000006248 ], [ -97.378443000099736, 32.744092999664488 ], [ -97.37821800040679, 32.744188000306742 ], [ -97.37590399957692, 32.745517000351484 ], [ -97.37528500036322, 32.747786999893634 ], [ -97.375258999879932, 32.751468000420743 ], [ -97.369881000501209, 32.751384000156477 ], [ -97.369946999754816, 32.747663000237608 ], [ -97.37001300028318, 32.743986000403297 ], [ -97.370033000230663, 32.739786999939454 ], [ -97.369961000374772, 32.734394999742591 ], [ -97.378579000461954, 32.734468000313882 ], [ -97.378576999892402, 32.734699000275526 ], [ -97.387680999822365, 32.734795999688387 ], [ -97.387663999509343, 32.736699999603907 ] ] ] ] } },
{ "type": "Feature", "properties": { "GEOID": "48439103500", "NAME": "Census Tract 1035, Tarrant County, Texas", "variable": "B01003_001", "estimate": 5088, "moe": 690, "coverage_all": 4292.5048, "coverage_na": 1296.0785, "coverage_4050": 1568.5369, "coverage_5060": 1034.2472, "coverage_6070": 319.6842, "coverage_7080": 58.6836, "coverage_8090": 12.069, "coverage_90": 3.2054, "noise4050n": 1883.4077, "noise5060n": 1213.5567, "noise6070n": 375.382, "noise7080n": 71.2723, "noise8090n": 15.999, "noise90n": 2.8791, "noise4050p": 0.3654, "noise5060p": 0.2409, "noise6070p": 0.0745, "noise7080p": 0.0137, "noise8090p": 0.0028, "noise90p": 0.0007 }, "geometry": { "type": "MultiPolygon", "coordinates": [ [ [ [ -97.296160999900266, 32.74381099995859 ], [ -97.287033000142173, 32.741687000108868 ], [ -97.28628099995035, 32.741373999969923 ], [ -97.278011000307671, 32.736678999750559 ], [ -97.27348700037146, 32.734436999645581 ], [ -97.27097000002712, 32.733871000146848 ], [ -97.269393999667571, 32.733828999877673 ], [ -97.261946000068633, 32.734245999739564 ], [ -97.259890999985927, 32.734371999802448 ], [ -97.259890999995037, 32.731250000010355 ], [ -97.261930000001982, 32.73126299998853 ], [ -97.262010000319094, 32.72705799981965 ], [ -97.270974000451488, 32.727069000309278 ], [ -97.276586999961182, 32.727118999977229 ], [ -97.279579000272449, 32.727127999785672 ], [ -97.282244000239004, 32.727140999994809 ], [ -97.28974899947309, 32.727173000164804 ], [ -97.29134399947759, 32.726922999723016 ], [ -97.292724000234927, 32.726694999885666 ], [ -97.293844000407688, 32.726693999925004 ], [ -97.296679999745763, 32.727916000112998 ], [ -97.297322000083042, 32.731180000163207 ], [ -97.295982000097595, 32.733991999771931 ], [ -97.294273999587077, 32.73390100017653 ], [ -97.293297000412025, 32.735978000343401 ], [ -97.293503000297079, 32.737062000053932 ], [ -97.297421000329138, 32.741787000305152 ], [ -97.296160999900266, 32.74381099995859 ] ] ] ] } },
{ "type": "Feature", "properties": { "GEOID": "48439103601", "NAME": "Census Tract 1036.01, Tarrant County, Texas", "variable": "B01003_001", "estimate": 2404, "moe": 383, "coverage_all": 2274.4123, "coverage_na": 1451.7781, "coverage_4050": 591.5782, "coverage_5060": 221.4139, "coverage_6070": 9.6422, "coverage_7080": 0.0, "coverage_8090": 0.0, "coverage_90": 0.0, "noise4050n": 724.631, "noise5060n": 305.3846, "noise6070n": 9.5184, "noise7080n": 0.0, "noise8090n": 0.0, "noise90n": 0.0, "noise4050p": 0.2601, "noise5060p": 0.0973, "noise6070p": 0.0042, "noise7080p": 0.0, "noise8090p": 0.0, "noise90p": 0.0 }, "geometry": { "type": "MultiPolygon", "coordinates": [ [ [ [ -97.257352000299377, 32.731225000233657 ], [ -97.253738999584414, 32.731221999827333 ], [ -97.247932000413144, 32.731180999633239 ], [ -97.245143000489009, 32.731177999704009 ], [ -97.23939199950361, 32.73053100002727 ], [ -97.237398999941718, 32.730305000030405 ], [ -97.237407999707926, 32.729234000366247 ], [ -97.23743300018603, 32.724873999969887 ], [ -97.237436000347159, 32.7244239997734 ], [ -97.237471999635574, 32.721069000445944 ], [ -97.237598000087985, 32.720683999919622 ], [ -97.238526999598506, 32.721110000289414 ], [ -97.24997600011713, 32.721135999783186 ], [ -97.252247999941076, 32.721155999922587 ], [ -97.256091999718564, 32.721207000395971 ], [ -97.256944999600833, 32.721213000161818 ], [ -97.257403000048953, 32.723506000006381 ], [ -97.257352000299377, 32.731225000233657 ] ] ] ] } },
{ "type": "Feature", "properties": { "GEOID": "48439103602", "NAME": "Census Tract 1036.02, Tarrant County, Texas", "variable": "B01003_001", "estimate": 2607, "moe": 452, "coverage_all": 1585.8984, "coverage_na": 774.4547, "coverage_4050": 349.3136, "coverage_5060": 369.9905, "coverage_6070": 71.6059, "coverage_7080": 16.6135, "coverage_8090": 2.922, "coverage_90": 0.9983, "noise4050n": 473.1192, "noise5060n": 547.8036, "noise6070n": 97.4277, "noise7080n": 20.2489, "noise8090n": 3.5042, "noise90n": 1.1972, "noise4050p": 0.2203, "noise5060p": 0.2333, "noise6070p": 0.0452, "noise7080p": 0.0105, "noise8090p": 0.0018, "noise90p": 0.0006 }, "geometry": { "type": "MultiPolygon", "coordinates": [ [ [ [ -97.237471999635574, 32.721069000445944 ], [ -97.237436000347159, 32.7244239997734 ], [ -97.23743300018603, 32.724873999969887 ], [ -97.237407999707926, 32.729234000366247 ], [ -97.237398999941718, 32.730305000030405 ], [ -97.236443000110967, 32.731171999691789 ], [ -97.225245000346575, 32.732842999826417 ], [ -97.225293000218812, 32.729435999930267 ], [ -97.225333000226797, 32.724650999798591 ], [ -97.225385000154716, 32.720457000059099 ], [ -97.237598000087985, 32.720683999919622 ], [ -97.237471999635574, 32.721069000445944 ] ] ] ] } },
{ "type": "Feature", "properties": { "GEOID": "48439103701", "NAME": "Census Tract 1037.01, Tarrant County, Texas", "variable": "B01003_001", "estimate": 4596, "moe": 942, "coverage_all": 1854.2121, "coverage_na": 1746.6321, "coverage_4050": 38.1029, "coverage_5060": 39.0648, "coverage_6070": 30.1227, "coverage_7080": 0.2897, "coverage_8090": 0.0, "coverage_90": 0.0, "noise4050n": 84.0729, "noise5060n": 86.1952, "noise6070n": 66.4647, "noise7080n": 0.6391, "noise8090n": 0.0, "noise90n": 0.0, "noise4050p": 0.0205, "noise5060p": 0.0211, "noise6070p": 0.0162, "noise7080p": 0.0002, "noise8090p": 0.0, "noise90p": 0.0 }, "geometry": { "type": "MultiPolygon", "coordinates": [ [ [ [ -97.28974899947309, 32.727173000164804 ], [ -97.282244000239004, 32.727140999994809 ], [ -97.279579000272449, 32.727127999785672 ], [ -97.276586999961182, 32.727118999977229 ], [ -97.270974000451488, 32.727069000309278 ], [ -97.271014999679736, 32.718431000124419 ], [ -97.274394999493396, 32.718403999609748 ], [ -97.276626000045368, 32.718147000187834 ], [ -97.280030000492943, 32.718124000428432 ], [ -97.28371499972306, 32.718077000201554 ], [ -97.283708999666445, 32.719022999909527 ], [ -97.287001999736518, 32.718765999685225 ], [ -97.288834999900232, 32.719946000362292 ], [ -97.288934000225311, 32.722776999729497 ], [ -97.29134399947759, 32.726922999723016 ], [ -97.28974899947309, 32.727173000164804 ] ] ] ] } },
{ "type": "Feature", "properties": { "GEOID": "48439103702", "NAME": "Census Tract 1037.02, Tarrant County, Texas", "variable": "B01003_001", "estimate": 3976, "moe": 1039, "coverage_all": 1666.4104, "coverage_na": 1492.8132, "coverage_4050": 79.7065, "coverage_5060": 93.8907, "coverage_6070": 0.0, "coverage_7080": 0.0, "coverage_8090": 0.0, "coverage_90": 0.0, "noise4050n": 190.177, "noise5060n": 224.0201, "noise6070n": 0.0, "noise7080n": 0.0, "noise8090n": 0.0, "noise90n": 0.0, "noise4050p": 0.0478, "noise5060p": 0.0563, "noise6070p": 0.0, "noise7080p": 0.0, "noise8090p": 0.0, "noise90p": 0.0 }, "geometry": { "type": "MultiPolygon", "coordinates": [ [ [ [ -97.270974000451488, 32.727069000309278 ], [ -97.262010000319094, 32.72705799981965 ], [ -97.261930000001982, 32.73126299998853 ], [ -97.259890999995037, 32.731250000010355 ], [ -97.257352000299377, 32.731225000233657 ], [ -97.257403000048953, 32.723506000006381 ], [ -97.256944999600833, 32.721213000161818 ], [ -97.257861000065276, 32.718082000373506 ], [ -97.259688000218475, 32.718093000117342 ], [ -97.259700000393039, 32.716473000331241 ], [ -97.262875000230594, 32.7165030004127 ], [ -97.262858000335825, 32.718392999683545 ], [ -97.271014999679736, 32.718431000124419 ], [ -97.270974000451488, 32.727069000309278 ] ] ] ] } },
{ "type": "Feature", "properties": { "GEOID": "48439103800", "NAME": "Census Tract 1038, Tarrant County, Texas", "variable": "B01003_001", "estimate": 3275, "moe": 726, "coverage_all": 3206.7867, "coverage_na": 363.6448, "coverage_4050": 1810.8663, "coverage_5060": 804.8351, "coverage_6070": 172.6823, "coverage_7080": 51.5645, "coverage_8090": 2.0, "coverage_90": 1.1937, "noise4050n": 1805.2301, "noise5060n": 1047.8322, "noise6070n": 161.8793, "noise7080n": 42.7501, "noise8090n": 3.3719, "noise90n": 2.0125, "noise4050p": 0.5647, "noise5060p": 0.251, "noise6070p": 0.0538, "noise7080p": 0.0161, "noise8090p": 0.0006, "noise90p": 0.0004 }, "geometry": { "type": "MultiPolygon", "coordinates": [ [ [ [ -97.311214000363378, 32.729778999840157 ], [ -97.305158000156965, 32.729719999784329 ], [ -97.306925000011773, 32.73140899979709 ], [ -97.30314300033227, 32.731369999951269 ], [ -97.299427999787824, 32.731360999842451 ], [ -97.297322000083042, 32.731180000163207 ], [ -97.296679999745763, 32.727916000112998 ], [ -97.293844000407688, 32.726693999925004 ], [ -97.294540999877896, 32.724336000378756 ], [ -97.293017999579277, 32.719977000108194 ], [ -97.296201000402803, 32.717785000123506 ], [ -97.298117999639558, 32.712853999815998 ], [ -97.297942999760394, 32.711767000378146 ], [ -97.299788000018637, 32.711359000351862 ], [ -97.299647000073634, 32.709642000369094 ], [ -97.300701999545765, 32.710447999777813 ], [ -97.304020999539361, 32.710478999706424 ], [ -97.305595999683987, 32.710469999781196 ], [ -97.309587999892059, 32.710450000445675 ], [ -97.307342000315984, 32.717367999888388 ], [ -97.309780000242839, 32.717370999990131 ], [ -97.309682000361306, 32.727114000235822 ], [ -97.310616999722185, 32.727119000194044 ], [ -97.311214000363378, 32.729778999840157 ] ] ] ] } },
{ "type": "Feature", "properties": { "GEOID": "48439104100", "NAME": "Census Tract 1041, Tarrant County, Texas", "variable": "B01003_001", "estimate": 3547, "moe": 619, "coverage_all": 1441.0904, "coverage_na": 0.0, "coverage_4050": 0.0, "coverage_5060": 1396.9092, "coverage_6070": 44.1812, "coverage_7080": 0.0, "coverage_8090": 0.0, "coverage_90": 0.0, "noise4050n": 0.0, "noise5060n": 3464.6248, "noise6070n": 82.3752, "noise7080n": 0.0, "noise8090n": 0.0, "noise90n": 0.0, "noise4050p": 0.0, "noise5060p": 0.9693, "noise6070p": 0.0307, "noise7080p": 0.0, "noise8090p": 0.0, "noise90p": 0.0 }, "geometry": { "type": "MultiPolygon", "coordinates": [ [ [ [ -97.343742000461759, 32.722296000331767 ], [ -97.3437040002472, 32.726623999916079 ], [ -97.3436870000711, 32.72831900027488 ], [ -97.340242999599681, 32.728304999861592 ], [ -97.340073999549304, 32.72830199998014 ], [ -97.338526000426711, 32.72828800022036 ], [ -97.335029000335879, 32.728270999699525 ], [ -97.334204000454832, 32.729305999718434 ], [ -97.334168000472218, 32.728248000145136 ], [ -97.331545000133431, 32.728216000117023 ], [ -97.331544999853946, 32.725980000133418 ], [ -97.331590999771464, 32.718155000096246 ], [ -97.333375000466944, 32.718185000286624 ], [ -97.335172999556434, 32.718005999831767 ], [ -97.339095000183633, 32.71804099998203 ], [ -97.34376899969277, 32.718054000408308 ], [ -97.343742000461759, 32.722296000331767 ] ] ] ] } },
{ "type": "Feature", "properties": { "GEOID": "48439104202", "NAME": "Census Tract 1042.02, Tarrant County, Texas", "variable": "B01003_001", "estimate": 3453, "moe": 436, "coverage_all": 2377.902, "coverage_na": 957.4386, "coverage_4050": 1135.894, "coverage_5060": 238.4398, "coverage_6070": 39.1906, "coverage_7080": 6.4064, "coverage_8090": 0.32, "coverage_90": 0.2125, "noise4050n": 1771.8089, "noise5060n": 378.507, "noise6070n": 63.6948, "noise7080n": 10.4059, "noise8090n": 0.5185, "noise90n": 0.3462, "noise4050p": 0.4777, "noise5060p": 0.1003, "noise6070p": 0.0165, "noise7080p": 0.0027, "noise8090p": 0.0001, "noise90p": 0.0001 }, "geometry": { "type": "MultiPolygon", "coordinates": [ [ [ [ -97.378885999957589, 32.693949000133877 ], [ -97.378583999769191, 32.694383999798795 ], [ -97.37729499955266, 32.694239000095806 ], [ -97.375109999795981, 32.695430999806966 ], [ -97.374596000151655, 32.696418000016983 ], [ -97.374569000380049, 32.701593999890427 ], [ -97.374504000414149, 32.701937000407348 ], [ -97.366038999527973, 32.702060000163698 ], [ -97.365606999557912, 32.702134999745688 ], [ -97.365270000461265, 32.701575999969279 ], [ -97.363349000090466, 32.701604000416744 ], [ -97.360505000395861, 32.701860000132768 ], [ -97.361035999705919, 32.69939300010941 ], [ -97.360398999871819, 32.695428000435591 ], [ -97.36050000016067, 32.69454399968096 ], [ -97.360347999971395, 32.694292999896348 ], [ -97.36414499958947, 32.690664999871878 ], [ -97.366061000112396, 32.688891000188676 ], [ -97.370016999948902, 32.685157999766545 ], [ -97.370227000394266, 32.685318999714525 ], [ -97.371758999744699, 32.686446999559386 ], [ -97.373987000253777, 32.68662900000929 ], [ -97.373648999702155, 32.688250999678061 ], [ -97.379022999914852, 32.691227999764223 ], [ -97.378885999957589, 32.693949000133877 ] ] ] ] } },
{ "type": "Feature", "properties": { "GEOID": "48439104203", "NAME": "Census Tract 1042.03, Tarrant County, Texas", "variable": "B01003_001", "estimate": 3763, "moe": 409, "coverage_all": 1332.2405, "coverage_na": 594.6025, "coverage_4050": 639.1349, "coverage_5060": 95.1789, "coverage_6070": 3.3241, "coverage_7080": 0.0, "coverage_8090": 0.0, "coverage_90": 0.0, "noise4050n": 1805.2782, "noise5060n": 268.839, "noise6070n": 9.3892, "noise7080n": 0.0, "noise8090n": 0.0, "noise90n": 0.0, "noise4050p": 0.4797, "noise5060p": 0.0714, "noise6070p": 0.0025, "noise7080p": 0.0, "noise8090p": 0.0, "noise90p": 0.0 }, "geometry": { "type": "MultiPolygon", "coordinates": [ [ [ [ -97.374491000531535, 32.704240000370561 ], [ -97.374024000530184, 32.706105000194597 ], [ -97.369113000480453, 32.706687999968636 ], [ -97.3699939997001, 32.709382999996123 ], [ -97.369774999618343, 32.713628000241364 ], [ -97.368040000278882, 32.712224000072275 ], [ -97.365436999930679, 32.712200000102321 ], [ -97.364433000259183, 32.711683999770905 ], [ -97.360435999531191, 32.71171299961091 ], [ -97.360457000041777, 32.709631999918756 ], [ -97.360475000501282, 32.707075999893192 ], [ -97.360486000251854, 32.706200999975721 ], [ -97.360490000333641, 32.706096000007669 ], [ -97.360505000395861, 32.701860000132768 ], [ -97.363349000090466, 32.701604000416744 ], [ -97.365270000461265, 32.701575999969279 ], [ -97.365606999557912, 32.702134999745688 ], [ -97.366038999527973, 32.702060000163698 ], [ -97.374504000414149, 32.701937000407348 ], [ -97.374491000531535, 32.704240000370561 ] ] ] ] } },
{ "type": "Feature", "properties": { "GEOID": "48439104204", "NAME": "Census Tract 1042.04, Tarrant County, Texas", "variable": "B01003_001", "estimate": 2315, "moe": 354, "coverage_all": 2377.7769, "coverage_na": 297.3116, "coverage_4050": 1801.3696, "coverage_5060": 235.533, "coverage_6070": 42.5627, "coverage_7080": 1.0, "coverage_8090": 0.0, "coverage_90": 0.0, "noise4050n": 1750.6444, "noise5060n": 226.4332, "noise6070n": 40.5769, "noise7080n": 0.9563, "noise8090n": 0.0, "noise90n": 0.0, "noise4050p": 0.7576, "noise5060p": 0.0991, "noise6070p": 0.0179, "noise7080p": 0.0004, "noise8090p": 0.0, "noise90p": 0.0 }, "geometry": { "type": "MultiPolygon", "coordinates": [ [ [ [ -97.37282500038836, 32.707180999744196 ], [ -97.372057999538541, 32.711178999755539 ], [ -97.37246200000034, 32.714251999725292 ], [ -97.371045000275245, 32.71556699993171 ], [ -97.372112999650071, 32.716917999635676 ], [ -97.370294000216546, 32.718367000361503 ], [ -97.366752000288542, 32.718659000321736 ], [ -97.363773999847695, 32.720273000012654 ], [ -97.36333700025321, 32.721812000338701 ], [ -97.361343000135264, 32.722046000394762 ], [ -97.359869999785658, 32.722886000124575 ], [ -97.358700000119086, 32.725713999925517 ], [ -97.358174999980235, 32.725910999611415 ], [ -97.35674199997834, 32.725692999938673 ], [ -97.354101000143629, 32.725387999730657 ], [ -97.351818000306352, 32.725755000149363 ], [ -97.351894999915842, 32.718654000294528 ], [ -97.351950999714077, 32.715964000139692 ], [ -97.352056999742075, 32.715442000167144 ], [ -97.35209600030862, 32.712749999712941 ], [ -97.353116000342951, 32.712774999633602 ], [ -97.353437000275576, 32.712785999772954 ], [ -97.354094000080309, 32.712797000277106 ], [ -97.356133999780397, 32.712761 ], [ -97.356161000334708, 32.711271000186194 ], [ -97.357200000226058, 32.713780000027832 ], [ -97.360419000049276, 32.713804000025839 ], [ -97.360435999531191, 32.71171299961091 ], [ -97.364433000259183, 32.711683999770905 ], [ -97.365436999930679, 32.712200000102321 ], [ -97.368040000278882, 32.712224000072275 ], [ -97.369774999618343, 32.713628000241364 ], [ -97.3699939997001, 32.709382999996123 ], [ -97.369113000480453, 32.706687999968636 ], [ -97.374024000530184, 32.706105000194597 ], [ -97.37282500038836, 32.707180999744196 ] ] ] ] } },
{ "type": "Feature", "properties": { "GEOID": "48439104301", "NAME": "Census Tract 1043.01, Tarrant County, Texas", "variable": "B01003_001", "estimate": 3387, "moe": 605, "coverage_all": 1541.5674, "coverage_na": 0.0, "coverage_4050": 781.0317, "coverage_5060": 646.9815, "coverage_6070": 109.0468, "coverage_7080": 1.5065, "coverage_8090": 2.8978, "coverage_90": 0.1032, "noise4050n": 1658.6456, "noise5060n": 1475.0697, "noise6070n": 242.9499, "noise7080n": 3.6803, "noise8090n": 6.4277, "noise90n": 0.2267, "noise4050p": 0.5066, "noise5060p": 0.4197, "noise6070p": 0.0707, "noise7080p": 0.001, "noise8090p": 0.0019, "noise90p": 0.0001 }, "geometry": { "type": "MultiPolygon", "coordinates": [ [ [ [ -97.360505000395861, 32.701860000132768 ], [ -97.360490000333641, 32.706096000007669 ], [ -97.360486000251854, 32.706200999975721 ], [ -97.360475000501282, 32.707075999893192 ], [ -97.360457000041777, 32.709631999918756 ], [ -97.360435999531191, 32.71171299961091 ], [ -97.360419000049276, 32.713804000025839 ], [ -97.357200000226058, 32.713780000027832 ], [ -97.356161000334708, 32.711271000186194 ], [ -97.356133999780397, 32.712761 ], [ -97.354094000080309, 32.712797000277106 ], [ -97.353437000275576, 32.712785999772954 ], [ -97.353116000342951, 32.712774999633602 ], [ -97.35209600030862, 32.712749999712941 ], [ -97.352285000063119, 32.709628999570441 ], [ -97.35235099995046, 32.706061000035412 ], [ -97.350244000342499, 32.706056999580902 ], [ -97.348107000071423, 32.706040999941095 ], [ -97.348068999890813, 32.706041000347788 ], [ -97.350217000480683, 32.704012999755079 ], [ -97.352393999644733, 32.701937999646674 ], [ -97.352617000028957, 32.701714000096061 ], [ -97.356361000192393, 32.698124000185118 ], [ -97.360347999971395, 32.694292999896348 ], [ -97.36050000016067, 32.69454399968096 ], [ -97.360398999871819, 32.695428000435591 ], [ -97.361035999705919, 32.69939300010941 ], [ -97.360505000395861, 32.701860000132768 ] ] ] ] } },
{ "type": "Feature", "properties": { "GEOID": "48439104302", "NAME": "Census Tract 1043.02, Tarrant County, Texas", "variable": "B01003_001", "estimate": 3632, "moe": 1285, "coverage_all": 1716.4413, "coverage_na": 0.0, "coverage_4050": 168.0144, "coverage_5060": 1397.6672, "coverage_6070": 133.6474, "coverage_7080": 12.1124, "coverage_8090": 2.0, "coverage_90": 3.0, "noise4050n": 366.2143, "noise5060n": 2961.3263, "noise6070n": 270.9573, "noise7080n": 23.8681, "noise8090n": 3.8536, "noise90n": 5.7804, "noise4050p": 0.0979, "noise5060p": 0.8143, "noise6070p": 0.0779, "noise7080p": 0.0071, "noise8090p": 0.0012, "noise90p": 0.0017 }, "geometry": { "type": "MultiPolygon", "coordinates": [ [ [ [ -97.352285000063119, 32.709628999570441 ], [ -97.35209600030862, 32.712749999712941 ], [ -97.352056999742075, 32.715442000167144 ], [ -97.351950999714077, 32.715964000139692 ], [ -97.351894999915842, 32.718654000294528 ], [ -97.351818000306352, 32.725755000149363 ], [ -97.346638999866315, 32.725754999911551 ], [ -97.344207999978508, 32.722827000362074 ], [ -97.344001000267326, 32.722296000161613 ], [ -97.343742000461759, 32.722296000331767 ], [ -97.34376899969277, 32.718054000408308 ], [ -97.343829000324163, 32.711395000312919 ], [ -97.344571000074211, 32.709364000032828 ], [ -97.345968000515242, 32.707777000313655 ], [ -97.346299999783199, 32.707774000161187 ], [ -97.348068999890813, 32.706041000347788 ], [ -97.348107000071423, 32.706040999941095 ], [ -97.350244000342499, 32.706056999580902 ], [ -97.35235099995046, 32.706061000035412 ], [ -97.352285000063119, 32.709628999570441 ] ] ] ] } },
{ "type": "Feature", "properties": { "GEOID": "48439104400", "NAME": "Census Tract 1044, Tarrant County, Texas", "variable": "B01003_001", "estimate": 5927, "moe": 1044, "coverage_all": 2764.114, "coverage_na": 0.0, "coverage_4050": 0.0, "coverage_5060": 2469.1456, "coverage_6070": 244.7323, "coverage_7080": 42.2361, "coverage_8090": 7.0, "coverage_90": 1.0, "noise4050n": 0.0, "noise5060n": 5293.8042, "noise6070n": 527.296, "noise7080n": 89.1917, "noise8090n": 14.8822, "noise90n": 1.8258, "noise4050p": 0.0, "noise5060p": 0.8933, "noise6070p": 0.0885, "noise7080p": 0.0153, "noise8090p": 0.0025, "noise90p": 0.0004 }, "geometry": { "type": "MultiPolygon", "coordinates": [ [ [ [ -97.344571000074211, 32.709364000032828 ], [ -97.343829000324163, 32.711395000312919 ], [ -97.34376899969277, 32.718054000408308 ], [ -97.339095000183633, 32.71804099998203 ], [ -97.335172999556434, 32.718005999831767 ], [ -97.333375000466944, 32.718185000286624 ], [ -97.331590999771464, 32.718155000096246 ], [ -97.331590999893223, 32.716611000340201 ], [ -97.331590000082159, 32.716267000062118 ], [ -97.33160799993108, 32.713139000355426 ], [ -97.331636000227604, 32.70953600032346 ], [ -97.331651999721998, 32.70769600001713 ], [ -97.331687999935866, 32.698694999615398 ], [ -97.34026800041606, 32.698669999664865 ], [ -97.342784000025915, 32.698664000202548 ], [ -97.343057000271457, 32.698658999936264 ], [ -97.343836999909669, 32.698635999853586 ], [ -97.343820000166374, 32.698794999891867 ], [ -97.343854000039983, 32.707762999670997 ], [ -97.345968000515242, 32.707777000313655 ], [ -97.344571000074211, 32.709364000032828 ] ] ] ] } },
{ "type": "Feature", "properties": { "GEOID": "48439104502", "NAME": "Census Tract 1045.02, Tarrant County, Texas", "variable": "B01003_001", "estimate": 3053, "moe": 567, "coverage_all": 2053.8808, "coverage_na": 0.0, "coverage_4050": 0.0, "coverage_5060": 1536.1055, "coverage_6070": 413.8952, "coverage_7080": 82.652, "coverage_8090": 21.228, "coverage_90": 0.0, "noise4050n": 0.0, "noise5060n": 2283.3507, "noise6070n": 615.2363, "noise7080n": 122.8585, "noise8090n": 31.5545, "noise90n": 0.0, "noise4050p": 0.0, "noise5060p": 0.7479, "noise6070p": 0.2015, "noise7080p": 0.0402, "noise8090p": 0.0103, "noise90p": 0.0 }, "geometry": { "type": "MultiPolygon", "coordinates": [ [ [ [ -97.331651999721998, 32.70769600001713 ], [ -97.331636000227604, 32.70953600032346 ], [ -97.33160799993108, 32.713139000355426 ], [ -97.327441999519579, 32.713143999595317 ], [ -97.327799000402365, 32.71427499979692 ], [ -97.326230999800515, 32.713821999944102 ], [ -97.32611000009571, 32.713770999803273 ], [ -97.325244000290596, 32.71305900011825 ], [ -97.324259000020987, 32.712977000416004 ], [ -97.32422800037962, 32.717268999877128 ], [ -97.320474999823219, 32.717312000224794 ], [ -97.32055300047368, 32.712994999618246 ], [ -97.320552000492569, 32.705933999856065 ], [ -97.320554999553892, 32.703217999593065 ], [ -97.320530000301488, 32.69860000011434 ], [ -97.320893000321476, 32.698605000432707 ], [ -97.325404999865043, 32.698633000272189 ], [ -97.330453000063244, 32.698719999954903 ], [ -97.331687999935866, 32.698694999615398 ], [ -97.331651999721998, 32.70769600001713 ] ] ] ] } },
{ "type": "Feature", "properties": { "GEOID": "48439104503", "NAME": "Census Tract 1045.03, Tarrant County, Texas", "variable": "B01003_001", "estimate": 2660, "moe": 415, "coverage_all": 1860.7825, "coverage_na": 0.0, "coverage_4050": 128.0, "coverage_5060": 1461.2073, "coverage_6070": 218.51, "coverage_7080": 27.1301, "coverage_8090": 16.9352, "coverage_90": 9.0, "noise4050n": 151.9557, "noise5060n": 2128.2309, "noise6070n": 307.7421, "noise7080n": 36.9421, "noise8090n": 24.4447, "noise90n": 10.6844, "noise4050p": 0.0688, "noise5060p": 0.7853, "noise6070p": 0.1174, "noise7080p": 0.0146, "noise8090p": 0.0091, "noise90p": 0.0048 }, "geometry": { "type": "MultiPolygon", "coordinates": [ [ [ [ -97.331755000109737, 32.684804000404817 ], [ -97.331750999466166, 32.684938999965183 ], [ -97.331740000505221, 32.688499000038881 ], [ -97.331701000041562, 32.693949000114827 ], [ -97.331687999935866, 32.698694999615398 ], [ -97.330453000063244, 32.698719999954903 ], [ -97.325404999865043, 32.698633000272189 ], [ -97.320893000321476, 32.698605000432707 ], [ -97.320530000301488, 32.69860000011434 ], [ -97.320530999933638, 32.694896000407439 ], [ -97.320550000254229, 32.68433400018634 ], [ -97.321648999806413, 32.684369999794853 ], [ -97.323359999705346, 32.684302999757229 ], [ -97.326292000448845, 32.684339999795093 ], [ -97.328955999981403, 32.684116999899878 ], [ -97.331754999916171, 32.684112999578581 ], [ -97.331755000109737, 32.684804000404817 ] ] ] ] } },
{ "type": "Feature", "properties": { "GEOID": "48439104504", "NAME": "Census Tract 1045.04, Tarrant County, Texas", "variable": "B01003_001", "estimate": 3006, "moe": 559, "coverage_all": 3275.179, "coverage_na": 0.0, "coverage_4050": 1840.7586, "coverage_5060": 1090.5785, "coverage_6070": 211.9435, "coverage_7080": 67.244, "coverage_8090": 63.6545, "coverage_90": 1.0, "noise4050n": 1550.9879, "noise5060n": 1090.4441, "noise6070n": 215.567, "noise7080n": 71.9946, "noise8090n": 76.2563, "noise90n": 0.7501, "noise4050p": 0.562, "noise5060p": 0.333, "noise6070p": 0.0647, "noise7080p": 0.0205, "noise8090p": 0.0194, "noise90p": 0.0003 }, "geometry": { "type": "MultiPolygon", "coordinates": [ [ [ [ -97.320554999553892, 32.703217999593065 ], [ -97.320279999475744, 32.70303400000715 ], [ -97.317432999815395, 32.701521000384766 ], [ -97.314783999874336, 32.700468000230778 ], [ -97.312939999824252, 32.700013000250372 ], [ -97.310224000196513, 32.699467000152275 ], [ -97.30595200053807, 32.696568000220445 ], [ -97.304680000524399, 32.69520699987855 ], [ -97.304540999748198, 32.690589000418221 ], [ -97.304026999838172, 32.689745999561389 ], [ -97.299516000536627, 32.687503000345707 ], [ -97.297721999724644, 32.687302999609351 ], [ -97.289216000112972, 32.684785999978679 ], [ -97.305442000327815, 32.684344999730428 ], [ -97.306257999519048, 32.684387000090148 ], [ -97.306351000243183, 32.684453999794627 ], [ -97.312642000282082, 32.684395999870588 ], [ -97.315220999723152, 32.684369999660433 ], [ -97.320304999856319, 32.684331000170623 ], [ -97.320550000254229, 32.68433400018634 ], [ -97.320530999933638, 32.694896000407439 ], [ -97.320530000301488, 32.69860000011434 ], [ -97.320554999553892, 32.703217999593065 ] ] ] ] } },
{ "type": "Feature", "properties": { "GEOID": "48439104505", "NAME": "Census Tract 1045.05, Tarrant County, Texas", "variable": "B01003_001", "estimate": 4834, "moe": 949, "coverage_all": 3045.5371, "coverage_na": 12.4858, "coverage_4050": 1512.5209, "coverage_5060": 1236.2692, "coverage_6070": 205.0926, "coverage_7080": 31.7657, "coverage_8090": 44.5965, "coverage_90": 2.8063, "noise4050n": 2493.868, "noise5060n": 1876.3241, "noise6070n": 303.7602, "noise7080n": 59.1164, "noise8090n": 73.3753, "noise90n": 7.1654, "noise4050p": 0.4966, "noise5060p": 0.4059, "noise6070p": 0.0673, "noise7080p": 0.0104, "noise8090p": 0.0146, "noise90p": 0.0009 }, "geometry": { "type": "MultiPolygon", "coordinates": [ [ [ [ -97.320552000492569, 32.705933999856065 ], [ -97.32055300047368, 32.712994999618246 ], [ -97.320474999823219, 32.717312000224794 ], [ -97.315667000000829, 32.717340000418709 ], [ -97.309780000242839, 32.717370999990131 ], [ -97.307342000315984, 32.717367999888388 ], [ -97.309587999892059, 32.710450000445675 ], [ -97.305595999683987, 32.710469999781196 ], [ -97.304020999539361, 32.710478999706424 ], [ -97.300701999545765, 32.710447999777813 ], [ -97.299647000073634, 32.709642000369094 ], [ -97.300273999862227, 32.709423000133505 ], [ -97.301889000210664, 32.705893000142353 ], [ -97.303125000073933, 32.704242999954637 ], [ -97.302736999958299, 32.702751000079601 ], [ -97.305069999969447, 32.703203999775049 ], [ -97.307124999982506, 32.701686000099087 ], [ -97.307465999898469, 32.700296999687581 ], [ -97.305745999589533, 32.697966000192451 ], [ -97.30595200053807, 32.696568000220445 ], [ -97.310224000196513, 32.699467000152275 ], [ -97.312939999824252, 32.700013000250372 ], [ -97.314783999874336, 32.700468000230778 ], [ -97.317432999815395, 32.701521000384766 ], [ -97.320279999475744, 32.70303400000715 ], [ -97.320554999553892, 32.703217999593065 ], [ -97.320552000492569, 32.705933999856065 ] ] ] ] } },
{ "type": "Feature", "properties": { "GEOID": "48439104601", "NAME": "Census Tract 1046.01, Tarrant County, Texas", "variable": "B01003_001", "estimate": 5361, "moe": 1110, "coverage_all": 2513.7117, "coverage_na": 1771.5918, "coverage_4050": 238.812, "coverage_5060": 261.2965, "coverage_6070": 162.2577, "coverage_7080": 79.7538, "coverage_8090": 0.0, "coverage_90": 0.0, "noise4050n": 492.6676, "noise5060n": 532.1181, "noise6070n": 335.2339, "noise7080n": 156.2266, "noise8090n": 0.0, "noise90n": 0.0, "noise4050p": 0.095, "noise5060p": 0.1039, "noise6070p": 0.0645, "noise7080p": 0.0317, "noise8090p": 0.0, "noise90p": 0.0 }, "geometry": { "type": "MultiPolygon", "coordinates": [ [ [ [ -97.280030000492943, 32.718124000428432 ], [ -97.276626000045368, 32.718147000187834 ], [ -97.274394999493396, 32.718403999609748 ], [ -97.271014999679736, 32.718431000124419 ], [ -97.262858000335825, 32.718392999683545 ], [ -97.262875000230594, 32.7165030004127 ], [ -97.262874000018684, 32.715851999579129 ], [ -97.26287000006198, 32.713970000432582 ], [ -97.262897000270698, 32.706698000361207 ], [ -97.262900999755388, 32.702691999828644 ], [ -97.262923000368787, 32.700644999667659 ], [ -97.262923999863702, 32.70010800000405 ], [ -97.264265000359359, 32.70008599961011 ], [ -97.264416999811502, 32.700815999645293 ], [ -97.266591000527569, 32.702710999743772 ], [ -97.268525999788309, 32.702910999970165 ], [ -97.269965000063237, 32.705236000323509 ], [ -97.272890999622703, 32.706383999767134 ], [ -97.276267000281209, 32.708039000398976 ], [ -97.278424000276203, 32.710874999808645 ], [ -97.27942499976453, 32.712468999558141 ], [ -97.279877000372565, 32.713309999971806 ], [ -97.279989999748111, 32.714386999840315 ], [ -97.280030000492943, 32.718124000428432 ] ] ] ] } },
{ "type": "Feature", "properties": { "GEOID": "48439104602", "NAME": "Census Tract 1046.02, Tarrant County, Texas", "variable": "B01003_001", "estimate": 4658, "moe": 940, "coverage_all": 2606.1159, "coverage_na": 2363.4132, "coverage_4050": 102.1171, "coverage_5060": 121.3313, "coverage_6070": 19.2543, "coverage_7080": 0.0, "coverage_8090": 0.0, "coverage_90": 0.0, "noise4050n": 182.796, "noise5060n": 216.4094, "noise6070n": 32.3986, "noise7080n": 0.0, "noise8090n": 0.0, "noise90n": 0.0, "noise4050p": 0.0392, "noise5060p": 0.0466, "noise6070p": 0.0074, "noise7080p": 0.0, "noise8090p": 0.0, "noise90p": 0.0 }, "geometry": { "type": "MultiPolygon", "coordinates": [ [ [ [ -97.280215000493527, 32.697031999615035 ], [ -97.280085999837723, 32.700189000366585 ], [ -97.280039000350456, 32.706407000137595 ], [ -97.27975099987917, 32.708195999780735 ], [ -97.278424000276203, 32.710874999808645 ], [ -97.276267000281209, 32.708039000398976 ], [ -97.272890999622703, 32.706383999767134 ], [ -97.269965000063237, 32.705236000323509 ], [ -97.268525999788309, 32.702910999970165 ], [ -97.266591000527569, 32.702710999743772 ], [ -97.264416999811502, 32.700815999645293 ], [ -97.264265000359359, 32.70008599961011 ], [ -97.262923999863702, 32.70010800000405 ], [ -97.26307000011802, 32.692194000303637 ], [ -97.271501999956428, 32.692230999780385 ], [ -97.280244000128221, 32.692286999710973 ], [ -97.280215000493527, 32.697031999615035 ] ] ] ] } },
{ "type": "Feature", "properties": { "GEOID": "48439104603", "NAME": "Census Tract 1046.03, Tarrant County, Texas", "variable": "B01003_001", "estimate": 3966, "moe": 818, "coverage_all": 2747.4711, "coverage_na": 1609.5292, "coverage_4050": 835.8133, "coverage_5060": 212.0676, "coverage_6070": 90.061, "coverage_7080": 0.0, "coverage_8090": 0.0, "coverage_90": 0.0, "noise4050n": 1211.6089, "noise5060n": 306.1479, "noise6070n": 135.9765, "noise7080n": 0.0, "noise8090n": 0.0, "noise90n": 0.0, "noise4050p": 0.3042, "noise5060p": 0.0772, "noise6070p": 0.0328, "noise7080p": 0.0, "noise8090p": 0.0, "noise90p": 0.0 }, "geometry": { "type": "MultiPolygon", "coordinates": [ [ [ [ -97.280244000128221, 32.692286999710973 ], [ -97.271501999956428, 32.692230999780385 ], [ -97.26307000011802, 32.692194000303637 ], [ -97.262078000203957, 32.692119999673658 ], [ -97.262083999481177, 32.687195999973056 ], [ -97.26218300022758, 32.675047000138555 ], [ -97.263451000161083, 32.675628999824973 ], [ -97.267877999569862, 32.67758000006021 ], [ -97.271576000352752, 32.679270999577405 ], [ -97.280153000218661, 32.683213999876074 ], [ -97.280230000424439, 32.684016000169407 ], [ -97.280244000128221, 32.692286999710973 ] ] ] ] } },
{ "type": "Feature", "properties": { "GEOID": "48439104604", "NAME": "Census Tract 1046.04, Tarrant County, Texas", "variable": "B01003_001", "estimate": 3363, "moe": 517, "coverage_all": 3731.4201, "coverage_na": 2722.3721, "coverage_4050": 377.4462, "coverage_5060": 337.1226, "coverage_6070": 229.3211, "coverage_7080": 65.158, "coverage_8090": 0.0, "coverage_90": 0.0, "noise4050n": 362.8262, "noise5060n": 293.5619, "noise6070n": 179.6123, "noise7080n": 52.8234, "noise8090n": 0.0, "noise90n": 0.0, "noise4050p": 0.1012, "noise5060p": 0.0903, "noise6070p": 0.0615, "noise7080p": 0.0175, "noise8090p": 0.0, "noise90p": 0.0 }, "geometry": { "type": "MultiPolygon", "coordinates": [ [ [ [ -97.299788000018637, 32.711359000351862 ], [ -97.297942999760394, 32.711767000378146 ], [ -97.298117999639558, 32.712853999815998 ], [ -97.296201000402803, 32.717785000123506 ], [ -97.293017999579277, 32.719977000108194 ], [ -97.294540999877896, 32.724336000378756 ], [ -97.293844000407688, 32.726693999925004 ], [ -97.292724000234927, 32.726694999885666 ], [ -97.29134399947759, 32.726922999723016 ], [ -97.288934000225311, 32.722776999729497 ], [ -97.288834999900232, 32.719946000362292 ], [ -97.287001999736518, 32.718765999685225 ], [ -97.283708999666445, 32.719022999909527 ], [ -97.28371499972306, 32.718077000201554 ], [ -97.280030000492943, 32.718124000428432 ], [ -97.279989999748111, 32.714386999840315 ], [ -97.279877000372565, 32.713309999971806 ], [ -97.27942499976453, 32.712468999558141 ], [ -97.278424000276203, 32.710874999808645 ], [ -97.27975099987917, 32.708195999780735 ], [ -97.280039000350456, 32.706407000137595 ], [ -97.280085999837723, 32.700189000366585 ], [ -97.280215000493527, 32.697031999615035 ], [ -97.28022400028847, 32.698201999626598 ], [ -97.281341000166478, 32.700020000386949 ], [ -97.286107000142934, 32.702934000045737 ], [ -97.286181000510979, 32.702863999607416 ], [ -97.287395999964119, 32.702281000350901 ], [ -97.291043999904247, 32.702706000359498 ], [ -97.292512999989455, 32.703438999949292 ], [ -97.296769000057225, 32.706864999649618 ], [ -97.298126999910153, 32.706394000201499 ], [ -97.29861799968117, 32.707837999802891 ], [ -97.299647000073634, 32.709642000369094 ], [ -97.299788000018637, 32.711359000351862 ] ] ] ] } },
{ "type": "Feature", "properties": { "GEOID": "48439104605", "NAME": "Census Tract 1046.05, Tarrant County, Texas", "variable": "B01003_001", "estimate": 5597, "moe": 1119, "coverage_all": 5076.4741, "coverage_na": 2898.9212, "coverage_4050": 1495.0503, "coverage_5060": 495.728, "coverage_6070": 182.3394, "coverage_7080": 4.3361, "coverage_8090": 0.0991, "coverage_90": 0.0, "noise4050n": 1974.816, "noise5060n": 668.091, "noise6070n": 224.5393, "noise7080n": 6.3558, "noise8090n": 0.1453, "noise90n": 0.0, "noise4050p": 0.2945, "noise5060p": 0.0977, "noise6070p": 0.0359, "noise7080p": 0.0009, "noise8090p": 0.0, "noise90p": 0.0 }, "geometry": { "type": "MultiPolygon", "coordinates": [ [ [ [ -97.307124999982506, 32.701686000099087 ], [ -97.305069999969447, 32.703203999775049 ], [ -97.302736999958299, 32.702751000079601 ], [ -97.303125000073933, 32.704242999954637 ], [ -97.301889000210664, 32.705893000142353 ], [ -97.300273999862227, 32.709423000133505 ], [ -97.299647000073634, 32.709642000369094 ], [ -97.29861799968117, 32.707837999802891 ], [ -97.298126999910153, 32.706394000201499 ], [ -97.296769000057225, 32.706864999649618 ], [ -97.292512999989455, 32.703438999949292 ], [ -97.291043999904247, 32.702706000359498 ], [ -97.287395999964119, 32.702281000350901 ], [ -97.286181000510979, 32.702863999607416 ], [ -97.286107000142934, 32.702934000045737 ], [ -97.281341000166478, 32.700020000386949 ], [ -97.28022400028847, 32.698201999626598 ], [ -97.280215000493527, 32.697031999615035 ], [ -97.280244000128221, 32.692286999710973 ], [ -97.280230000424439, 32.684016000169407 ], [ -97.280153000218661, 32.683213999876074 ], [ -97.291481999508662, 32.688395000316753 ], [ -97.287363000195541, 32.684838000401946 ], [ -97.289216000112972, 32.684785999978679 ], [ -97.297721999724644, 32.687302999609351 ], [ -97.299516000536627, 32.687503000345707 ], [ -97.304026999838172, 32.689745999561389 ], [ -97.304540999748198, 32.690589000418221 ], [ -97.304680000524399, 32.69520699987855 ], [ -97.30595200053807, 32.696568000220445 ], [ -97.305745999589533, 32.697966000192451 ], [ -97.307465999898469, 32.700296999687581 ], [ -97.307124999982506, 32.701686000099087 ] ] ] ] } },
{ "type": "Feature", "properties": { "GEOID": "48439104701", "NAME": "Census Tract 1047.01, Tarrant County, Texas", "variable": "B01003_001", "estimate": 4760, "moe": 710, "coverage_all": 1381.8218, "coverage_na": 0.0, "coverage_4050": 456.6706, "coverage_5060": 920.9076, "coverage_6070": 4.2435, "coverage_7080": 0.0, "coverage_8090": 0.0, "coverage_90": 0.0, "noise4050n": 1223.8622, "noise5060n": 3524.9414, "noise6070n": 11.1964, "noise7080n": 0.0, "noise8090n": 0.0, "noise90n": 0.0, "noise4050p": 0.3305, "noise5060p": 0.6664, "noise6070p": 0.0031, "noise7080p": 0.0, "noise8090p": 0.0, "noise90p": 0.0 }, "geometry": { "type": "MultiPolygon", "coordinates": [ [ [ [ -97.340348000112499, 32.688052000043584 ], [ -97.34034600043131, 32.688231999579301 ], [ -97.340313000474779, 32.691566999643243 ], [ -97.340301999527853, 32.694006000205718 ], [ -97.34026800041606, 32.698669999664865 ], [ -97.331687999935866, 32.698694999615398 ], [ -97.331701000041562, 32.693949000114827 ], [ -97.331740000505221, 32.688499000038881 ], [ -97.331750999466166, 32.684938999965183 ], [ -97.333512999568129, 32.68490200037845 ], [ -97.336226000466894, 32.684680000260471 ], [ -97.340362000187085, 32.684724999956622 ], [ -97.340348000112499, 32.688052000043584 ] ] ] ] } },
{ "type": "Feature", "properties": { "GEOID": "48439104702", "NAME": "Census Tract 1047.02, Tarrant County, Texas", "variable": "B01003_001", "estimate": 3239, "moe": 374, "coverage_all": 3823.7429, "coverage_na": 689.4801, "coverage_4050": 2073.7173, "coverage_5060": 742.8525, "coverage_6070": 119.3731, "coverage_7080": 147.2164, "coverage_8090": 51.1035, "coverage_90": 0.0, "noise4050n": 2475.3218, "noise5060n": 406.6624, "noise6070n": 43.0471, "noise7080n": 52.0628, "noise8090n": 18.0726, "noise90n": 0.0, "noise4050p": 0.5423, "noise5060p": 0.1943, "noise6070p": 0.0312, "noise7080p": 0.0385, "noise8090p": 0.0134, "noise90p": 0.0 }, "geometry": { "type": "MultiPolygon", "coordinates": [ [ [ [ -97.345119000096545, 32.678942000228481 ], [ -97.340842000393508, 32.678920999792886 ], [ -97.340787000392183, 32.682839999658938 ], [ -97.340362000187085, 32.684724999956622 ], [ -97.336226000466894, 32.684680000260471 ], [ -97.333512999568129, 32.68490200037845 ], [ -97.331750999466166, 32.684938999965183 ], [ -97.331755000109737, 32.684804000404817 ], [ -97.331754999916171, 32.684112999578581 ], [ -97.331791999939952, 32.678924999844696 ], [ -97.331785000149566, 32.678085000112112 ], [ -97.32702700037558, 32.678074999869288 ], [ -97.325117999855294, 32.677894999973539 ], [ -97.32213400013984, 32.67654999996202 ], [ -97.320554000276601, 32.676479000215608 ], [ -97.320263999907127, 32.676479000371771 ], [ -97.32037699958569, 32.669853999982998 ], [ -97.32046100035916, 32.667122000254743 ], [ -97.320490999950152, 32.666857000243063 ], [ -97.320758999675718, 32.666787000260499 ], [ -97.320972999808674, 32.666740999698483 ], [ -97.326911000154709, 32.665431000204272 ], [ -97.326902000268376, 32.664731000001296 ], [ -97.329266000513996, 32.664242999701742 ], [ -97.331808000036858, 32.664077999918362 ], [ -97.33181299981905, 32.66447000039485 ], [ -97.332285999667988, 32.667363999646469 ], [ -97.334128000153314, 32.668712000275448 ], [ -97.345088999587432, 32.668725999837811 ], [ -97.345088999652489, 32.670569000386557 ], [ -97.345119000192597, 32.677183000252192 ], [ -97.345119000096545, 32.678942000228481 ] ] ] ] } },
{ "type": "Feature", "properties": { "GEOID": "48439104802", "NAME": "Census Tract 1048.02, Tarrant County, Texas", "variable": "B01003_001", "estimate": 5395, "moe": 702, "coverage_all": 2711.4646, "coverage_na": 13.7609, "coverage_4050": 1705.9348, "coverage_5060": 772.7381, "coverage_6070": 163.8311, "coverage_7080": 39.2653, "coverage_8090": 14.9344, "coverage_90": 1.0, "noise4050n": 3410.8198, "noise5060n": 1544.045, "noise6070n": 311.2807, "noise7080n": 76.2008, "noise8090n": 26.9413, "noise90n": 1.7419, "noise4050p": 0.6292, "noise5060p": 0.285, "noise6070p": 0.0604, "noise7080p": 0.0145, "noise8090p": 0.0055, "noise90p": 0.0004 }, "geometry": { "type": "MultiPolygon", "coordinates": [ [ [ [ -97.359866999824604, 32.67255200019823 ], [ -97.359854999745068, 32.674598000234717 ], [ -97.359842999548405, 32.677193999581533 ], [ -97.359729999923729, 32.684595999708762 ], [ -97.357200999669459, 32.684589999790063 ], [ -97.356127000318679, 32.684578999760625 ], [ -97.353038000506785, 32.684558000065302 ], [ -97.349877999533049, 32.684545000265103 ], [ -97.340362000187085, 32.684724999956622 ], [ -97.340787000392183, 32.682839999658938 ], [ -97.340842000393508, 32.678920999792886 ], [ -97.345119000096545, 32.678942000228481 ], [ -97.345119000192597, 32.677183000252192 ], [ -97.345088999652489, 32.670569000386557 ], [ -97.351851000007187, 32.670546999623461 ], [ -97.350999999883584, 32.668223999986246 ], [ -97.352317999938691, 32.667201999674248 ], [ -97.352590000214619, 32.667256999811791 ], [ -97.355990000361146, 32.667963000373021 ], [ -97.355992000004676, 32.668439000002166 ], [ -97.35586799988431, 32.669050000266388 ], [ -97.355269000130647, 32.669467999554548 ], [ -97.353978000258778, 32.669956000045097 ], [ -97.35332299982305, 32.670428000019392 ], [ -97.35303900014668, 32.670963000251923 ], [ -97.353003000413381, 32.671767000096047 ], [ -97.356563999756361, 32.671746999603087 ], [ -97.359881000288766, 32.67174199976364 ], [ -97.359866999824604, 32.67255200019823 ] ] ] ] } },
{ "type": "Feature", "properties": { "GEOID": "48439104803", "NAME": "Census Tract 1048.03, Tarrant County, Texas", "variable": "B01003_001", "estimate": 7314, "moe": 1009, "coverage_all": 2103.091, "coverage_na": 0.0, "coverage_4050": 441.9864, "coverage_5060": 1501.5116, "coverage_6070": 126.3936, "coverage_7080": 24.0458, "coverage_8090": 8.2567, "coverage_90": 0.8968, "noise4050n": 1944.1198, "noise5060n": 4814.6509, "noise6070n": 432.8691, "noise7080n": 93.0954, "noise8090n": 26.6857, "noise90n": 2.5791, "noise4050p": 0.2102, "noise5060p": 0.714, "noise6070p": 0.0601, "noise7080p": 0.0114, "noise8090p": 0.0039, "noise90p": 0.0004 }, "geometry": { "type": "MultiPolygon", "coordinates": [ [ [ [ -97.356361000192393, 32.698124000185118 ], [ -97.352617000028957, 32.701714000096061 ], [ -97.352393999644733, 32.701937999646674 ], [ -97.350217000480683, 32.704012999755079 ], [ -97.348068999890813, 32.706041000347788 ], [ -97.346299999783199, 32.707774000161187 ], [ -97.345968000515242, 32.707777000313655 ], [ -97.343854000039983, 32.707762999670997 ], [ -97.343820000166374, 32.698794999891867 ], [ -97.343836999909669, 32.698635999853586 ], [ -97.343057000271457, 32.698658999936264 ], [ -97.342784000025915, 32.698664000202548 ], [ -97.34026800041606, 32.698669999664865 ], [ -97.340301999527853, 32.694006000205718 ], [ -97.340313000474779, 32.691566999643243 ], [ -97.34034600043131, 32.688231999579301 ], [ -97.340348000112499, 32.688052000043584 ], [ -97.340362000187085, 32.684724999956622 ], [ -97.349877999533049, 32.684545000265103 ], [ -97.347623999523677, 32.689217999931273 ], [ -97.345416999507378, 32.693482999775689 ], [ -97.344574000304689, 32.69506199991379 ], [ -97.347292999866752, 32.695103000216598 ], [ -97.347914000437214, 32.695298000387922 ], [ -97.352977999877467, 32.695377000253892 ], [ -97.352961999864718, 32.698620000372948 ], [ -97.352960000433427, 32.698852000200283 ], [ -97.354380000360123, 32.698833999867688 ], [ -97.356361000192393, 32.698124000185118 ] ] ] ] } },
{ "type": "Feature", "properties": { "GEOID": "48439104804", "NAME": "Census Tract 1048.04, Tarrant County, Texas", "variable": "B01003_001", "estimate": 3075, "moe": 774, "coverage_all": 2359.5388, "coverage_na": 0.0, "coverage_4050": 1418.018, "coverage_5060": 846.6983, "coverage_6070": 76.6816, "coverage_7080": 12.828, "coverage_8090": 4.5255, "coverage_90": 0.7875, "noise4050n": 1583.4082, "noise5060n": 1326.3128, "noise6070n": 133.7141, "noise7080n": 22.2574, "noise8090n": 8.6748, "noise90n": 0.6326, "noise4050p": 0.601, "noise5060p": 0.3588, "noise6070p": 0.0325, "noise7080p": 0.0054, "noise8090p": 0.0019, "noise90p": 0.0003 }, "geometry": { "type": "MultiPolygon", "coordinates": [ [ [ [ -97.370016999948902, 32.685157999766545 ], [ -97.366061000112396, 32.688891000188676 ], [ -97.36414499958947, 32.690664999871878 ], [ -97.360347999971395, 32.694292999896348 ], [ -97.356361000192393, 32.698124000185118 ], [ -97.354380000360123, 32.698833999867688 ], [ -97.352960000433427, 32.698852000200283 ], [ -97.352961999864718, 32.698620000372948 ], [ -97.352977999877467, 32.695377000253892 ], [ -97.347914000437214, 32.695298000387922 ], [ -97.347292999866752, 32.695103000216598 ], [ -97.344574000304689, 32.69506199991379 ], [ -97.345416999507378, 32.693482999775689 ], [ -97.347623999523677, 32.689217999931273 ], [ -97.349877999533049, 32.684545000265103 ], [ -97.353038000506785, 32.684558000065302 ], [ -97.356127000318679, 32.684578999760625 ], [ -97.357200999669459, 32.684589999790063 ], [ -97.359729999923729, 32.684595999708762 ], [ -97.364705000283692, 32.684631000381479 ], [ -97.368974000138039, 32.684652000021238 ], [ -97.370016999948902, 32.685157999766545 ] ] ] ] } },
{ "type": "Feature", "properties": { "GEOID": "48439104900", "NAME": "Census Tract 1049, Tarrant County, Texas", "variable": "B01003_001", "estimate": 3225, "moe": 396, "coverage_all": 2721.1997, "coverage_na": 0.0, "coverage_4050": 1556.0, "coverage_5060": 976.4034, "coverage_6070": 161.0049, "coverage_7080": 22.7181, "coverage_8090": 3.5263, "coverage_90": 1.547, "noise4050n": 1709.8129, "noise5060n": 1276.9247, "noise6070n": 201.7176, "noise7080n": 29.8315, "noise8090n": 5.258, "noise90n": 1.4553, "noise4050p": 0.5718, "noise5060p": 0.3588, "noise6070p": 0.0592, "noise7080p": 0.0083, "noise8090p": 0.0013, "noise90p": 0.0006 }, "geometry": { "type": "MultiPolygon", "coordinates": [ [ [ [ -97.308460999642392, 32.80101199984545 ], [ -97.306441000283741, 32.802695000222222 ], [ -97.298185999592164, 32.809401000341843 ], [ -97.29718599992988, 32.81020899973884 ], [ -97.294111000496017, 32.812690999822735 ], [ -97.290757000522532, 32.815376000188991 ], [ -97.290757000173841, 32.81494300032999 ], [ -97.29054599997589, 32.809769999639641 ], [ -97.290507000425563, 32.808982000239212 ], [ -97.290488999798725, 32.806474000260707 ], [ -97.290547000233246, 32.806136999585554 ], [ -97.290552000507418, 32.802978999805283 ], [ -97.290551999767956, 32.802475999898554 ], [ -97.290556000369918, 32.801388000240834 ], [ -97.290609000514777, 32.795110000387787 ], [ -97.293384000095173, 32.795114999555899 ], [ -97.293593999614629, 32.795113000334624 ], [ -97.301974999607765, 32.795132999739501 ], [ -97.307391999836497, 32.79511800012537 ], [ -97.308514000176046, 32.795163000159427 ], [ -97.308460999642392, 32.80101199984545 ] ] ] ] } },
{ "type": "Feature", "properties": { "GEOID": "48439105007", "NAME": "Census Tract 1050.07, Tarrant County, Texas", "variable": "B01003_001", "estimate": 5595, "moe": 910, "coverage_all": 5805.9689, "coverage_na": 2486.0, "coverage_4050": 2131.0, "coverage_5060": 636.8118, "coverage_6070": 319.317, "coverage_7080": 197.2343, "coverage_8090": 35.6059, "coverage_90": 0.0, "noise4050n": 1841.095, "noise5060n": 523.4056, "noise6070n": 188.7784, "noise7080n": 92.317, "noise8090n": 15.7337, "noise90n": 0.0, "noise4050p": 0.367, "noise5060p": 0.1097, "noise6070p": 0.055, "noise7080p": 0.034, "noise8090p": 0.0061, "noise90p": 0.0 }, "geometry": { "type": "MultiPolygon", "coordinates": [ [ [ [ -97.315427999735576, 32.839768000035981 ], [ -97.314022000364787, 32.84058700016412 ], [ -97.313172999827827, 32.841398999582367 ], [ -97.312772999832248, 32.842067000424187 ], [ -97.312500999982163, 32.843348000424712 ], [ -97.312565000021891, 32.847129999815259 ], [ -97.312572999742216, 32.848115000016179 ], [ -97.312836999955152, 32.853966000019547 ], [ -97.313687000428942, 32.858206999876835 ], [ -97.314212999659034, 32.860891999984382 ], [ -97.311846000239072, 32.860760000142314 ], [ -97.30943699946863, 32.860801000156023 ], [ -97.308165999512681, 32.860817999852763 ], [ -97.307011999878156, 32.860942999817183 ], [ -97.304744999706045, 32.861037000251201 ], [ -97.290072999727116, 32.860969999787557 ], [ -97.28988000012788, 32.860966999959373 ], [ -97.289823999516457, 32.85358100004968 ], [ -97.289823000296693, 32.853472000209344 ], [ -97.289820999899092, 32.849781000312419 ], [ -97.289822000110036, 32.847771000108573 ], [ -97.290276000388289, 32.844853000374286 ], [ -97.290360000094395, 32.83943300018398 ], [ -97.290673000246755, 32.839429999913165 ], [ -97.306932000436973, 32.839301999744414 ], [ -97.311411999689398, 32.838621999868614 ], [ -97.312866999514739, 32.838632999571345 ], [ -97.314027999683077, 32.838865999581394 ], [ -97.315275000213916, 32.839219000354078 ], [ -97.317444000205867, 32.839495000221426 ], [ -97.315427999735576, 32.839768000035981 ] ] ] ] } },
{ "type": "Feature", "properties": { "GEOID": "48439105008", "NAME": "Census Tract 1050.08, Tarrant County, Texas", "variable": "B01003_001", "estimate": 9816, "moe": 1144, "coverage_all": 5739.5194, "coverage_na": 2001.0, "coverage_4050": 2486.3886, "coverage_5060": 811.7988, "coverage_6070": 231.924, "coverage_7080": 117.7756, "coverage_8090": 90.6323, "coverage_90": 0.0, "noise4050n": 3311.8272, "noise5060n": 1064.1409, "noise6070n": 227.8824, "noise7080n": 113.4366, "noise8090n": 66.8499, "noise90n": 0.0, "noise4050p": 0.4332, "noise5060p": 0.1414, "noise6070p": 0.0404, "noise7080p": 0.0205, "noise8090p": 0.0158, "noise90p": 0.0 }, "geometry": { "type": "MultiPolygon", "coordinates": [ [ [ [ -97.342590000378081, 32.847859000299948 ], [ -97.333102000306766, 32.847834999652875 ], [ -97.330681999646956, 32.847844000117554 ], [ -97.329647999599828, 32.847924000260505 ], [ -97.330385000497813, 32.849020000379767 ], [ -97.333088000162178, 32.850094000301247 ], [ -97.333447000372701, 32.850371999720721 ], [ -97.333584999668417, 32.851816000097976 ], [ -97.333532000198204, 32.853681999664296 ], [ -97.333650000153028, 32.854603999837998 ], [ -97.333598999546481, 32.855595999675415 ], [ -97.333730999827253, 32.855911999879154 ], [ -97.335398000316033, 32.858357999841914 ], [ -97.335587999718712, 32.858636000371177 ], [ -97.33723999996451, 32.860584999712451 ], [ -97.338688999567268, 32.861405999648561 ], [ -97.335648999910845, 32.861349999788303 ], [ -97.334366999598046, 32.861358999590117 ], [ -97.333086000220291, 32.861229999940754 ], [ -97.327157999484911, 32.8611590003839 ], [ -97.322900999936536, 32.861134000201254 ], [ -97.321464999466357, 32.861118000147833 ], [ -97.317200999999116, 32.861010000017103 ], [ -97.314212999659034, 32.860891999984382 ], [ -97.313687000428942, 32.858206999876835 ], [ -97.312836999955152, 32.853966000019547 ], [ -97.312572999742216, 32.848115000016179 ], [ -97.312565000021891, 32.847129999815259 ], [ -97.312500999982163, 32.843348000424712 ], [ -97.312772999832248, 32.842067000424187 ], [ -97.313172999827827, 32.841398999582367 ], [ -97.314022000364787, 32.84058700016412 ], [ -97.315427999735576, 32.839768000035981 ], [ -97.317444000205867, 32.839495000221426 ], [ -97.319273000094455, 32.839443999979693 ], [ -97.321039000023646, 32.839460000222722 ], [ -97.326559000352802, 32.839541999898834 ], [ -97.329121999782259, 32.839919999846359 ], [ -97.342609000412224, 32.84283200016084 ], [ -97.342590000378081, 32.847859000299948 ] ] ] ] } },
{ "type": "Feature", "properties": { "GEOID": "48439105009", "NAME": "Census Tract 1050.09, Tarrant County, Texas", "variable": "B01003_001", "estimate": 6713, "moe": 942, "coverage_all": 25160.8035, "coverage_na": 1413.0, "coverage_4050": 7057.0, "coverage_5060": 14326.6833, "coverage_6070": 1855.5988, "coverage_7080": 427.3873, "coverage_8090": 74.0072, "coverage_90": 7.127, "noise4050n": 1594.8785, "noise5060n": 4946.6728, "noise6070n": 63.5762, "noise7080n": 23.8117, "noise8090n": 4.1357, "noise90n": 0.3652, "noise4050p": 0.2805, "noise5060p": 0.5694, "noise6070p": 0.0737, "noise7080p": 0.017, "noise8090p": 0.0029, "noise90p": 0.0003 }, "geometry": { "type": "MultiPolygon", "coordinates": [ [ [ [ -97.362809000313831, 32.836538999965136 ], [ -97.357955999784039, 32.838358000372381 ], [ -97.347510999649401, 32.842332999945015 ], [ -97.347306999626198, 32.842385000184635 ], [ -97.345499000135902, 32.842730000433505 ], [ -97.343014999501762, 32.842849000236775 ], [ -97.342609000412224, 32.84283200016084 ], [ -97.329121999782259, 32.839919999846359 ], [ -97.326559000352802, 32.839541999898834 ], [ -97.321039000023646, 32.839460000222722 ], [ -97.319273000094455, 32.839443999979693 ], [ -97.317444000205867, 32.839495000221426 ], [ -97.315275000213916, 32.839219000354078 ], [ -97.314027999683077, 32.838865999581394 ], [ -97.312866999514739, 32.838632999571345 ], [ -97.311411999689398, 32.838621999868614 ], [ -97.306932000436973, 32.839301999744414 ], [ -97.290673000246755, 32.839429999913165 ], [ -97.290636999834149, 32.831659999604078 ], [ -97.290659000389127, 32.824335999717398 ], [ -97.290644000211898, 32.820546000028777 ], [ -97.290757000522532, 32.815376000188991 ], [ -97.294111000496017, 32.812690999822735 ], [ -97.29718599992988, 32.81020899973884 ], [ -97.298185999592164, 32.809401000341843 ], [ -97.306441000283741, 32.802695000222222 ], [ -97.308460999642392, 32.80101199984545 ], [ -97.308514000176046, 32.795163000159427 ], [ -97.315565000429771, 32.795176000429372 ], [ -97.321715000091501, 32.79527400043316 ], [ -97.323475999458125, 32.795252999575276 ], [ -97.325843999620616, 32.795166000069486 ], [ -97.325798000265394, 32.797950000001158 ], [ -97.323538999695757, 32.797942000067387 ], [ -97.323090000011106, 32.79919599965924 ], [ -97.323051999630422, 32.803365999718409 ], [ -97.325760999928221, 32.803522999703752 ], [ -97.325736999625875, 32.806362000123556 ], [ -97.325732000091591, 32.810342000017599 ], [ -97.33209999990585, 32.81043499993401 ], [ -97.335894999592824, 32.810667999806832 ], [ -97.339611000006613, 32.810376999760351 ], [ -97.339566000515831, 32.813934999705069 ], [ -97.351423999804766, 32.814041999900766 ], [ -97.351464000075936, 32.818100999809957 ], [ -97.357744000427061, 32.829556999696464 ], [ -97.359777999678215, 32.831325000080334 ], [ -97.360963999851847, 32.832359999678566 ], [ -97.361385999692217, 32.832961000387378 ], [ -97.362565000218837, 32.835211000113276 ], [ -97.362809000313831, 32.836538999965136 ] ] ] ] } },
{ "type": "Feature", "properties": { "GEOID": "48439105201", "NAME": "Census Tract 1052.01, Tarrant County, Texas", "variable": "B01003_001", "estimate": 5467, "moe": 798, "coverage_all": 2541.1279, "coverage_na": 2032.3953, "coverage_4050": 166.4206, "coverage_5060": 246.938, "coverage_6070": 90.2842, "coverage_7080": 5.0319, "coverage_8090": 0.0579, "coverage_90": 0.0, "noise4050n": 247.5952, "noise5060n": 372.3624, "noise6070n": 154.6697, "noise7080n": 4.9769, "noise8090n": 0.0573, "noise90n": 0.0, "noise4050p": 0.0655, "noise5060p": 0.0972, "noise6070p": 0.0355, "noise7080p": 0.002, "noise8090p": 0.0, "noise90p": 0.0 }, "geometry": { "type": "MultiPolygon", "coordinates": [ [ [ [ -97.467001000292555, 32.738099000049196 ], [ -97.451789999533304, 32.738035000054538 ], [ -97.45177800001926, 32.737758000317108 ], [ -97.451696000458611, 32.736895999631358 ], [ -97.451399000527616, 32.736184000372681 ], [ -97.451002999956486, 32.735576000192353 ], [ -97.450757999594728, 32.734840000172028 ], [ -97.450720999886414, 32.734407999973634 ], [ -97.450712999610985, 32.733994999814342 ], [ -97.450976999984832, 32.722983999878636 ], [ -97.45713599984019, 32.723654000357783 ], [ -97.45776100015317, 32.723727999806826 ], [ -97.463007000247728, 32.724223999685627 ], [ -97.465479999718383, 32.724242999821364 ], [ -97.465580000158269, 32.727051999867307 ], [ -97.466679999996742, 32.728855999882533 ], [ -97.466522000481405, 32.729980999582416 ], [ -97.466465999823583, 32.733157999877299 ], [ -97.466517000253745, 32.734478000355161 ], [ -97.466839000198362, 32.736365000439825 ], [ -97.466889999660168, 32.737818999612017 ], [ -97.467001000292555, 32.738099000049196 ] ] ] ] } },
{ "type": "Feature", "properties": { "GEOID": "48439105203", "NAME": "Census Tract 1052.03, Tarrant County, Texas", "variable": "B01003_001", "estimate": 3418, "moe": 970, "coverage_all": 1776.1285, "coverage_na": 1540.6904, "coverage_4050": 73.0664, "coverage_5060": 123.676, "coverage_6070": 23.283, "coverage_7080": 12.4427, "coverage_8090": 2.97, "coverage_90": 0.0, "noise4050n": 131.9952, "noise5060n": 229.2225, "noise6070n": 40.8802, "noise7080n": 21.8263, "noise8090n": 5.2099, "noise90n": 0.0, "noise4050p": 0.0411, "noise5060p": 0.0696, "noise6070p": 0.0131, "noise7080p": 0.007, "noise8090p": 0.0017, "noise90p": 0.0 }, "geometry": { "type": "MultiPolygon", "coordinates": [ [ [ [ -97.480149999576724, 32.72448399973873 ], [ -97.475864999479938, 32.724400000292519 ], [ -97.469131999824469, 32.724325000153392 ], [ -97.465479999718383, 32.724242999821364 ], [ -97.463007000247728, 32.724223999685627 ], [ -97.45776100015317, 32.723727999806826 ], [ -97.457692999852057, 32.716295999790248 ], [ -97.459748000458902, 32.716295999805389 ], [ -97.464509000467189, 32.716285000113537 ], [ -97.466036000238503, 32.716354999824254 ], [ -97.467414000358787, 32.716830999870226 ], [ -97.472319999560511, 32.718195999655094 ], [ -97.478607000253746, 32.718227000089009 ], [ -97.479063999741655, 32.718217000379902 ], [ -97.480149999576724, 32.72448399973873 ] ] ] ] } },
{ "type": "Feature", "properties": { "GEOID": "48439105204", "NAME": "Census Tract 1052.04, Tarrant County, Texas", "variable": "B01003_001", "estimate": 3659, "moe": 1067, "coverage_all": 1028.2126, "coverage_na": 667.8877, "coverage_4050": 90.171, "coverage_5060": 138.567, "coverage_6070": 93.8734, "coverage_7080": 33.8998, "coverage_8090": 3.8137, "coverage_90": 0.0, "noise4050n": 278.3852, "noise5060n": 454.0868, "noise6070n": 303.7825, "noise7080n": 107.4386, "noise8090n": 9.0382, "noise90n": 0.0, "noise4050p": 0.0877, "noise5060p": 0.1348, "noise6070p": 0.0913, "noise7080p": 0.033, "noise8090p": 0.0037, "noise90p": 0.0 }, "geometry": { "type": "MultiPolygon", "coordinates": [ [ [ [ -97.481158000004285, 32.738115000003766 ], [ -97.47750900051706, 32.738157999631014 ], [ -97.475884999804506, 32.738127000030211 ], [ -97.475881000375111, 32.73791700034721 ], [ -97.475718999997014, 32.735160000107044 ], [ -97.473052000417283, 32.734527000112898 ], [ -97.472550000419034, 32.733929999775896 ], [ -97.474731999671263, 32.732729000403531 ], [ -97.474445000450046, 32.731664999699078 ], [ -97.472420999805365, 32.729886000249508 ], [ -97.472356999951344, 32.728510000412143 ], [ -97.476265000336426, 32.726006000295236 ], [ -97.475864999479938, 32.724400000292519 ], [ -97.480149999576724, 32.72448399973873 ], [ -97.48097700029949, 32.729287999670561 ], [ -97.481189000411618, 32.733288000063126 ], [ -97.481158000004285, 32.738115000003766 ] ] ] ] } },
{ "type": "Feature", "properties": { "GEOID": "48439105206", "NAME": "Census Tract 1052.06, Tarrant County, Texas", "variable": "B01003_001", "estimate": 2365, "moe": 678, "coverage_all": 697.371, "coverage_na": 605.0823, "coverage_4050": 27.9604, "coverage_5060": 30.5806, "coverage_6070": 33.7477, "coverage_7080": 0.0, "coverage_8090": 0.0, "coverage_90": 0.0, "noise4050n": 93.6781, "noise5060n": 123.3161, "noise6070n": 130.6698, "noise7080n": 0.0, "noise8090n": 0.0, "noise90n": 0.0, "noise4050p": 0.0401, "noise5060p": 0.0439, "noise6070p": 0.0484, "noise7080p": 0.0, "noise8090p": 0.0, "noise90p": 0.0 }, "geometry": { "type": "MultiPolygon", "coordinates": [ [ [ [ -97.476265000336426, 32.726006000295236 ], [ -97.472356999951344, 32.728510000412143 ], [ -97.472420999805365, 32.729886000249508 ], [ -97.474445000450046, 32.731664999699078 ], [ -97.474731999671263, 32.732729000403531 ], [ -97.472550000419034, 32.733929999775896 ], [ -97.471941000002559, 32.73278800008579 ], [ -97.468164999698772, 32.730551000061595 ], [ -97.466679999996742, 32.728855999882533 ], [ -97.465580000158269, 32.727051999867307 ], [ -97.465479999718383, 32.724242999821364 ], [ -97.469131999824469, 32.724325000153392 ], [ -97.475864999479938, 32.724400000292519 ], [ -97.476265000336426, 32.726006000295236 ] ] ] ] } },
{ "type": "Feature", "properties": { "GEOID": "48439105207", "NAME": "Census Tract 1052.07, Tarrant County, Texas", "variable": "B01003_001", "estimate": 3249, "moe": 682, "coverage_all": 591.6366, "coverage_na": 372.8104, "coverage_4050": 68.7031, "coverage_5060": 126.0061, "coverage_6070": 23.9833, "coverage_7080": 0.1244, "coverage_8090": 0.0093, "coverage_90": 0.0, "noise4050n": 319.9082, "noise5060n": 570.272, "noise6070n": 81.6242, "noise7080n": 0.3778, "noise8090n": 0.0282, "noise90n": 0.0, "noise4050p": 0.1161, "noise5060p": 0.213, "noise6070p": 0.0405, "noise7080p": 0.0002, "noise8090p": 0.0, "noise90p": 0.0 }, "geometry": { "type": "MultiPolygon", "coordinates": [ [ [ [ -97.475884999804506, 32.738127000030211 ], [ -97.467001000292555, 32.738099000049196 ], [ -97.466889999660168, 32.737818999612017 ], [ -97.466839000198362, 32.736365000439825 ], [ -97.466517000253745, 32.734478000355161 ], [ -97.466465999823583, 32.733157999877299 ], [ -97.466522000481405, 32.729980999582416 ], [ -97.466679999996742, 32.728855999882533 ], [ -97.468164999698772, 32.730551000061595 ], [ -97.471941000002559, 32.73278800008579 ], [ -97.472550000419034, 32.733929999775896 ], [ -97.473052000417283, 32.734527000112898 ], [ -97.475718999997014, 32.735160000107044 ], [ -97.475881000375111, 32.73791700034721 ], [ -97.475884999804506, 32.738127000030211 ] ] ] ] } },
{ "type": "Feature", "properties": { "GEOID": "48439105403", "NAME": "Census Tract 1054.03, Tarrant County, Texas", "variable": "B01003_001", "estimate": 6094, "moe": 613, "coverage_all": 6123.9873, "coverage_na": 3240.3212, "coverage_4050": 1636.613, "coverage_5060": 984.9508, "coverage_6070": 228.9705, "coverage_7080": 30.4607, "coverage_8090": 1.7399, "coverage_90": 0.9312, "noise4050n": 1296.0875, "noise5060n": 525.6816, "noise6070n": 234.6938, "noise7080n": 11.8149, "noise8090n": 0.6749, "noise90n": 0.3612, "noise4050p": 0.2672, "noise5060p": 0.1608, "noise6070p": 0.0374, "noise7080p": 0.005, "noise8090p": 0.0003, "noise90p": 0.0002 }, "geometry": { "type": "MultiPolygon", "coordinates": [ [ [ [ -97.390473999524716, 32.698137000340971 ], [ -97.389727999579335, 32.703234000328436 ], [ -97.389109000036086, 32.704454000002343 ], [ -97.387620000500178, 32.707490000224112 ], [ -97.385813999995847, 32.712544999836901 ], [ -97.384967999881752, 32.714818999623198 ], [ -97.384943000313598, 32.716001000313099 ], [ -97.385090000266814, 32.716384999952481 ], [ -97.386102999702885, 32.719358999705655 ], [ -97.382399999771096, 32.722135000387475 ], [ -97.371800000332811, 32.727464999996599 ], [ -97.363005999831913, 32.730645000337653 ], [ -97.358787000021437, 32.732801999765996 ], [ -97.358687999866802, 32.732368000329444 ], [ -97.357692999872825, 32.729075000122499 ], [ -97.359238000205778, 32.726269999627469 ], [ -97.35980099971421, 32.725233000421582 ], [ -97.364538000146652, 32.723736000274329 ], [ -97.36378800027633, 32.7222090002291 ], [ -97.36333700025321, 32.721812000338701 ], [ -97.363773999847695, 32.720273000012654 ], [ -97.366752000288542, 32.718659000321736 ], [ -97.370294000216546, 32.718367000361503 ], [ -97.372112999650071, 32.716917999635676 ], [ -97.371045000275245, 32.71556699993171 ], [ -97.37246200000034, 32.714251999725292 ], [ -97.372057999538541, 32.711178999755539 ], [ -97.37282500038836, 32.707180999744196 ], [ -97.374024000530184, 32.706105000194597 ], [ -97.374491000531535, 32.704240000370561 ], [ -97.374504000414149, 32.701937000407348 ], [ -97.374569000380049, 32.701593999890427 ], [ -97.374596000151655, 32.696418000016983 ], [ -97.375109999795981, 32.695430999806966 ], [ -97.37729499955266, 32.694239000095806 ], [ -97.378583999769191, 32.694383999798795 ], [ -97.379058999986015, 32.694823000260968 ], [ -97.383346999519105, 32.695641999902591 ], [ -97.384485000485668, 32.695509000262511 ], [ -97.388151000025886, 32.696351000031733 ], [ -97.391178999781516, 32.696167999857522 ], [ -97.390473999524716, 32.698137000340971 ] ] ] ] } },
{ "type": "Feature", "properties": { "GEOID": "48439105404", "NAME": "Census Tract 1054.04, Tarrant County, Texas", "variable": "B01003_001", "estimate": 3873, "moe": 452, "coverage_all": 3686.9501, "coverage_na": 2584.3261, "coverage_4050": 541.8688, "coverage_5060": 338.4882, "coverage_6070": 149.2867, "coverage_7080": 57.2378, "coverage_8090": 15.7425, "coverage_90": 0.0, "noise4050n": 458.7764, "noise5060n": 317.5419, "noise6070n": 179.6934, "noise7080n": 64.84, "noise8090n": 17.8713, "noise90n": 0.0, "noise4050p": 0.147, "noise5060p": 0.0918, "noise6070p": 0.0405, "noise7080p": 0.0155, "noise8090p": 0.0043, "noise90p": 0.0 }, "geometry": { "type": "MultiPolygon", "coordinates": [ [ [ [ -97.394000999589352, 32.691981999739113 ], [ -97.393466000306915, 32.693717000079438 ], [ -97.391178999781516, 32.696167999857522 ], [ -97.388151000025886, 32.696351000031733 ], [ -97.384485000485668, 32.695509000262511 ], [ -97.383346999519105, 32.695641999902591 ], [ -97.379058999986015, 32.694823000260968 ], [ -97.378583999769191, 32.694383999798795 ], [ -97.378885999957589, 32.693949000133877 ], [ -97.379022999914852, 32.691227999764223 ], [ -97.373648999702155, 32.688250999678061 ], [ -97.373987000253777, 32.68662900000929 ], [ -97.371758999744699, 32.686446999559386 ], [ -97.370227000394266, 32.685318999714525 ], [ -97.370016999948902, 32.685157999766545 ], [ -97.373419000477682, 32.681933000381754 ], [ -97.38076899952415, 32.675412999903777 ], [ -97.381165999466049, 32.675089999944639 ], [ -97.387213999778908, 32.67805200011933 ], [ -97.387302000319224, 32.678102000305351 ], [ -97.391273999915782, 32.679964000442382 ], [ -97.393182999503622, 32.680871999643827 ], [ -97.393053000389202, 32.681065999786156 ], [ -97.392545999649585, 32.682031000074822 ], [ -97.392502999915919, 32.682834000206149 ], [ -97.392540999507659, 32.686747000265839 ], [ -97.392642999624641, 32.687182000411504 ], [ -97.393905999641049, 32.689801999875748 ], [ -97.394000999589352, 32.691981999739113 ] ] ] ] } },
{ "type": "Feature", "properties": { "GEOID": "48439105405", "NAME": "Census Tract 1054.05, Tarrant County, Texas", "variable": "B01003_001", "estimate": 3788, "moe": 818, "coverage_all": 8630.6152, "coverage_na": 5052.1875, "coverage_4050": 1345.6198, "coverage_5060": 1276.9263, "coverage_6070": 666.5003, "coverage_7080": 281.2676, "coverage_8090": 6.1137, "coverage_90": 2.0, "noise4050n": 588.3866, "noise5060n": 479.8979, "noise6070n": 242.5386, "noise7080n": 167.0666, "noise8090n": 0.7345, "noise90n": 0.3672, "noise4050p": 0.1559, "noise5060p": 0.148, "noise6070p": 0.0772, "noise7080p": 0.0326, "noise8090p": 0.0007, "noise90p": 0.0002 }, "geometry": { "type": "MultiPolygon", "coordinates": [ [ [ [ -97.424185000078495, 32.696423999897497 ], [ -97.422108000224057, 32.697315999713986 ], [ -97.418477999954419, 32.698120000128306 ], [ -97.415219999945208, 32.701065999570169 ], [ -97.412969999970173, 32.704096999578105 ], [ -97.411807999997393, 32.704683999670046 ], [ -97.41181200036047, 32.707669000012004 ], [ -97.411705000278459, 32.710380000213213 ], [ -97.408160999549239, 32.711454000360646 ], [ -97.404878000504212, 32.712515000340488 ], [ -97.399247000509831, 32.715076999796921 ], [ -97.389653999718504, 32.718427000343468 ], [ -97.387602999460711, 32.719129999834486 ], [ -97.386331999609794, 32.719949000293411 ], [ -97.386102999702885, 32.719358999705655 ], [ -97.385090000266814, 32.716384999952481 ], [ -97.384943000313598, 32.716001000313099 ], [ -97.384967999881752, 32.714818999623198 ], [ -97.385813999995847, 32.712544999836901 ], [ -97.387620000500178, 32.707490000224112 ], [ -97.389109000036086, 32.704454000002343 ], [ -97.389727999579335, 32.703234000328436 ], [ -97.390473999524716, 32.698137000340971 ], [ -97.391178999781516, 32.696167999857522 ], [ -97.393466000306915, 32.693717000079438 ], [ -97.394000999589352, 32.691981999739113 ], [ -97.393905999641049, 32.689801999875748 ], [ -97.392642999624641, 32.687182000411504 ], [ -97.392540999507659, 32.686747000265839 ], [ -97.392502999915919, 32.682834000206149 ], [ -97.392545999649585, 32.682031000074822 ], [ -97.393053000389202, 32.681065999786156 ], [ -97.393182999503622, 32.680871999643827 ], [ -97.395820999757291, 32.681975999633977 ], [ -97.395109999549064, 32.682079000414255 ], [ -97.39917499998559, 32.683817999578409 ], [ -97.401418999671847, 32.684792000405004 ], [ -97.412468999896049, 32.689326000276786 ], [ -97.418598999852506, 32.691858999779846 ], [ -97.419552000424616, 32.692354999793451 ], [ -97.4209950000579, 32.69333300040131 ], [ -97.423662999795638, 32.695904999934925 ], [ -97.424083000467661, 32.69632200013195 ], [ -97.424185000078495, 32.696423999897497 ] ] ] ] } },
{ "type": "Feature", "properties": { "GEOID": "48439105407", "NAME": "Census Tract 1054.07, Tarrant County, Texas", "variable": "B01003_001", "estimate": 2576, "moe": 267, "coverage_all": 672.1273, "coverage_na": 234.8125, "coverage_4050": 338.132, "coverage_5060": 79.4232, "coverage_6070": 8.5782, "coverage_7080": 11.1815, "coverage_8090": 0.0, "coverage_90": 0.0, "noise4050n": 1312.0627, "noise5060n": 304.341, "noise6070n": 32.2098, "noise7080n": 41.9847, "noise8090n": 0.0, "noise90n": 0.0, "noise4050p": 0.5031, "noise5060p": 0.1182, "noise6070p": 0.0128, "noise7080p": 0.0166, "noise8090p": 0.0, "noise90p": 0.0 }, "geometry": { "type": "MultiPolygon", "coordinates": [ [ [ [ -97.425563999738699, 32.699511000388945 ], [ -97.420691999556041, 32.700580999863362 ], [ -97.419897999600821, 32.702803000390503 ], [ -97.414065000540063, 32.707337000282131 ], [ -97.41181200036047, 32.707669000012004 ], [ -97.411807999997393, 32.704683999670046 ], [ -97.412969999970173, 32.704096999578105 ], [ -97.415219999945208, 32.701065999570169 ], [ -97.418477999954419, 32.698120000128306 ], [ -97.422108000224057, 32.697315999713986 ], [ -97.424185000078495, 32.696423999897497 ], [ -97.426626000268669, 32.698843999738642 ], [ -97.425563999738699, 32.699511000388945 ] ] ] ] } },
{ "type": "Feature", "properties": { "GEOID": "48439105408", "NAME": "Census Tract 1054.08, Tarrant County, Texas", "variable": "B01003_001", "estimate": 2333, "moe": 469, "coverage_all": 2148.6427, "coverage_na": 710.7348, "coverage_4050": 625.7719, "coverage_5060": 584.4441, "coverage_6070": 176.1651, "coverage_7080": 47.5268, "coverage_8090": 4.0, "coverage_90": 0.0, "noise4050n": 672.995, "noise5060n": 826.2787, "noise6070n": 249.1221, "noise7080n": 75.6017, "noise8090n": 5.0288, "noise90n": 0.0, "noise4050p": 0.2912, "noise5060p": 0.272, "noise6070p": 0.082, "noise7080p": 0.0221, "noise8090p": 0.0019, "noise90p": 0.0 }, "geometry": { "type": "MultiPolygon", "coordinates": [ [ [ [ -97.435924000130953, 32.697006999806277 ], [ -97.435922000217801, 32.698352000282391 ], [ -97.43587299994806, 32.69946800023267 ], [ -97.43363199988147, 32.699581999880323 ], [ -97.429168000459697, 32.701429999839533 ], [ -97.426701999848248, 32.702690999662622 ], [ -97.419662000486397, 32.707527999726302 ], [ -97.416168999696453, 32.708806999946745 ], [ -97.412741999633681, 32.710008999816594 ], [ -97.411705000278459, 32.710380000213213 ], [ -97.41181200036047, 32.707669000012004 ], [ -97.414065000540063, 32.707337000282131 ], [ -97.419897999600821, 32.702803000390503 ], [ -97.420691999556041, 32.700580999863362 ], [ -97.425563999738699, 32.699511000388945 ], [ -97.426626000268669, 32.698843999738642 ], [ -97.424185000078495, 32.696423999897497 ], [ -97.42436600024412, 32.69632699962164 ], [ -97.424378000141758, 32.696327999593223 ], [ -97.427939999919502, 32.695955999688202 ], [ -97.428404000420372, 32.695693999670496 ], [ -97.429747999512955, 32.693938999562981 ], [ -97.429331000016546, 32.693181999855682 ], [ -97.427765999582803, 32.688465999858416 ], [ -97.427949000084681, 32.687582000167993 ], [ -97.427866999668908, 32.687270999595135 ], [ -97.426554999906699, 32.685345999959281 ], [ -97.426443000381468, 32.685097000424172 ], [ -97.426520000160963, 32.684479000015315 ], [ -97.434585999737536, 32.684837999616363 ], [ -97.434646999909347, 32.685082999804642 ], [ -97.435000000188708, 32.687187000073017 ], [ -97.435157000363958, 32.687229000078212 ], [ -97.434986999661788, 32.687746000413576 ], [ -97.435268999538877, 32.68779500001515 ], [ -97.435215999991186, 32.688259999921755 ], [ -97.435360999701516, 32.688926999692626 ], [ -97.435220000142664, 32.690986999690757 ], [ -97.435572999585389, 32.69315600007377 ], [ -97.43582300029351, 32.694777999746009 ], [ -97.435927000494729, 32.694855999699065 ], [ -97.435924000130953, 32.697006999806277 ] ] ] ] } },
{ "type": "Feature", "properties": { "GEOID": "48439105502", "NAME": "Census Tract 1055.02, Tarrant County, Texas", "variable": "B01003_001", "estimate": 7700, "moe": 2218, "coverage_all": 3901.7348, "coverage_na": 2791.3965, "coverage_4050": 498.996, "coverage_5060": 479.2264, "coverage_6070": 119.5989, "coverage_7080": 10.5193, "coverage_8090": 1.9976, "coverage_90": 0.0, "noise4050n": 873.4719, "noise5060n": 971.542, "noise6070n": 188.2925, "noise7080n": 15.6836, "noise8090n": 3.0512, "noise90n": 0.0, "noise4050p": 0.1279, "noise5060p": 0.1228, "noise6070p": 0.0307, "noise7080p": 0.0027, "noise8090p": 0.0005, "noise90p": 0.0 }, "geometry": { "type": "MultiPolygon", "coordinates": [ [ [ [ -97.389902000119676, 32.667856000101011 ], [ -97.386467000051695, 32.670698999970639 ], [ -97.384984000159179, 32.671925999760234 ], [ -97.381165999466049, 32.675089999944639 ], [ -97.377205999651011, 32.673215000287122 ], [ -97.371986000504378, 32.671763999653166 ], [ -97.372219999551078, 32.666000999782192 ], [ -97.370487000450936, 32.662880000234523 ], [ -97.370621000536616, 32.65493300008086 ], [ -97.371560000197888, 32.653518999961996 ], [ -97.372212999516734, 32.652711999647572 ], [ -97.372594000247148, 32.650087000237825 ], [ -97.376896000533918, 32.65051100021747 ], [ -97.382899999981447, 32.651096000414682 ], [ -97.381934000001053, 32.653860999743394 ], [ -97.381939000509263, 32.656503000378478 ], [ -97.38315599948821, 32.658296000248001 ], [ -97.387722999931427, 32.66112399986568 ], [ -97.392882999924069, 32.665387999911729 ], [ -97.389902000119676, 32.667856000101011 ] ] ] ] } },
{ "type": "Feature", "properties": { "GEOID": "48439105503", "NAME": "Census Tract 1055.03, Tarrant County, Texas", "variable": "B01003_001", "estimate": 5662, "moe": 702, "coverage_all": 4035.0477, "coverage_na": 2986.253, "coverage_4050": 473.019, "coverage_5060": 470.8631, "coverage_6070": 94.1522, "coverage_7080": 7.0906, "coverage_8090": 2.9074, "coverage_90": 0.7623, "noise4050n": 706.1411, "noise5060n": 703.5087, "noise6070n": 152.3466, "noise7080n": 11.2449, "noise8090n": 4.5991, "noise90n": 1.3695, "noise4050p": 0.1172, "noise5060p": 0.1167, "noise6070p": 0.0233, "noise7080p": 0.0018, "noise8090p": 0.0007, "noise90p": 0.0002 }, "geometry": { "type": "MultiPolygon", "coordinates": [ [ [ [ -97.412124000085726, 32.649024999745002 ], [ -97.41117000001222, 32.650209999898181 ], [ -97.405803999687123, 32.654663000284778 ], [ -97.400001999998793, 32.659474999624166 ], [ -97.396181000265244, 32.662643999924789 ], [ -97.396113000325713, 32.662700000184515 ], [ -97.392882999924069, 32.665387999911729 ], [ -97.387722999931427, 32.66112399986568 ], [ -97.38315599948821, 32.658296000248001 ], [ -97.381939000509263, 32.656503000378478 ], [ -97.381934000001053, 32.653860999743394 ], [ -97.382899999981447, 32.651096000414682 ], [ -97.387167999972888, 32.651380999574457 ], [ -97.38839800049594, 32.651108999862998 ], [ -97.389008000119716, 32.650807000241777 ], [ -97.390908999786262, 32.648822999991296 ], [ -97.392036000511567, 32.648153000189552 ], [ -97.39588199976221, 32.647931000370875 ], [ -97.397929000404133, 32.647556999620697 ], [ -97.402170999599193, 32.644469999655357 ], [ -97.404039000069446, 32.643777000433182 ], [ -97.409584999743743, 32.643799999629614 ], [ -97.409838000350476, 32.643827999983209 ], [ -97.410362000159736, 32.644035999995211 ], [ -97.413619999793141, 32.644793000282021 ], [ -97.412124000085726, 32.649024999745002 ] ] ] ] } },
{ "type": "Feature", "properties": { "GEOID": "48439105505", "NAME": "Census Tract 1055.05, Tarrant County, Texas", "variable": "B01003_001", "estimate": 5067, "moe": 833, "coverage_all": 2380.1182, "coverage_na": 1185.0, "coverage_4050": 558.0, "coverage_5060": 432.3729, "coverage_6070": 168.7053, "coverage_7080": 32.2086, "coverage_8090": 3.8314, "coverage_90": 0.0, "noise4050n": 1436.9294, "noise5060n": 1318.0506, "noise6070n": 459.3118, "noise7080n": 92.3975, "noise8090n": 14.4968, "noise90n": 0.0, "noise4050p": 0.2344, "noise5060p": 0.1817, "noise6070p": 0.0709, "noise7080p": 0.0135, "noise8090p": 0.0016, "noise90p": 0.0 }, "geometry": { "type": "MultiPolygon", "coordinates": [ [ [ [ -97.402357000456931, 32.664078000293898 ], [ -97.402038000261214, 32.664643999958699 ], [ -97.400861999578495, 32.666578000095875 ], [ -97.400440999870355, 32.667461999863889 ], [ -97.400165000170318, 32.668433000286093 ], [ -97.399956000252288, 32.671155999987164 ], [ -97.399562999915958, 32.67351300039288 ], [ -97.398145000047563, 32.675100000296759 ], [ -97.395699999809665, 32.677336999928187 ], [ -97.395339000260293, 32.677781999797496 ], [ -97.393182999503622, 32.680871999643827 ], [ -97.391273999915782, 32.679964000442382 ], [ -97.387302000319224, 32.678102000305351 ], [ -97.387213999778908, 32.67805200011933 ], [ -97.381165999466049, 32.675089999944639 ], [ -97.384984000159179, 32.671925999760234 ], [ -97.386467000051695, 32.670698999970639 ], [ -97.389902000119676, 32.667856000101011 ], [ -97.392882999924069, 32.665387999911729 ], [ -97.396113000325713, 32.662700000184515 ], [ -97.396181000265244, 32.662643999924789 ], [ -97.400001999998793, 32.659474999624166 ], [ -97.401541000376099, 32.660758000277461 ], [ -97.401994000166368, 32.661327000037964 ], [ -97.402509000380775, 32.662795999928662 ], [ -97.402357000456931, 32.664078000293898 ] ] ] ] } },
{ "type": "Feature", "properties": { "GEOID": "48439105511", "NAME": "Census Tract 1055.11, Tarrant County, Texas", "variable": "B01003_001", "estimate": 6207, "moe": 953, "coverage_all": 3120.7264, "coverage_na": 2572.043, "coverage_4050": 205.9346, "coverage_5060": 258.7896, "coverage_6070": 83.9591, "coverage_7080": 0.0, "coverage_8090": 0.0, "coverage_90": 0.0, "noise4050n": 409.9916, "noise5060n": 515.9064, "noise6070n": 169.8955, "noise7080n": 0.0, "noise8090n": 0.0, "noise90n": 0.0, "noise4050p": 0.066, "noise5060p": 0.0829, "noise6070p": 0.0269, "noise7080p": 0.0, "noise8090p": 0.0, "noise90p": 0.0 }, "geometry": { "type": "MultiPolygon", "coordinates": [ [ [ [ -97.393650999792229, 32.638162999770522 ], [ -97.389608000384314, 32.637569000216708 ], [ -97.388721999918545, 32.638158999963309 ], [ -97.388507000068302, 32.640090000177359 ], [ -97.386425000256352, 32.641080999762764 ], [ -97.385388000140892, 32.640610999939682 ], [ -97.384425999532155, 32.639626000013067 ], [ -97.382664999981102, 32.640272000257774 ], [ -97.380273000061763, 32.641705999845684 ], [ -97.379496000494242, 32.642051999939454 ], [ -97.379219999461299, 32.642135999781424 ], [ -97.378738999770761, 32.642249000373894 ], [ -97.377278000478427, 32.642545999590098 ], [ -97.376019999802608, 32.642856999816956 ], [ -97.375833999872484, 32.642313999888493 ], [ -97.374878999493177, 32.641037999830637 ], [ -97.370700000367293, 32.643440000382085 ], [ -97.369667999684609, 32.643690000301561 ], [ -97.369782000303942, 32.640223999666922 ], [ -97.369867000006494, 32.63483199980277 ], [ -97.369985000155509, 32.628860999963564 ], [ -97.370000999956218, 32.627932999909326 ], [ -97.376017000390846, 32.627993999554043 ], [ -97.378019000445448, 32.628021999651601 ], [ -97.384408000038363, 32.628041000222851 ], [ -97.387657000195347, 32.628061999951868 ], [ -97.387675000355955, 32.628787000138978 ], [ -97.388069999808707, 32.631172000149945 ], [ -97.39032199990433, 32.633719000277523 ], [ -97.394857999655684, 32.637684000230642 ], [ -97.393650999792229, 32.638162999770522 ] ] ] ] } },
{ "type": "Feature", "properties": { "GEOID": "48439105512", "NAME": "Census Tract 1055.12, Tarrant County, Texas", "variable": "B01003_001", "estimate": 5107, "moe": 1039, "coverage_all": 2936.8744, "coverage_na": 2752.1873, "coverage_4050": 63.1232, "coverage_5060": 119.8387, "coverage_6070": 1.7252, "coverage_7080": 0.0, "coverage_8090": 0.0, "coverage_90": 0.0, "noise4050n": 122.4444, "noise5060n": 204.1619, "noise6070n": 3.585, "noise7080n": 0.0, "noise8090n": 0.0, "noise90n": 0.0, "noise4050p": 0.0215, "noise5060p": 0.0408, "noise6070p": 0.0006, "noise7080p": 0.0, "noise8090p": 0.0, "noise90p": 0.0 }, "geometry": { "type": "MultiPolygon", "coordinates": [ [ [ [ -97.39588199976221, 32.647931000370875 ], [ -97.392036000511567, 32.648153000189552 ], [ -97.390908999786262, 32.648822999991296 ], [ -97.389008000119716, 32.650807000241777 ], [ -97.38839800049594, 32.651108999862998 ], [ -97.387167999972888, 32.651380999574457 ], [ -97.382899999981447, 32.651096000414682 ], [ -97.376896000533918, 32.65051100021747 ], [ -97.372594000247148, 32.650087000237825 ], [ -97.367684000241169, 32.649624999743018 ], [ -97.369586000423453, 32.647436000421358 ], [ -97.369667999684609, 32.643690000301561 ], [ -97.370700000367293, 32.643440000382085 ], [ -97.374878999493177, 32.641037999830637 ], [ -97.375833999872484, 32.642313999888493 ], [ -97.376019999802608, 32.642856999816956 ], [ -97.377278000478427, 32.642545999590098 ], [ -97.378738999770761, 32.642249000373894 ], [ -97.379219999461299, 32.642135999781424 ], [ -97.379496000494242, 32.642051999939454 ], [ -97.380273000061763, 32.641705999845684 ], [ -97.382664999981102, 32.640272000257774 ], [ -97.384425999532155, 32.639626000013067 ], [ -97.385388000140892, 32.640610999939682 ], [ -97.386425000256352, 32.641080999762764 ], [ -97.388507000068302, 32.640090000177359 ], [ -97.388721999918545, 32.638158999963309 ], [ -97.389608000384314, 32.637569000216708 ], [ -97.393650999792229, 32.638162999770522 ], [ -97.394857999655684, 32.637684000230642 ], [ -97.395632000419653, 32.638733999992773 ], [ -97.395979000065736, 32.640776999983999 ], [ -97.39588199976221, 32.647931000370875 ] ] ] ] } },
{ "type": "Feature", "properties": { "GEOID": "48439105513", "NAME": "Census Tract 1055.13, Tarrant County, Texas", "variable": "B01003_001", "estimate": 3128, "moe": 462, "coverage_all": 1599.8222, "coverage_na": 1219.4922, "coverage_4050": 104.2322, "coverage_5060": 173.9899, "coverage_6070": 94.4846, "coverage_7080": 7.6233, "coverage_8090": 0.0, "coverage_90": 0.0, "noise4050n": 124.7193, "noise5060n": 210.0295, "noise6070n": 85.2689, "noise7080n": 6.1237, "noise8090n": 0.0, "noise90n": 0.0, "noise4050p": 0.0652, "noise5060p": 0.1088, "noise6070p": 0.0591, "noise7080p": 0.0048, "noise8090p": 0.0, "noise90p": 0.0 }, "geometry": { "type": "MultiPolygon", "coordinates": [ [ [ [ -97.422716999712094, 32.661968999557288 ], [ -97.420048999797714, 32.666497000192827 ], [ -97.419200000116305, 32.672264999868268 ], [ -97.418257000113755, 32.674795999863605 ], [ -97.417598999461958, 32.675857999577424 ], [ -97.417031999758564, 32.676648999578852 ], [ -97.41656699977753, 32.677240999809555 ], [ -97.414299000221931, 32.676109999721724 ], [ -97.413361000094241, 32.675744999949423 ], [ -97.411703999662464, 32.67545699988024 ], [ -97.409993000440238, 32.675561999904332 ], [ -97.410365000132472, 32.674822000243779 ], [ -97.409530000216151, 32.67244099987456 ], [ -97.409523000155914, 32.669868999692547 ], [ -97.41010299956109, 32.66880499955937 ], [ -97.408724000241222, 32.663735999596376 ], [ -97.40776300037632, 32.662835000295466 ], [ -97.408319999946826, 32.662853999902879 ], [ -97.416088000535041, 32.662854000069935 ], [ -97.421374999627602, 32.661662000270326 ], [ -97.422716999712094, 32.661968999557288 ] ] ] ] } },
{ "type": "Feature", "properties": { "GEOID": "48439105514", "NAME": "Census Tract 1055.14, Tarrant County, Texas", "variable": "B01003_001", "estimate": 2992, "moe": 509, "coverage_all": 3054.0474, "coverage_na": 2021.0987, "coverage_4050": 282.8687, "coverage_5060": 412.8073, "coverage_6070": 295.3465, "coverage_7080": 41.9152, "coverage_8090": 0.0111, "coverage_90": 0.0, "noise4050n": 325.7235, "noise5060n": 407.4284, "noise6070n": 229.3873, "noise7080n": 27.892, "noise8090n": 0.0071, "noise90n": 0.0, "noise4050p": 0.0926, "noise5060p": 0.1352, "noise6070p": 0.0967, "noise7080p": 0.0137, "noise8090p": 3.6469e-06, "noise90p": 0.0 }, "geometry": { "type": "MultiPolygon", "coordinates": [ [ [ [ -97.414703000060427, 32.679786000073101 ], [ -97.414162999503517, 32.683435000272262 ], [ -97.399278999485418, 32.682875999817988 ], [ -97.395820999757291, 32.681975999633977 ], [ -97.393182999503622, 32.680871999643827 ], [ -97.395339000260293, 32.677781999797496 ], [ -97.395699999809665, 32.677336999928187 ], [ -97.398145000047563, 32.675100000296759 ], [ -97.399562999915958, 32.67351300039288 ], [ -97.399956000252288, 32.671155999987164 ], [ -97.400165000170318, 32.668433000286093 ], [ -97.400440999870355, 32.667461999863889 ], [ -97.400861999578495, 32.666578000095875 ], [ -97.402038000261214, 32.664643999958699 ], [ -97.402357000456931, 32.664078000293898 ], [ -97.402509000380775, 32.662795999928662 ], [ -97.40776300037632, 32.662835000295466 ], [ -97.408724000241222, 32.663735999596376 ], [ -97.41010299956109, 32.66880499955937 ], [ -97.409523000155914, 32.669868999692547 ], [ -97.409530000216151, 32.67244099987456 ], [ -97.410365000132472, 32.674822000243779 ], [ -97.409993000440238, 32.675561999904332 ], [ -97.411703999662464, 32.67545699988024 ], [ -97.413361000094241, 32.675744999949423 ], [ -97.414299000221931, 32.676109999721724 ], [ -97.41656699977753, 32.677240999809555 ], [ -97.414703000060427, 32.679786000073101 ] ] ] ] } },
{ "type": "Feature", "properties": { "GEOID": "48439105515", "NAME": "Census Tract 1055.15, Tarrant County, Texas", "variable": "B01003_001", "estimate": 6952, "moe": 1771, "coverage_all": 3071.2179, "coverage_na": 2464.7093, "coverage_4050": 205.5628, "coverage_5060": 257.2544, "coverage_6070": 123.0518, "coverage_7080": 20.5442, "coverage_8090": 0.0954, "coverage_90": 0.0, "noise4050n": 337.8238, "noise5060n": 559.2772, "noise6070n": 276.6976, "noise7080n": 20.0788, "noise8090n": 0.0933, "noise90n": 0.0, "noise4050p": 0.0669, "noise5060p": 0.0838, "noise6070p": 0.0401, "noise7080p": 0.0067, "noise8090p": 0.0, "noise90p": 0.0 }, "geometry": { "type": "MultiPolygon", "coordinates": [ [ [ [ -97.414591999469167, 32.6363329996841 ], [ -97.414637000060495, 32.640626999648539 ], [ -97.413619999793141, 32.644793000282021 ], [ -97.410362000159736, 32.644035999995211 ], [ -97.409838000350476, 32.643827999983209 ], [ -97.409584999743743, 32.643799999629614 ], [ -97.404039000069446, 32.643777000433182 ], [ -97.402170999599193, 32.644469999655357 ], [ -97.397929000404133, 32.647556999620697 ], [ -97.39588199976221, 32.647931000370875 ], [ -97.395979000065736, 32.640776999983999 ], [ -97.395632000419653, 32.638733999992773 ], [ -97.394857999655684, 32.637684000230642 ], [ -97.39032199990433, 32.633719000277523 ], [ -97.392072000328767, 32.632402000261024 ], [ -97.394702000197981, 32.631711000311419 ], [ -97.395687000173609, 32.631732000216964 ], [ -97.399414000384439, 32.632468999637979 ], [ -97.400921999717823, 32.632756000360047 ], [ -97.403359999476365, 32.632736999689669 ], [ -97.406059999733088, 32.632228999802741 ], [ -97.407399999683363, 32.631686000439956 ], [ -97.409682999901207, 32.63081800010616 ], [ -97.412269000067724, 32.62970300024886 ], [ -97.412886000006679, 32.62956499987024 ], [ -97.415054999498565, 32.635120999753276 ], [ -97.414591999469167, 32.6363329996841 ] ] ] ] } },
{ "type": "Feature", "properties": { "GEOID": "48439105516", "NAME": "Census Tract 1055.16, Tarrant County, Texas", "variable": "B01003_001", "estimate": 2533, "moe": 638, "coverage_all": 1011.3402, "coverage_na": 842.7139, "coverage_4050": 63.8913, "coverage_5060": 93.8087, "coverage_6070": 9.6808, "coverage_7080": 1.2454, "coverage_8090": 0.0, "coverage_90": 0.0, "noise4050n": 160.3273, "noise5060n": 235.1906, "noise6070n": 24.2398, "noise7080n": 3.1431, "noise8090n": 0.0, "noise90n": 0.0, "noise4050p": 0.0632, "noise5060p": 0.0928, "noise6070p": 0.0096, "noise7080p": 0.0012, "noise8090p": 0.0, "noise90p": 0.0 }, "geometry": { "type": "MultiPolygon", "coordinates": [ [ [ [ -97.412886000006679, 32.62956499987024 ], [ -97.412269000067724, 32.62970300024886 ], [ -97.409682999901207, 32.63081800010616 ], [ -97.407399999683363, 32.631686000439956 ], [ -97.406059999733088, 32.632228999802741 ], [ -97.403359999476365, 32.632736999689669 ], [ -97.400921999717823, 32.632756000360047 ], [ -97.399414000384439, 32.632468999637979 ], [ -97.395687000173609, 32.631732000216964 ], [ -97.394702000197981, 32.631711000311419 ], [ -97.392072000328767, 32.632402000261024 ], [ -97.39032199990433, 32.633719000277523 ], [ -97.388069999808707, 32.631172000149945 ], [ -97.387675000355955, 32.628787000138978 ], [ -97.387657000195347, 32.628061999951868 ], [ -97.388607000434163, 32.628065000103582 ], [ -97.395731000210915, 32.628106999900034 ], [ -97.398364999637181, 32.628130999938087 ], [ -97.399509999713018, 32.628161000366838 ], [ -97.400487999615521, 32.628199000356382 ], [ -97.40334799996603, 32.628493999848821 ], [ -97.406472999713216, 32.628898000173528 ], [ -97.409655999796627, 32.629262999842823 ], [ -97.412805000245328, 32.629260999768384 ], [ -97.412886000006679, 32.62956499987024 ] ] ] ] } },
{ "type": "Feature", "properties": { "GEOID": "48439105517", "NAME": "Census Tract 1055.17, Tarrant County, Texas", "variable": "B01003_001", "estimate": 3559, "moe": 964, "coverage_all": 1213.1271, "coverage_na": 693.4329, "coverage_4050": 247.6432, "coverage_5060": 165.8608, "coverage_6070": 87.7384, "coverage_7080": 12.8162, "coverage_8090": 5.3979, "coverage_90": 0.2377, "noise4050n": 758.3665, "noise5060n": 501.1229, "noise6070n": 256.9793, "noise7080n": 38.2327, "noise8090n": 16.7836, "noise90n": 0.6721, "noise4050p": 0.2041, "noise5060p": 0.1367, "noise6070p": 0.0723, "noise7080p": 0.0106, "noise8090p": 0.0044, "noise90p": 0.0002 }, "geometry": { "type": "MultiPolygon", "coordinates": [ [ [ [ -97.416538999694794, 32.652835999747715 ], [ -97.413549000091962, 32.651942000361544 ], [ -97.411950999809378, 32.653508000173481 ], [ -97.411107999831216, 32.657384000393563 ], [ -97.409087000288665, 32.659157000399496 ], [ -97.408375000021948, 32.66197099973391 ], [ -97.408319999946826, 32.662853999902879 ], [ -97.40776300037632, 32.662835000295466 ], [ -97.402509000380775, 32.662795999928662 ], [ -97.401994000166368, 32.661327000037964 ], [ -97.401541000376099, 32.660758000277461 ], [ -97.400001999998793, 32.659474999624166 ], [ -97.405803999687123, 32.654663000284778 ], [ -97.41117000001222, 32.650209999898181 ], [ -97.412124000085726, 32.649024999745002 ], [ -97.413619999793141, 32.644793000282021 ], [ -97.416360999538782, 32.645431000081004 ], [ -97.415977000426437, 32.649537999629565 ], [ -97.416538999694794, 32.652835999747715 ] ] ] ] } },
{ "type": "Feature", "properties": { "GEOID": "48439105518", "NAME": "Census Tract 1055.18, Tarrant County, Texas", "variable": "B01003_001", "estimate": 3464, "moe": 461, "coverage_all": 3002.6555, "coverage_na": 2463.9248, "coverage_4050": 169.8996, "coverage_5060": 244.2772, "coverage_6070": 116.1908, "coverage_7080": 8.3631, "coverage_8090": 0.0, "coverage_90": 0.0, "noise4050n": 167.2851, "noise5060n": 232.6552, "noise6070n": 215.3842, "noise7080n": 22.0848, "noise8090n": 0.0, "noise90n": 0.0, "noise4050p": 0.0566, "noise5060p": 0.0814, "noise6070p": 0.0387, "noise7080p": 0.0028, "noise8090p": 0.0, "noise90p": 0.0 }, "geometry": { "type": "MultiPolygon", "coordinates": [ [ [ [ -97.43039900044802, 32.653343000129098 ], [ -97.429103999680322, 32.655896000070356 ], [ -97.426320999986231, 32.659629999779632 ], [ -97.42588100029424, 32.659975999970577 ], [ -97.423630999654065, 32.66113500038724 ], [ -97.423103999508896, 32.661536999895795 ], [ -97.422716999712094, 32.661968999557288 ], [ -97.421374999627602, 32.661662000270326 ], [ -97.416088000535041, 32.662854000069935 ], [ -97.408319999946826, 32.662853999902879 ], [ -97.408375000021948, 32.66197099973391 ], [ -97.409087000288665, 32.659157000399496 ], [ -97.411107999831216, 32.657384000393563 ], [ -97.411950999809378, 32.653508000173481 ], [ -97.413549000091962, 32.651942000361544 ], [ -97.416538999694794, 32.652835999747715 ], [ -97.415977000426437, 32.649537999629565 ], [ -97.416360999538782, 32.645431000081004 ], [ -97.428367000114278, 32.645944000322608 ], [ -97.428393000360415, 32.647232000230041 ], [ -97.429829000055847, 32.650464000305753 ], [ -97.43039900044802, 32.653343000129098 ] ] ] ] } },
{ "type": "Feature", "properties": { "GEOID": "48439105519", "NAME": "Census Tract 1055.19, Tarrant County, Texas", "variable": "B01003_001", "estimate": 4482, "moe": 782, "coverage_all": 3162.2804, "coverage_na": 2793.5314, "coverage_4050": 146.2128, "coverage_5060": 194.5974, "coverage_6070": 25.5568, "coverage_7080": 2.3644, "coverage_8090": 0.0177, "coverage_90": 0.0, "noise4050n": 235.6139, "noise5060n": 287.9671, "noise6070n": 45.3312, "noise7080n": 4.7157, "noise8090n": 0.0352, "noise90n": 0.0, "noise4050p": 0.0462, "noise5060p": 0.0615, "noise6070p": 0.0081, "noise7080p": 0.0007, "noise8090p": 5.584e-06, "noise90p": 0.0 }, "geometry": { "type": "MultiPolygon", "coordinates": [ [ [ [ -97.434365999598882, 32.67432800020228 ], [ -97.434362000453149, 32.674867000164582 ], [ -97.433404000256971, 32.676797999924311 ], [ -97.430805000235367, 32.678640999986982 ], [ -97.429204999740932, 32.681772000243086 ], [ -97.425045000294332, 32.68298800038032 ], [ -97.424533000226504, 32.683139999562997 ], [ -97.424507999486494, 32.683597999962174 ], [ -97.422459999806392, 32.683559999960274 ], [ -97.417052000011907, 32.683476000135933 ], [ -97.414162999503517, 32.683435000272262 ], [ -97.414703000060427, 32.679786000073101 ], [ -97.41656699977753, 32.677240999809555 ], [ -97.417031999758564, 32.676648999578852 ], [ -97.417598999461958, 32.675857999577424 ], [ -97.418257000113755, 32.674795999863605 ], [ -97.419200000116305, 32.672264999868268 ], [ -97.420048999797714, 32.666497000192827 ], [ -97.422716999712094, 32.661968999557288 ], [ -97.423103999508896, 32.661536999895795 ], [ -97.423630999654065, 32.66113500038724 ], [ -97.42588100029424, 32.659975999970577 ], [ -97.426644999918381, 32.660872000173043 ], [ -97.428667999991589, 32.663361000030577 ], [ -97.429153000375962, 32.66904699983489 ], [ -97.430658000392427, 32.67053399977965 ], [ -97.433694000292334, 32.669831999622076 ], [ -97.434452000029893, 32.672933000118057 ], [ -97.434365999598882, 32.67432800020228 ] ] ] ] } },
{ "type": "Feature", "properties": { "GEOID": "48439105520", "NAME": "Census Tract 1055.20, Tarrant County, Texas", "variable": "B01003_001", "estimate": 2217, "moe": 333, "coverage_all": 4715.8678, "coverage_na": 4569.6746, "coverage_4050": 47.4523, "coverage_5060": 96.0484, "coverage_6070": 2.6925, "coverage_7080": 0.0, "coverage_8090": 0.0, "coverage_90": 0.0, "noise4050n": 24.1216, "noise5060n": 49.7053, "noise6070n": 1.2806, "noise7080n": 0.0, "noise8090n": 0.0, "noise90n": 0.0, "noise4050p": 0.0101, "noise5060p": 0.0204, "noise6070p": 0.0006, "noise7080p": 0.0, "noise8090p": 0.0, "noise90p": 0.0 }, "geometry": { "type": "MultiPolygon", "coordinates": [ [ [ [ -97.449942000063572, 32.659686000291892 ], [ -97.44884600009442, 32.66055599995142 ], [ -97.447014999885042, 32.664291999715878 ], [ -97.444673000223375, 32.663876999813588 ], [ -97.444704999660601, 32.662199000080399 ], [ -97.441940000034066, 32.662281000393087 ], [ -97.442356000069353, 32.664748999694325 ], [ -97.438704000230388, 32.666856999872024 ], [ -97.43641600013359, 32.666684999840861 ], [ -97.43648099986784, 32.668597000182189 ], [ -97.437313999981882, 32.670235000103368 ], [ -97.435605000243228, 32.671062000249592 ], [ -97.434452000029893, 32.672933000118057 ], [ -97.433694000292334, 32.669831999622076 ], [ -97.430658000392427, 32.67053399977965 ], [ -97.429153000375962, 32.66904699983489 ], [ -97.428667999991589, 32.663361000030577 ], [ -97.426644999918381, 32.660872000173043 ], [ -97.42588100029424, 32.659975999970577 ], [ -97.426320999986231, 32.659629999779632 ], [ -97.429103999680322, 32.655896000070356 ], [ -97.43039900044802, 32.653343000129098 ], [ -97.429829000055847, 32.650464000305753 ], [ -97.428393000360415, 32.647232000230041 ], [ -97.428367000114278, 32.645944000322608 ], [ -97.445404000028418, 32.646605999976728 ], [ -97.44676599978807, 32.646655999942801 ], [ -97.448436999500615, 32.650826000203331 ], [ -97.447913999724321, 32.652119000238379 ], [ -97.44753600006112, 32.653750999770608 ], [ -97.450342999966892, 32.65818100039732 ], [ -97.449942000063572, 32.659686000291892 ] ] ] ] } },
{ "type": "Feature", "properties": { "GEOID": "48439105600", "NAME": "Census Tract 1056, Tarrant County, Texas", "variable": "B01003_001", "estimate": 5168, "moe": 585, "coverage_all": 2848.3272, "coverage_na": 1018.2391, "coverage_4050": 1166.618, "coverage_5060": 398.1728, "coverage_6070": 136.3905, "coverage_7080": 112.8972, "coverage_8090": 16.0097, "coverage_90": 0.0, "noise4050n": 2178.9002, "noise5060n": 599.8993, "noise6070n": 197.251, "noise7080n": 169.873, "noise8090n": 22.6449, "noise90n": 0.0, "noise4050p": 0.4096, "noise5060p": 0.1398, "noise6070p": 0.0479, "noise7080p": 0.0396, "noise8090p": 0.0056, "noise90p": 0.0 }, "geometry": { "type": "MultiPolygon", "coordinates": [ [ [ [ -97.38076899952415, 32.675412999903777 ], [ -97.373419000477682, 32.681933000381754 ], [ -97.370016999948902, 32.685157999766545 ], [ -97.368974000138039, 32.684652000021238 ], [ -97.364705000283692, 32.684631000381479 ], [ -97.359729999923729, 32.684595999708762 ], [ -97.359842999548405, 32.677193999581533 ], [ -97.359854999745068, 32.674598000234717 ], [ -97.359866999824604, 32.67255200019823 ], [ -97.359881000288766, 32.67174199976364 ], [ -97.356563999756361, 32.671746999603087 ], [ -97.353003000413381, 32.671767000096047 ], [ -97.35303900014668, 32.670963000251923 ], [ -97.35332299982305, 32.670428000019392 ], [ -97.353978000258778, 32.669956000045097 ], [ -97.355269000130647, 32.669467999554548 ], [ -97.35586799988431, 32.669050000266388 ], [ -97.355992000004676, 32.668439000002166 ], [ -97.355990000361146, 32.667963000373021 ], [ -97.365936999579489, 32.670353999748677 ], [ -97.371986000504378, 32.671763999653166 ], [ -97.377205999651011, 32.673215000287122 ], [ -97.381165999466049, 32.675089999944639 ], [ -97.38076899952415, 32.675412999903777 ] ] ] ] } },
{ "type": "Feature", "properties": { "GEOID": "48439105701", "NAME": "Census Tract 1057.01, Tarrant County, Texas", "variable": "B01003_001", "estimate": 4484, "moe": 795, "coverage_all": 2343.2245, "coverage_na": 1122.2063, "coverage_4050": 580.1435, "coverage_5060": 526.2363, "coverage_6070": 96.0639, "coverage_7080": 14.7097, "coverage_8090": 3.8648, "coverage_90": 0.0, "noise4050n": 1033.4719, "noise5060n": 955.595, "noise6070n": 172.8647, "noise7080n": 24.9339, "noise8090n": 6.2428, "noise90n": 0.0, "noise4050p": 0.2476, "noise5060p": 0.2246, "noise6070p": 0.041, "noise7080p": 0.0063, "noise8090p": 0.0016, "noise90p": 0.0 }, "geometry": { "type": "MultiPolygon", "coordinates": [ [ [ [ -97.371986000504378, 32.671763999653166 ], [ -97.365936999579489, 32.670353999748677 ], [ -97.355990000361146, 32.667963000373021 ], [ -97.352590000214619, 32.667256999811791 ], [ -97.352846999970765, 32.661459000185623 ], [ -97.353086999989415, 32.655169999631653 ], [ -97.353640999613887, 32.654712000180879 ], [ -97.357236000306685, 32.654296000410703 ], [ -97.358885000094048, 32.653256999832443 ], [ -97.361633000086016, 32.655073000279728 ], [ -97.361902999982945, 32.6553360000309 ], [ -97.361892999692671, 32.65937399960265 ], [ -97.361893000063802, 32.662926000309682 ], [ -97.366534999596169, 32.662900000266916 ], [ -97.370487000450936, 32.662880000234523 ], [ -97.372219999551078, 32.666000999782192 ], [ -97.371986000504378, 32.671763999653166 ] ] ] ] } },
{ "type": "Feature", "properties": { "GEOID": "48439105703", "NAME": "Census Tract 1057.03, Tarrant County, Texas", "variable": "B01003_001", "estimate": 3424, "moe": 383, "coverage_all": 1970.4777, "coverage_na": 1424.4489, "coverage_4050": 264.2259, "coverage_5060": 245.8419, "coverage_6070": 32.6355, "coverage_7080": 2.217, "coverage_8090": 1.1085, "coverage_90": 0.0, "noise4050n": 569.5341, "noise5060n": 533.3875, "noise6070n": 72.4667, "noise7080n": 4.9579, "noise8090n": 2.479, "noise90n": 0.0, "noise4050p": 0.1341, "noise5060p": 0.1248, "noise6070p": 0.0166, "noise7080p": 0.0011, "noise8090p": 0.0006, "noise90p": 0.0 }, "geometry": { "type": "MultiPolygon", "coordinates": [ [ [ [ -97.372212999516734, 32.652711999647572 ], [ -97.371560000197888, 32.653518999961996 ], [ -97.370621000536616, 32.65493300008086 ], [ -97.370487000450936, 32.662880000234523 ], [ -97.366534999596169, 32.662900000266916 ], [ -97.361893000063802, 32.662926000309682 ], [ -97.361892999692671, 32.65937399960265 ], [ -97.361902999982945, 32.6553360000309 ], [ -97.361633000086016, 32.655073000279728 ], [ -97.358885000094048, 32.653256999832443 ], [ -97.357236000306685, 32.654296000410703 ], [ -97.353640999613887, 32.654712000180879 ], [ -97.353086999989415, 32.655169999631653 ], [ -97.35312599948206, 32.654078000020498 ], [ -97.353337000366835, 32.649001999583867 ], [ -97.35334600001346, 32.648828999733176 ], [ -97.356035000426473, 32.648856999645474 ], [ -97.357849000013545, 32.64866900016694 ], [ -97.36057299957649, 32.648943000037988 ], [ -97.367684000241169, 32.649624999743018 ], [ -97.372594000247148, 32.650087000237825 ], [ -97.372212999516734, 32.652711999647572 ] ] ] ] } },
{ "type": "Feature", "properties": { "GEOID": "48439105705", "NAME": "Census Tract 1057.05, Tarrant County, Texas", "variable": "B01003_001", "estimate": 4254, "moe": 624, "coverage_all": 1738.075, "coverage_na": 1406.2314, "coverage_4050": 149.3869, "coverage_5060": 144.5523, "coverage_6070": 37.9044, "coverage_7080": 0.0, "coverage_8090": 0.0, "coverage_90": 0.0, "noise4050n": 260.9794, "noise5060n": 239.7821, "noise6070n": 56.582, "noise7080n": 0.0, "noise8090n": 0.0, "noise90n": 0.0, "noise4050p": 0.0859, "noise5060p": 0.0832, "noise6070p": 0.0218, "noise7080p": 0.0, "noise8090p": 0.0, "noise90p": 0.0 }, "geometry": { "type": "MultiPolygon", "coordinates": [ [ [ [ -97.369782000303942, 32.640223999666922 ], [ -97.369667999684609, 32.643690000301561 ], [ -97.369586000423453, 32.647436000421358 ], [ -97.367684000241169, 32.649624999743018 ], [ -97.36057299957649, 32.648943000037988 ], [ -97.357849000013545, 32.64866900016694 ], [ -97.357956999529137, 32.647843999966611 ], [ -97.358631000400493, 32.646563000395183 ], [ -97.358640999900814, 32.643172000380794 ], [ -97.359123000517272, 32.643137999721219 ], [ -97.359542000237852, 32.643126000228165 ], [ -97.359541999801223, 32.641878000360919 ], [ -97.36127100011737, 32.640924999597161 ], [ -97.359626000125033, 32.640909000232021 ], [ -97.359603000181139, 32.634803999938057 ], [ -97.361468999743295, 32.634802000289653 ], [ -97.369867000006494, 32.63483199980277 ], [ -97.369782000303942, 32.640223999666922 ] ] ] ] } },
{ "type": "Feature", "properties": { "GEOID": "48439105706", "NAME": "Census Tract 1057.06, Tarrant County, Texas", "variable": "B01003_001", "estimate": 4107, "moe": 806, "coverage_all": 1724.2584, "coverage_na": 71.0897, "coverage_4050": 922.2923, "coverage_5060": 541.2719, "coverage_6070": 154.7613, "coverage_7080": 25.8433, "coverage_8090": 4.0, "coverage_90": 5.0, "noise4050n": 2213.0966, "noise5060n": 1250.7143, "noise6070n": 345.218, "noise7080n": 72.5288, "noise8090n": 16.7778, "noise90n": 9.076, "noise4050p": 0.5349, "noise5060p": 0.3139, "noise6070p": 0.0898, "noise7080p": 0.015, "noise8090p": 0.0023, "noise90p": 0.0029 }, "geometry": { "type": "MultiPolygon", "coordinates": [ [ [ [ -97.36127100011737, 32.640924999597161 ], [ -97.359541999801223, 32.641878000360919 ], [ -97.359542000237852, 32.643126000228165 ], [ -97.359123000517272, 32.643137999721219 ], [ -97.358640999900814, 32.643172000380794 ], [ -97.358631000400493, 32.646563000395183 ], [ -97.357956999529137, 32.647843999966611 ], [ -97.357849000013545, 32.64866900016694 ], [ -97.356035000426473, 32.648856999645474 ], [ -97.35334600001346, 32.648828999733176 ], [ -97.348570000366806, 32.648783000377279 ], [ -97.348463000475064, 32.643064999770701 ], [ -97.348618000043047, 32.634818999722242 ], [ -97.352439999511617, 32.634814999865164 ], [ -97.353957000115983, 32.634811000392439 ], [ -97.357652999490398, 32.634799999618096 ], [ -97.359210000043888, 32.634802999936539 ], [ -97.359603000181139, 32.634803999938057 ], [ -97.359626000125033, 32.640909000232021 ], [ -97.36127100011737, 32.640924999597161 ] ] ] ] } },
{ "type": "Feature", "properties": { "GEOID": "48439105800", "NAME": "Census Tract 1058, Tarrant County, Texas", "variable": "B01003_001", "estimate": 4597, "moe": 730, "coverage_all": 1833.16, "coverage_na": 363.7438, "coverage_4050": 667.1327, "coverage_5060": 504.3563, "coverage_6070": 175.3418, "coverage_7080": 70.6578, "coverage_8090": 51.9275, "coverage_90": 0.0, "noise4050n": 1676.1887, "noise5060n": 1209.1291, "noise6070n": 430.9658, "noise7080n": 194.0182, "noise8090n": 144.706, "noise90n": 0.0, "noise4050p": 0.3639, "noise5060p": 0.2751, "noise6070p": 0.0957, "noise7080p": 0.0385, "noise8090p": 0.0283, "noise90p": 0.0 }, "geometry": { "type": "MultiPolygon", "coordinates": [ [ [ [ -97.352590000214619, 32.667256999811791 ], [ -97.352317999938691, 32.667201999674248 ], [ -97.350999999883584, 32.668223999986246 ], [ -97.351851000007187, 32.670546999623461 ], [ -97.345088999652489, 32.670569000386557 ], [ -97.345088999587432, 32.668725999837811 ], [ -97.334128000153314, 32.668712000275448 ], [ -97.332285999667988, 32.667363999646469 ], [ -97.33181299981905, 32.66447000039485 ], [ -97.331808000036858, 32.664077999918362 ], [ -97.331888000392098, 32.662594000034055 ], [ -97.332859000100342, 32.661208999832411 ], [ -97.333721000190067, 32.661481000135012 ], [ -97.348638999838442, 32.661449999810593 ], [ -97.352846999970765, 32.661459000185623 ], [ -97.352590000214619, 32.667256999811791 ] ] ] ] } },
{ "type": "Feature", "properties": { "GEOID": "48439105901", "NAME": "Census Tract 1059.01, Tarrant County, Texas", "variable": "B01003_001", "estimate": 4243, "moe": 615, "coverage_all": 2405.0302, "coverage_na": 63.0, "coverage_4050": 923.4246, "coverage_5060": 949.0415, "coverage_6070": 247.7982, "coverage_7080": 116.9968, "coverage_8090": 103.8176, "coverage_90": 0.9514, "noise4050n": 1323.5269, "noise5060n": 2148.5391, "noise6070n": 462.9685, "noise7080n": 130.2739, "noise8090n": 115.7419, "noise90n": 0.9217, "noise4050p": 0.384, "noise5060p": 0.3946, "noise6070p": 0.103, "noise7080p": 0.0486, "noise8090p": 0.0432, "noise90p": 0.0004 }, "geometry": { "type": "MultiPolygon", "coordinates": [ [ [ [ -97.331791999939952, 32.678924999844696 ], [ -97.331754999916171, 32.684112999578581 ], [ -97.328955999981403, 32.684116999899878 ], [ -97.326292000448845, 32.684339999795093 ], [ -97.323359999705346, 32.684302999757229 ], [ -97.321648999806413, 32.684369999794853 ], [ -97.320550000254229, 32.68433400018634 ], [ -97.320304999856319, 32.684331000170623 ], [ -97.315220999723152, 32.684369999660433 ], [ -97.314412999950221, 32.678435000169323 ], [ -97.31163399998394, 32.674508999931163 ], [ -97.30949400006935, 32.67222399981236 ], [ -97.306099000252928, 32.669643000387325 ], [ -97.306650999820306, 32.669670000116355 ], [ -97.307929000132717, 32.669597000376861 ], [ -97.308794000403296, 32.669496000051701 ], [ -97.310817999623225, 32.669223999556962 ], [ -97.311561999496703, 32.669051000026151 ], [ -97.320490999950152, 32.666857000243063 ], [ -97.32046100035916, 32.667122000254743 ], [ -97.32037699958569, 32.669853999982998 ], [ -97.320263999907127, 32.676479000371771 ], [ -97.320554000276601, 32.676479000215608 ], [ -97.32213400013984, 32.67654999996202 ], [ -97.325117999855294, 32.677894999973539 ], [ -97.32702700037558, 32.678074999869288 ], [ -97.331785000149566, 32.678085000112112 ], [ -97.331791999939952, 32.678924999844696 ] ] ] ] } },
{ "type": "Feature", "properties": { "GEOID": "48439105902", "NAME": "Census Tract 1059.02, Tarrant County, Texas", "variable": "B01003_001", "estimate": 6214, "moe": 1026, "coverage_all": 6542.2415, "coverage_na": 4055.0, "coverage_4050": 1621.1196, "coverage_5060": 573.8721, "coverage_6070": 149.5758, "coverage_7080": 56.8485, "coverage_8090": 85.7769, "coverage_90": 0.0486, "noise4050n": 2115.6593, "noise5060n": 517.7633, "noise6070n": 90.1673, "noise7080n": 29.3954, "noise8090n": 40.264, "noise90n": 0.043, "noise4050p": 0.2478, "noise5060p": 0.0877, "noise6070p": 0.0229, "noise7080p": 0.0087, "noise8090p": 0.0131, "noise90p": 7.4221e-06 }, "geometry": { "type": "MultiPolygon", "coordinates": [ [ [ [ -97.315220999723152, 32.684369999660433 ], [ -97.312642000282082, 32.684395999870588 ], [ -97.306351000243183, 32.684453999794627 ], [ -97.306257999519048, 32.684387000090148 ], [ -97.305442000327815, 32.684344999730428 ], [ -97.289216000112972, 32.684785999978679 ], [ -97.287363000195541, 32.684838000401946 ], [ -97.286229999954386, 32.683815999859348 ], [ -97.280111000508626, 32.678238000192657 ], [ -97.280186000334155, 32.671773999629934 ], [ -97.280271000420115, 32.666100000405123 ], [ -97.281405999530037, 32.661327000308525 ], [ -97.28426599953653, 32.66162199988937 ], [ -97.293689000130215, 32.665679999879671 ], [ -97.300887000535937, 32.668759000423393 ], [ -97.306099000252928, 32.669643000387325 ], [ -97.30949400006935, 32.67222399981236 ], [ -97.31163399998394, 32.674508999931163 ], [ -97.314412999950221, 32.678435000169323 ], [ -97.315220999723152, 32.684369999660433 ] ] ] ] } },
{ "type": "Feature", "properties": { "GEOID": "48439106002", "NAME": "Census Tract 1060.02, Tarrant County, Texas", "variable": "B01003_001", "estimate": 3420, "moe": 670, "coverage_all": 15739.7372, "coverage_na": 9466.5333, "coverage_4050": 3433.0127, "coverage_5060": 2075.8749, "coverage_6070": 498.2556, "coverage_7080": 182.9425, "coverage_8090": 83.1183, "coverage_90": 0.0, "noise4050n": 474.6125, "noise5060n": 331.5207, "noise6070n": 116.8881, "noise7080n": 52.0232, "noise8090n": 10.7498, "noise90n": 0.0, "noise4050p": 0.2181, "noise5060p": 0.1319, "noise6070p": 0.0317, "noise7080p": 0.0116, "noise8090p": 0.0053, "noise90p": 0.0 }, "geometry": { "type": "MultiPolygon", "coordinates": [ [ [ [ -97.321463999934224, 32.635162999986925 ], [ -97.321371000088959, 32.643739999948231 ], [ -97.321284999640355, 32.653323999827663 ], [ -97.321204000364403, 32.655265000119265 ], [ -97.321179999963988, 32.660483999741245 ], [ -97.320490999950152, 32.666857000243063 ], [ -97.311561999496703, 32.669051000026151 ], [ -97.310817999623225, 32.669223999556962 ], [ -97.308794000403296, 32.669496000051701 ], [ -97.307929000132717, 32.669597000376861 ], [ -97.306650999820306, 32.669670000116355 ], [ -97.306099000252928, 32.669643000387325 ], [ -97.300887000535937, 32.668759000423393 ], [ -97.293689000130215, 32.665679999879671 ], [ -97.28426599953653, 32.66162199988937 ], [ -97.281405999530037, 32.661327000308525 ], [ -97.283522999925154, 32.654068000019009 ], [ -97.283722000329163, 32.652869999556749 ], [ -97.284856999880247, 32.648421000313284 ], [ -97.286215000036577, 32.643151999611369 ], [ -97.287545000061911, 32.638134000009281 ], [ -97.28868199991679, 32.633780000319646 ], [ -97.292228000420891, 32.633646999919016 ], [ -97.292244000266493, 32.631031999597951 ], [ -97.292686000237282, 32.631029999663625 ], [ -97.293736000126799, 32.631032999855357 ], [ -97.300830999580455, 32.63102299962668 ], [ -97.300832000482302, 32.626901000426848 ], [ -97.301219000278621, 32.627057000195293 ], [ -97.302300999539383, 32.627339000431611 ], [ -97.304426000405272, 32.627557999617146 ], [ -97.313067000343182, 32.627593999899851 ], [ -97.321484999725882, 32.627663999951224 ], [ -97.321463999934224, 32.635162999986925 ] ] ] ] } },
{ "type": "Feature", "properties": { "GEOID": "48439106004", "NAME": "Census Tract 1060.04, Tarrant County, Texas", "variable": "B01003_001", "estimate": 8151, "moe": 1580, "coverage_all": 23226.834, "coverage_na": 20460.3278, "coverage_4050": 1797.5807, "coverage_5060": 721.6158, "coverage_6070": 147.1851, "coverage_7080": 41.1645, "coverage_8090": 58.9601, "coverage_90": 0.0, "noise4050n": 579.2803, "noise5060n": 281.8108, "noise6070n": 44.8536, "noise7080n": 12.7538, "noise8090n": 18.5354, "noise90n": 0.0, "noise4050p": 0.0774, "noise5060p": 0.0311, "noise6070p": 0.0063, "noise7080p": 0.0018, "noise8090p": 0.0025, "noise90p": 0.0 }, "geometry": { "type": "MultiPolygon", "coordinates": [ [ [ [ -97.3215379994963, 32.613994000391884 ], [ -97.321484999725882, 32.627663999951224 ], [ -97.313067000343182, 32.627593999899851 ], [ -97.304426000405272, 32.627557999617146 ], [ -97.302300999539383, 32.627339000431611 ], [ -97.301219000278621, 32.627057000195293 ], [ -97.300832000482302, 32.626901000426848 ], [ -97.297033999989281, 32.624557000182399 ], [ -97.295015000421017, 32.623948999668883 ], [ -97.293225999708568, 32.623592000059389 ], [ -97.293285999993984, 32.620031999868296 ], [ -97.294598000379253, 32.61649400036287 ], [ -97.287117999656374, 32.616500999620207 ], [ -97.287109000173373, 32.623736999575563 ], [ -97.280744999640433, 32.623772999942219 ], [ -97.269981999537578, 32.623729999602716 ], [ -97.270028999967195, 32.630318999878313 ], [ -97.267978000519392, 32.630298999987239 ], [ -97.267978999633073, 32.629084000393995 ], [ -97.266130999745428, 32.629098000179759 ], [ -97.266104999709469, 32.630285999557394 ], [ -97.261376999778619, 32.6302880001302 ], [ -97.261369999805979, 32.630959000243479 ], [ -97.26131299955064, 32.635140999577047 ], [ -97.269946000070959, 32.63515399992999 ], [ -97.269939999519778, 32.634566000147267 ], [ -97.27235700010938, 32.634502000266252 ], [ -97.280196000029022, 32.633954000179138 ], [ -97.280120999530283, 32.643075999894414 ], [ -97.286215000036577, 32.643151999611369 ], [ -97.284856999880247, 32.648421000313284 ], [ -97.277918999697079, 32.648470000069615 ], [ -97.277920000463268, 32.645566000429142 ], [ -97.272021000517242, 32.645587999773873 ], [ -97.270051000440048, 32.646172999693704 ], [ -97.269916999606536, 32.645511000383081 ], [ -97.252667000419208, 32.645484000292974 ], [ -97.252571999483763, 32.652743000196388 ], [ -97.251054000279026, 32.652822999688105 ], [ -97.251063000009808, 32.655261999625694 ], [ -97.25255399960291, 32.656468999757948 ], [ -97.243326999992334, 32.656464000041986 ], [ -97.243227000414919, 32.656464000222144 ], [ -97.243056999846857, 32.656464000340542 ], [ -97.242944999968685, 32.656463999736211 ], [ -97.242816000053338, 32.656464000240817 ], [ -97.241501999992664, 32.65497199973273 ], [ -97.241629000190656, 32.65491300011869 ], [ -97.242495000348526, 32.65451100039342 ], [ -97.243829000098629, 32.652769000032094 ], [ -97.24391500020505, 32.651153000025047 ], [ -97.244300999802732, 32.650553999756937 ], [ -97.247741000161426, 32.649025000373761 ], [ -97.248312000131705, 32.64671499960275 ], [ -97.247618000263145, 32.645530000265886 ], [ -97.244574999628725, 32.642528000442262 ], [ -97.243908000097008, 32.642093999719158 ], [ -97.242716000408663, 32.642032000079674 ], [ -97.242175000195374, 32.638437999669186 ], [ -97.239672000044166, 32.637777000388311 ], [ -97.240076999816011, 32.63690999980934 ], [ -97.241313000206773, 32.636753999810622 ], [ -97.243469999640482, 32.635509000374633 ], [ -97.243053000149445, 32.63168599981681 ], [ -97.243908999613609, 32.631510000054611 ], [ -97.246079000519686, 32.631655999937955 ], [ -97.246321999878617, 32.629782000066058 ], [ -97.247748999911735, 32.630397000332557 ], [ -97.248188999892562, 32.625880999601691 ], [ -97.249013999978558, 32.62636199958704 ], [ -97.25126400016967, 32.624656999847211 ], [ -97.253989000038189, 32.623793000391885 ], [ -97.255263999776091, 32.623376000127585 ], [ -97.256738000093179, 32.621420000049007 ], [ -97.256345999950099, 32.619431000407332 ], [ -97.25704999974991, 32.618343000336928 ], [ -97.256624000266214, 32.616449999581548 ], [ -97.257413999597631, 32.615763999637998 ], [ -97.256779999764689, 32.611175000045662 ], [ -97.258084000104333, 32.608617000337659 ], [ -97.259450999667877, 32.607145000027344 ], [ -97.261075000524841, 32.606520999581733 ], [ -97.261965999897512, 32.604143000219047 ], [ -97.26493199998886, 32.603218000385887 ], [ -97.266719999571862, 32.606501999936306 ], [ -97.268260999785966, 32.606439999637686 ], [ -97.268988999775658, 32.603889999777451 ], [ -97.284058999778495, 32.603984999575395 ], [ -97.284840000211574, 32.603998999563615 ], [ -97.294191999483246, 32.604056000266645 ], [ -97.296247000054365, 32.604063999559408 ], [ -97.308707000093023, 32.604107000331325 ], [ -97.308695000519648, 32.602682999565253 ], [ -97.311983999488845, 32.604291000176723 ], [ -97.317389000266431, 32.604863000114854 ], [ -97.319070999936045, 32.605109999705952 ], [ -97.320108000062547, 32.605131000193367 ], [ -97.321524999656447, 32.611689999800255 ], [ -97.3215379994963, 32.613994000391884 ] ] ] ] } },
{ "type": "Feature", "properties": { "GEOID": "48439106005", "NAME": "Census Tract 1060.05, Tarrant County, Texas", "variable": "B01003_001", "estimate": 4898, "moe": 1503, "coverage_all": 3316.5817, "coverage_na": 117.0, "coverage_4050": 1932.0, "coverage_5060": 891.853, "coverage_6070": 225.6055, "coverage_7080": 117.3124, "coverage_8090": 31.4922, "coverage_90": 1.3186, "noise4050n": 3084.0725, "noise5060n": 1193.9825, "noise6070n": 287.05, "noise7080n": 149.0129, "noise8090n": 45.9535, "noise90n": 1.4681, "noise4050p": 0.5825, "noise5060p": 0.2689, "noise6070p": 0.068, "noise7080p": 0.0354, "noise8090p": 0.0095, "noise90p": 0.0004 }, "geometry": { "type": "MultiPolygon", "coordinates": [ [ [ [ -97.332652000461891, 32.645132999862156 ], [ -97.33086000038405, 32.650369999624409 ], [ -97.330719999590542, 32.650761000012444 ], [ -97.32783299999214, 32.658810000228137 ], [ -97.327242999848607, 32.660848999666108 ], [ -97.326978999972098, 32.662453000081371 ], [ -97.326902000268376, 32.664731000001296 ], [ -97.326911000154709, 32.665431000204272 ], [ -97.320972999808674, 32.666740999698483 ], [ -97.320758999675718, 32.666787000260499 ], [ -97.320490999950152, 32.666857000243063 ], [ -97.321179999963988, 32.660483999741245 ], [ -97.321204000364403, 32.655265000119265 ], [ -97.321284999640355, 32.653323999827663 ], [ -97.321371000088959, 32.643739999948231 ], [ -97.321463999934224, 32.635162999986925 ], [ -97.321973000384006, 32.635171000303515 ], [ -97.327343999584045, 32.635202000265245 ], [ -97.330117999552016, 32.635192000416822 ], [ -97.334012999790133, 32.635192999650386 ], [ -97.332652000461891, 32.645132999862156 ] ] ] ] } },
{ "type": "Feature", "properties": { "GEOID": "48439106006", "NAME": "Census Tract 1060.06, Tarrant County, Texas", "variable": "B01003_001", "estimate": 5447, "moe": 954, "coverage_all": 2438.82, "coverage_na": 816.0, "coverage_4050": 1044.0053, "coverage_5060": 424.8194, "coverage_6070": 131.9289, "coverage_7080": 20.831, "coverage_8090": 1.2355, "coverage_90": 0.0, "noise4050n": 2336.9817, "noise5060n": 983.6781, "noise6070n": 291.7743, "noise7080n": 48.2439, "noise8090n": 2.9766, "noise90n": 0.0, "noise4050p": 0.4281, "noise5060p": 0.1742, "noise6070p": 0.0541, "noise7080p": 0.0085, "noise8090p": 0.0005, "noise90p": 0.0 }, "geometry": { "type": "MultiPolygon", "coordinates": [ [ [ [ -97.348463000475064, 32.643064999770701 ], [ -97.348570000366806, 32.648783000377279 ], [ -97.347049999976036, 32.648755999779745 ], [ -97.337957999649873, 32.647792000173382 ], [ -97.336402000272997, 32.648090999802577 ], [ -97.33086000038405, 32.650369999624409 ], [ -97.332652000461891, 32.645132999862156 ], [ -97.334012999790133, 32.635192999650386 ], [ -97.339684999723247, 32.635159000197959 ], [ -97.344826000456123, 32.634815000200192 ], [ -97.345875000311125, 32.634093000381888 ], [ -97.347006000117958, 32.634655999767702 ], [ -97.348439000277878, 32.634819000352785 ], [ -97.348618000043047, 32.634818999722242 ], [ -97.348463000475064, 32.643064999770701 ] ] ] ] } },
{ "type": "Feature", "properties": { "GEOID": "48439106101", "NAME": "Census Tract 1061.01, Tarrant County, Texas", "variable": "B01003_001", "estimate": 1908, "moe": 380, "coverage_all": 4044.1702, "coverage_na": 2883.2012, "coverage_4050": 399.6643, "coverage_5060": 503.2757, "coverage_6070": 153.7096, "coverage_7080": 103.3195, "coverage_8090": 1.0, "coverage_90": 0.0, "noise4050n": 188.5577, "noise5060n": 237.4405, "noise6070n": 72.5187, "noise7080n": 48.7451, "noise8090n": 0.4718, "noise90n": 0.0, "noise4050p": 0.0988, "noise5060p": 0.1244, "noise6070p": 0.038, "noise7080p": 0.0255, "noise8090p": 0.0002, "noise90p": 0.0 }, "geometry": { "type": "MultiPolygon", "coordinates": [ [ [ [ -97.262923999863702, 32.70010800000405 ], [ -97.262303999606829, 32.70008799974358 ], [ -97.259597000097713, 32.699022000104556 ], [ -97.253449999526623, 32.698930999998908 ], [ -97.245156999900217, 32.698915000197886 ], [ -97.243316999909595, 32.698265000172931 ], [ -97.241532000210555, 32.697651000373675 ], [ -97.23738999952532, 32.69758699969622 ], [ -97.24078399977148, 32.692590999764498 ], [ -97.241093999484221, 32.69092000010766 ], [ -97.240713000382669, 32.689009000439285 ], [ -97.240583000212681, 32.688205000154866 ], [ -97.240630999770019, 32.681655000268513 ], [ -97.255441000422167, 32.681615999931893 ], [ -97.256396999816786, 32.686704999943039 ], [ -97.257129000359868, 32.686108999638684 ], [ -97.258059000211048, 32.687343999610412 ], [ -97.262083999481177, 32.687195999973056 ], [ -97.262078000203957, 32.692119999673658 ], [ -97.26307000011802, 32.692194000303637 ], [ -97.262923999863702, 32.70010800000405 ] ] ] ] } },
{ "type": "Feature", "properties": { "GEOID": "48439106102", "NAME": "Census Tract 1061.02, Tarrant County, Texas", "variable": "B01003_001", "estimate": 4039, "moe": 723, "coverage_all": 3219.4889, "coverage_na": 2225.5696, "coverage_4050": 641.9812, "coverage_5060": 250.8606, "coverage_6070": 100.2539, "coverage_7080": 0.7797, "coverage_8090": 0.044, "coverage_90": 0.0, "noise4050n": 949.37, "noise5060n": 335.5976, "noise6070n": 149.2319, "noise7080n": 1.0539, "noise8090n": 0.0306, "noise90n": 0.0, "noise4050p": 0.1994, "noise5060p": 0.0779, "noise6070p": 0.0311, "noise7080p": 0.0002, "noise8090p": 0.0, "noise90p": 0.0 }, "geometry": { "type": "MultiPolygon", "coordinates": [ [ [ [ -97.262083999481177, 32.687195999973056 ], [ -97.258059000211048, 32.687343999610412 ], [ -97.257129000359868, 32.686108999638684 ], [ -97.256396999816786, 32.686704999943039 ], [ -97.255441000422167, 32.681615999931893 ], [ -97.240630999770019, 32.681655000268513 ], [ -97.240704999726006, 32.674637000406761 ], [ -97.240724000257927, 32.673928999719017 ], [ -97.240777000352523, 32.672050999964746 ], [ -97.241089000168827, 32.667186000251874 ], [ -97.241801000446472, 32.665644000378961 ], [ -97.24214099978451, 32.6658369997484 ], [ -97.246119999744806, 32.667654000034979 ], [ -97.255463999482004, 32.671951000451216 ], [ -97.259768999503635, 32.673943999888714 ], [ -97.26218300022758, 32.675047000138555 ], [ -97.262083999481177, 32.687195999973056 ] ] ] ] } },
{ "type": "Feature", "properties": { "GEOID": "48439106201", "NAME": "Census Tract 1062.01, Tarrant County, Texas", "variable": "B01003_001", "estimate": 4071, "moe": 812, "coverage_all": 1696.4235, "coverage_na": 1496.8144, "coverage_4050": 66.8756, "coverage_5060": 107.8908, "coverage_6070": 23.7399, "coverage_7080": 1.1028, "coverage_8090": 0.0, "coverage_90": 0.0, "noise4050n": 153.8275, "noise5060n": 261.764, "noise6070n": 51.6378, "noise7080n": 3.0001, "noise8090n": 0.0, "noise90n": 0.0, "noise4050p": 0.0394, "noise5060p": 0.0636, "noise6070p": 0.014, "noise7080p": 0.0007, "noise8090p": 0.0, "noise90p": 0.0 }, "geometry": { "type": "MultiPolygon", "coordinates": [ [ [ [ -97.262923000368787, 32.700644999667659 ], [ -97.262900999755388, 32.702691999828644 ], [ -97.262897000270698, 32.706698000361207 ], [ -97.26287000006198, 32.713970000432582 ], [ -97.262874000018684, 32.715851999579129 ], [ -97.262875000230594, 32.7165030004127 ], [ -97.259700000393039, 32.716473000331241 ], [ -97.259688000218475, 32.718093000117342 ], [ -97.257861000065276, 32.718082000373506 ], [ -97.256944999600833, 32.721213000161818 ], [ -97.256091999718564, 32.721207000395971 ], [ -97.256084000161636, 32.715621999959687 ], [ -97.256076000221441, 32.712966999976153 ], [ -97.25607499968298, 32.711510000305339 ], [ -97.256071999470834, 32.706668000076348 ], [ -97.25353399980726, 32.706659999596631 ], [ -97.253449999526623, 32.698930999998908 ], [ -97.259597000097713, 32.699022000104556 ], [ -97.262303999606829, 32.70008799974358 ], [ -97.262923999863702, 32.70010800000405 ], [ -97.262923000368787, 32.700644999667659 ] ] ] ] } },
{ "type": "Feature", "properties": { "GEOID": "48439106202", "NAME": "Census Tract 1062.02, Tarrant County, Texas", "variable": "B01003_001", "estimate": 5059, "moe": 765, "coverage_all": 3455.8717, "coverage_na": 2983.5033, "coverage_4050": 182.5373, "coverage_5060": 220.6111, "coverage_6070": 62.1842, "coverage_7080": 6.2993, "coverage_8090": 0.7365, "coverage_90": 0.0, "noise4050n": 269.3237, "noise5060n": 320.8001, "noise6070n": 112.1673, "noise7080n": 11.5153, "noise8090n": 1.3463, "noise90n": 0.0, "noise4050p": 0.0528, "noise5060p": 0.0638, "noise6070p": 0.018, "noise7080p": 0.0018, "noise8090p": 0.0002, "noise90p": 0.0 }, "geometry": { "type": "MultiPolygon", "coordinates": [ [ [ [ -97.256091999718564, 32.721207000395971 ], [ -97.252247999941076, 32.721155999922587 ], [ -97.251963999552984, 32.718285999666577 ], [ -97.248405000394598, 32.718290000272837 ], [ -97.248469999785456, 32.713039999895145 ], [ -97.248471000018256, 32.711719999758827 ], [ -97.247207999981825, 32.711627000020023 ], [ -97.242985999755916, 32.709133000262405 ], [ -97.241364999842119, 32.708669000334268 ], [ -97.237937999955818, 32.708622999785511 ], [ -97.233072999744351, 32.708603000363397 ], [ -97.231562999631237, 32.708149999953783 ], [ -97.23738999952532, 32.69758699969622 ], [ -97.241532000210555, 32.697651000373675 ], [ -97.243316999909595, 32.698265000172931 ], [ -97.245156999900217, 32.698915000197886 ], [ -97.253449999526623, 32.698930999998908 ], [ -97.25353399980726, 32.706659999596631 ], [ -97.256071999470834, 32.706668000076348 ], [ -97.25607499968298, 32.711510000305339 ], [ -97.256076000221441, 32.712966999976153 ], [ -97.256084000161636, 32.715621999959687 ], [ -97.256091999718564, 32.721207000395971 ] ] ] ] } },
{ "type": "Feature", "properties": { "GEOID": "48439106300", "NAME": "Census Tract 1063, Tarrant County, Texas", "variable": "B01003_001", "estimate": 4557, "moe": 1275, "coverage_all": 2869.3965, "coverage_na": 2362.1968, "coverage_4050": 181.0834, "coverage_5060": 224.9939, "coverage_6070": 94.6162, "coverage_7080": 5.806, "coverage_8090": 0.7001, "coverage_90": 0.0, "noise4050n": 361.8157, "noise5060n": 403.8321, "noise6070n": 168.0619, "noise7080n": 13.6428, "noise8090n": 1.6451, "noise90n": 0.0, "noise4050p": 0.0631, "noise5060p": 0.0784, "noise6070p": 0.033, "noise7080p": 0.002, "noise8090p": 0.0002, "noise90p": 0.0 }, "geometry": { "type": "MultiPolygon", "coordinates": [ [ [ [ -97.252247999941076, 32.721155999922587 ], [ -97.24997600011713, 32.721135999783186 ], [ -97.238526999598506, 32.721110000289414 ], [ -97.237598000087985, 32.720683999919622 ], [ -97.225385000154716, 32.720457000059099 ], [ -97.225515999685058, 32.719675000403214 ], [ -97.226064000060859, 32.718149999895346 ], [ -97.231562999631237, 32.708149999953783 ], [ -97.233072999744351, 32.708603000363397 ], [ -97.237937999955818, 32.708622999785511 ], [ -97.241364999842119, 32.708669000334268 ], [ -97.242985999755916, 32.709133000262405 ], [ -97.247207999981825, 32.711627000020023 ], [ -97.248471000018256, 32.711719999758827 ], [ -97.248469999785456, 32.713039999895145 ], [ -97.248405000394598, 32.718290000272837 ], [ -97.251963999552984, 32.718285999666577 ], [ -97.252247999941076, 32.721155999922587 ] ] ] ] } },
{ "type": "Feature", "properties": { "GEOID": "48439106400", "NAME": "Census Tract 1064, Tarrant County, Texas", "variable": "B01003_001", "estimate": 3244, "moe": 400, "coverage_all": 10374.9165, "coverage_na": 8793.0582, "coverage_4050": 359.1754, "coverage_5060": 489.5443, "coverage_6070": 326.6949, "coverage_7080": 316.7042, "coverage_8090": 89.7395, "coverage_90": 0.0, "noise4050n": 149.587, "noise5060n": 222.2903, "noise6070n": 170.3588, "noise7080n": 158.0942, "noise8090n": 53.5976, "noise90n": 0.0, "noise4050p": 0.0346, "noise5060p": 0.0472, "noise6070p": 0.0315, "noise7080p": 0.0305, "noise8090p": 0.0086, "noise90p": 0.0 }, "geometry": { "type": "MultiPolygon", "coordinates": [ [ [ [ -97.241801000446472, 32.665644000378961 ], [ -97.241089000168827, 32.667186000251874 ], [ -97.240777000352523, 32.672050999964746 ], [ -97.240724000257927, 32.673928999719017 ], [ -97.240704999726006, 32.674637000406761 ], [ -97.240630999770019, 32.681655000268513 ], [ -97.240583000212681, 32.688205000154866 ], [ -97.240713000382669, 32.689009000439285 ], [ -97.241093999484221, 32.69092000010766 ], [ -97.24078399977148, 32.692590999764498 ], [ -97.23738999952532, 32.69758699969622 ], [ -97.231562999631237, 32.708149999953783 ], [ -97.226064000060859, 32.718149999895346 ], [ -97.225515999685058, 32.719675000403214 ], [ -97.224966999635456, 32.71950200006647 ], [ -97.217086000089466, 32.719482000432031 ], [ -97.214429999785168, 32.71901400008344 ], [ -97.21317899947833, 32.718689000401575 ], [ -97.213278999520654, 32.718597000132306 ], [ -97.211055999588311, 32.717333999679781 ], [ -97.20883000008088, 32.713174000249204 ], [ -97.208841999570225, 32.708504000264078 ], [ -97.208952999703016, 32.704377999874986 ], [ -97.209449999694684, 32.701323000336743 ], [ -97.210439000338297, 32.698670000125489 ], [ -97.212331999515598, 32.695446999870597 ], [ -97.21428199998148, 32.693710999978933 ], [ -97.216849999815693, 32.692876000079139 ], [ -97.223685999733448, 32.691529999730861 ], [ -97.225380000234694, 32.690658000277871 ], [ -97.226491000258164, 32.68904899991184 ], [ -97.229399000275606, 32.677583000368358 ], [ -97.229849999879349, 32.677036000134336 ], [ -97.230923000376279, 32.675050000068765 ], [ -97.231831999929909, 32.674582999814788 ], [ -97.231888999567772, 32.674574999724264 ], [ -97.231984999537744, 32.674536999881106 ], [ -97.232058999506307, 32.674498000243872 ], [ -97.23211999975355, 32.674466999926246 ], [ -97.232225000183377, 32.674387000078426 ], [ -97.233713999777478, 32.671641000110455 ], [ -97.231883999534134, 32.669607000394933 ], [ -97.231636999556869, 32.669308000379779 ], [ -97.23148299950212, 32.668074000074164 ], [ -97.231707999882801, 32.668076000100449 ], [ -97.233326999561527, 32.668126000410197 ], [ -97.238559000386942, 32.667425000233301 ], [ -97.241366000058065, 32.665348000336863 ], [ -97.241801000446472, 32.665644000378961 ] ] ] ] } },
{ "type": "Feature", "properties": { "GEOID": "48439106502", "NAME": "Census Tract 1065.02, Tarrant County, Texas", "variable": "B01003_001", "estimate": 2750, "moe": 231, "coverage_all": 2747.1613, "coverage_na": 1877.4992, "coverage_4050": 299.025, "coverage_5060": 270.9748, "coverage_6070": 216.089, "coverage_7080": 76.6783, "coverage_8090": 6.8951, "coverage_90": 0.0, "noise4050n": 312.5339, "noise5060n": 282.8297, "noise6070n": 227.7758, "noise7080n": 82.4656, "noise8090n": 6.9106, "noise90n": 0.0, "noise4050p": 0.1088, "noise5060p": 0.0986, "noise6070p": 0.0787, "noise7080p": 0.0279, "noise8090p": 0.0025, "noise90p": 0.0 }, "geometry": { "type": "MultiPolygon", "coordinates": [ [ [ [ -97.239633999538256, 32.760701999858483 ], [ -97.23834499995769, 32.760775999719606 ], [ -97.235738000017875, 32.760792000172891 ], [ -97.230006000408139, 32.760387999855759 ], [ -97.225773000202878, 32.760066999590947 ], [ -97.223903000210044, 32.7599510000598 ], [ -97.214163999999172, 32.759904000156368 ], [ -97.216578999542776, 32.754738999785566 ], [ -97.222325000236623, 32.746067999941168 ], [ -97.22427399972473, 32.746069999687265 ], [ -97.225491000528152, 32.74607600000418 ], [ -97.226068000124314, 32.746080000343234 ], [ -97.226706000409138, 32.746085999961707 ], [ -97.227871000473186, 32.746096000283295 ], [ -97.230262000194841, 32.746098999745122 ], [ -97.233584000141917, 32.746076000097538 ], [ -97.233547999945529, 32.748307999982131 ], [ -97.232912000238102, 32.751541999807635 ], [ -97.233031999485902, 32.754699000410056 ], [ -97.234629000448336, 32.756206000006109 ], [ -97.236895999755802, 32.756939999888367 ], [ -97.239569000408949, 32.760064000020392 ], [ -97.239612999559753, 32.760492000174395 ], [ -97.239633999538256, 32.760701999858483 ] ] ] ] } },
{ "type": "Feature", "properties": { "GEOID": "48439106503", "NAME": "Census Tract 1065.03, Tarrant County, Texas", "variable": "B01003_001", "estimate": 4525, "moe": 777, "coverage_all": 3119.066, "coverage_na": 2311.4078, "coverage_4050": 197.82, "coverage_5060": 358.1726, "coverage_6070": 119.0782, "coverage_7080": 115.5175, "coverage_8090": 17.0699, "coverage_90": 0.0, "noise4050n": 300.7026, "noise5060n": 558.6985, "noise6070n": 186.2114, "noise7080n": 198.4377, "noise8090n": 31.547, "noise90n": 0.0, "noise4050p": 0.0634, "noise5060p": 0.1148, "noise6070p": 0.0382, "noise7080p": 0.037, "noise8090p": 0.0055, "noise90p": 0.0 }, "geometry": { "type": "MultiPolygon", "coordinates": [ [ [ [ -97.216578999542776, 32.754738999785566 ], [ -97.214163999999172, 32.759904000156368 ], [ -97.197456999803165, 32.759862999752286 ], [ -97.198417999832415, 32.758185999675945 ], [ -97.198572999694832, 32.754607000234778 ], [ -97.198591999901026, 32.753815000238376 ], [ -97.19859800029765, 32.75353499999828 ], [ -97.198789999464424, 32.745758000005395 ], [ -97.204680999566619, 32.745873000097312 ], [ -97.208015000286309, 32.745936000288445 ], [ -97.216318999647584, 32.746130000208929 ], [ -97.222325000236623, 32.746067999941168 ], [ -97.216578999542776, 32.754738999785566 ] ] ] ] } },
{ "type": "Feature", "properties": { "GEOID": "48439106507", "NAME": "Census Tract 1065.07, Tarrant County, Texas", "variable": "B01003_001", "estimate": 2522, "moe": 631, "coverage_all": 2281.9228, "coverage_na": 1738.1542, "coverage_4050": 236.0365, "coverage_5060": 183.365, "coverage_6070": 71.8852, "coverage_7080": 47.2753, "coverage_8090": 5.2065, "coverage_90": 0.0, "noise4050n": 234.9009, "noise5060n": 167.0189, "noise6070n": 63.1411, "noise7080n": 36.7377, "noise8090n": 3.9821, "noise90n": 0.0, "noise4050p": 0.1034, "noise5060p": 0.0804, "noise6070p": 0.0315, "noise7080p": 0.0207, "noise8090p": 0.0023, "noise90p": 0.0 }, "geometry": { "type": "MultiPolygon", "coordinates": [ [ [ [ -97.261771999916121, 32.760142999988197 ], [ -97.25990699946631, 32.762899999955394 ], [ -97.258814999778068, 32.766925000449746 ], [ -97.257928999478125, 32.767397999976268 ], [ -97.257425999889477, 32.767801999917062 ], [ -97.255372999848476, 32.769980999751056 ], [ -97.254121000528514, 32.770788999983147 ], [ -97.252681000186371, 32.77111600026349 ], [ -97.246490000338184, 32.770552999967812 ], [ -97.244638999511139, 32.770268999757285 ], [ -97.242831999974854, 32.770165000171644 ], [ -97.242977999982912, 32.769114999990435 ], [ -97.240716000130647, 32.763257999872771 ], [ -97.239743000489057, 32.76169599995071 ], [ -97.239633999538256, 32.760701999858483 ], [ -97.239944000103932, 32.760693000315079 ], [ -97.241974000165641, 32.760508999675103 ], [ -97.256988999647419, 32.758682000016933 ], [ -97.261696999485238, 32.758088999667265 ], [ -97.261771999916121, 32.760142999988197 ] ] ] ] } },
{ "type": "Feature", "properties": { "GEOID": "48439106509", "NAME": "Census Tract 1065.09, Tarrant County, Texas", "variable": "B01003_001", "estimate": 5810, "moe": 745, "coverage_all": 18358.0504, "coverage_na": 8303.269, "coverage_4050": 6386.7136, "coverage_5060": 2828.4708, "coverage_6070": 647.9076, "coverage_7080": 158.5508, "coverage_8090": 27.1787, "coverage_90": 5.9599, "noise4050n": 2196.2249, "noise5060n": 897.0063, "noise6070n": 209.2009, "noise7080n": 67.6656, "noise8090n": 10.8851, "noise90n": 1.7651, "noise4050p": 0.3479, "noise5060p": 0.1541, "noise6070p": 0.0353, "noise7080p": 0.0086, "noise8090p": 0.0015, "noise90p": 0.0003 }, "geometry": { "type": "MultiPolygon", "coordinates": [ [ [ [ -97.186530000045451, 32.806758999778275 ], [ -97.179535000405863, 32.80630500036979 ], [ -97.169367000050997, 32.805564999568489 ], [ -97.169169999782468, 32.805551000361802 ], [ -97.169173999595074, 32.808736000258421 ], [ -97.159647999514789, 32.808609999992427 ], [ -97.155970999952544, 32.808762999858281 ], [ -97.143999000016251, 32.812825000113016 ], [ -97.142141000093986, 32.813504999586186 ], [ -97.138613999904237, 32.814721000122624 ], [ -97.13469499986131, 32.814721000130533 ], [ -97.134755999709341, 32.810962999915645 ], [ -97.135409000494974, 32.807990000362864 ], [ -97.13733000014048, 32.807823000232041 ], [ -97.137919000488722, 32.807802999690217 ], [ -97.140188000209719, 32.807482000423072 ], [ -97.140163000284318, 32.80353000039095 ], [ -97.140172999969309, 32.797417999561773 ], [ -97.140166000104031, 32.793900999810703 ], [ -97.140110000028315, 32.788386999728779 ], [ -97.141929999461297, 32.787427999778281 ], [ -97.142824999660135, 32.78493700015003 ], [ -97.142047000516143, 32.782691000047791 ], [ -97.143112999774075, 32.780040000145434 ], [ -97.145417000392541, 32.781409999666629 ], [ -97.145718999915061, 32.778256999729756 ], [ -97.147830000097542, 32.778872000057255 ], [ -97.149363999660295, 32.776148000196969 ], [ -97.149048000372403, 32.773169999867633 ], [ -97.148612000082252, 32.772123999866565 ], [ -97.148575999971456, 32.772024999960713 ], [ -97.148556999689433, 32.771962999602209 ], [ -97.148567000007631, 32.771769000436898 ], [ -97.148640999600516, 32.771552000382826 ], [ -97.148724000084869, 32.771436000053704 ], [ -97.148800999949373, 32.771368999603965 ], [ -97.149306999566988, 32.771198000236787 ], [ -97.149947999520364, 32.771323999956778 ], [ -97.150406999478108, 32.771215000181215 ], [ -97.150821000281894, 32.770843000360024 ], [ -97.151516999551333, 32.769853999989714 ], [ -97.151945000515923, 32.769731000272145 ], [ -97.152313000271974, 32.769365999875504 ], [ -97.152812000292911, 32.768290000000327 ], [ -97.152357999498747, 32.76724299968641 ], [ -97.150463999586421, 32.769175999807821 ], [ -97.149797000096015, 32.767729999562633 ], [ -97.149408000019434, 32.767736000122596 ], [ -97.149178000123584, 32.767207000317143 ], [ -97.14920299982019, 32.764224999762078 ], [ -97.149743000176173, 32.760978000034299 ], [ -97.149736999892369, 32.760205000439811 ], [ -97.151767000237257, 32.760248999590324 ], [ -97.155563000168399, 32.76036799988556 ], [ -97.158494999781325, 32.76034000029302 ], [ -97.160304999873844, 32.760312000048053 ], [ -97.167099000476782, 32.760224000180905 ], [ -97.167237000014396, 32.765625000110411 ], [ -97.168071999779585, 32.768021999818686 ], [ -97.170361000250239, 32.770192000141158 ], [ -97.174386999967155, 32.77238700012321 ], [ -97.175007999554694, 32.77323499975526 ], [ -97.174991000095659, 32.777683000316188 ], [ -97.17609400017254, 32.779276999999254 ], [ -97.1792490001923, 32.779657000122945 ], [ -97.17905800022956, 32.780256999909518 ], [ -97.178502000254838, 32.781814999616643 ], [ -97.177829000188623, 32.783915000337146 ], [ -97.177422999584749, 32.791369999957269 ], [ -97.177477000384414, 32.794038000244562 ], [ -97.178082000185796, 32.798296000331653 ], [ -97.178271000006092, 32.798686999594644 ], [ -97.180518999863153, 32.800247000246003 ], [ -97.183223999808163, 32.801915000065399 ], [ -97.183762000042833, 32.802466000181731 ], [ -97.186280000489191, 32.805320999874255 ], [ -97.186530000045451, 32.806758999778275 ] ] ] ] } },
{ "type": "Feature", "properties": { "GEOID": "48439106512", "NAME": "Census Tract 1065.12, Tarrant County, Texas", "variable": "B01003_001", "estimate": 4910, "moe": 835, "coverage_all": 2623.0203, "coverage_na": 2167.4771, "coverage_4050": 150.4225, "coverage_5060": 228.959, "coverage_6070": 48.5249, "coverage_7080": 23.2805, "coverage_8090": 4.3564, "coverage_90": 0.0, "noise4050n": 376.5136, "noise5060n": 528.5428, "noise6070n": 127.2854, "noise7080n": 62.6494, "noise8090n": 13.1288, "noise90n": 0.0, "noise4050p": 0.0573, "noise5060p": 0.0873, "noise6070p": 0.0185, "noise7080p": 0.0089, "noise8090p": 0.0017, "noise90p": 0.0 }, "geometry": { "type": "MultiPolygon", "coordinates": [ [ [ [ -97.19859800029765, 32.75353499999828 ], [ -97.198591999901026, 32.753815000238376 ], [ -97.198572999694832, 32.754607000234778 ], [ -97.198417999832415, 32.758185999675945 ], [ -97.197456999803165, 32.759862999752286 ], [ -97.190905000175562, 32.759885999918687 ], [ -97.183285999734224, 32.75999099973658 ], [ -97.183286000007456, 32.759779000395802 ], [ -97.183290999810197, 32.757936000093032 ], [ -97.183327999487673, 32.756272000095365 ], [ -97.18329999975947, 32.753737000173899 ], [ -97.183206000531328, 32.753530999845317 ], [ -97.183079999917098, 32.751535999952843 ], [ -97.181230000254345, 32.748810000369772 ], [ -97.181223999777799, 32.746259000358535 ], [ -97.181648999513882, 32.745648999902805 ], [ -97.18743399971018, 32.745596000121282 ], [ -97.18971999961731, 32.745651000251137 ], [ -97.190792000373932, 32.745607000128146 ], [ -97.194279999932903, 32.745680999774031 ], [ -97.198789999464424, 32.745758000005395 ], [ -97.19859800029765, 32.75353499999828 ] ] ] ] } },
{ "type": "Feature", "properties": { "GEOID": "48439106513", "NAME": "Census Tract 1065.13, Tarrant County, Texas", "variable": "B01003_001", "estimate": 3303, "moe": 499, "coverage_all": 3051.1816, "coverage_na": 2343.8791, "coverage_4050": 400.4138, "coverage_5060": 258.2951, "coverage_6070": 47.8004, "coverage_7080": 0.7931, "coverage_8090": 0.0, "coverage_90": 0.0, "noise4050n": 182.1491, "noise5060n": 193.137, "noise6070n": 20.931, "noise7080n": 0.3473, "noise8090n": 0.0, "noise90n": 0.0, "noise4050p": 0.1312, "noise5060p": 0.0847, "noise6070p": 0.0157, "noise7080p": 0.0003, "noise8090p": 0.0, "noise90p": 0.0 }, "geometry": { "type": "MultiPolygon", "coordinates": [ [ [ [ -97.198788999944284, 32.736355000161943 ], [ -97.19879300045389, 32.736623999709188 ], [ -97.198789999464424, 32.745758000005395 ], [ -97.194279999932903, 32.745680999774031 ], [ -97.190792000373932, 32.745607000128146 ], [ -97.18971999961731, 32.745651000251137 ], [ -97.18743399971018, 32.745596000121282 ], [ -97.181648999513882, 32.745648999902805 ], [ -97.182362999543756, 32.744573999771561 ], [ -97.182420000399688, 32.730759000263156 ], [ -97.196067000436528, 32.72874499966364 ], [ -97.198841000250596, 32.728671999844913 ], [ -97.198788999944284, 32.736355000161943 ] ] ] ] } },
{ "type": "Feature", "properties": { "GEOID": "48439106514", "NAME": "Census Tract 1065.14, Tarrant County, Texas", "variable": "B01003_001", "estimate": 5587, "moe": 1095, "coverage_all": 4924.0634, "coverage_na": 3163.2572, "coverage_4050": 741.3364, "coverage_5060": 626.3923, "coverage_6070": 303.0694, "coverage_7080": 84.8333, "coverage_8090": 5.1748, "coverage_90": 0.0, "noise4050n": 1059.2415, "noise5060n": 904.1899, "noise6070n": 477.2053, "noise7080n": 155.7714, "noise8090n": 5.971, "noise90n": 0.0, "noise4050p": 0.1506, "noise5060p": 0.1272, "noise6070p": 0.0615, "noise7080p": 0.0172, "noise8090p": 0.0011, "noise90p": 0.0 }, "geometry": { "type": "MultiPolygon", "coordinates": [ [ [ [ -97.183327999487673, 32.756272000095365 ], [ -97.183290999810197, 32.757936000093032 ], [ -97.183286000007456, 32.759779000395802 ], [ -97.183285999734224, 32.75999099973658 ], [ -97.183113999554962, 32.759993000372184 ], [ -97.167099000476782, 32.760224000180905 ], [ -97.160304999873844, 32.760312000048053 ], [ -97.158494999781325, 32.76034000029302 ], [ -97.155563000168399, 32.76036799988556 ], [ -97.151767000237257, 32.760248999590324 ], [ -97.149736999892369, 32.760205000439811 ], [ -97.149826999571729, 32.759115999764077 ], [ -97.153765000128089, 32.757416999868958 ], [ -97.154418999926691, 32.757013000392362 ], [ -97.155289999731906, 32.757277000289427 ], [ -97.156414000021627, 32.757547000111167 ], [ -97.157132000371533, 32.757564999677925 ], [ -97.159641999637003, 32.757555999577598 ], [ -97.160286999847614, 32.757559000318579 ], [ -97.161086000267787, 32.757559000092492 ], [ -97.16108600052209, 32.757237000356525 ], [ -97.161075999602247, 32.756541999576378 ], [ -97.161407999571551, 32.756426999729598 ], [ -97.163013000477719, 32.755867999662961 ], [ -97.163028000265541, 32.751204000169587 ], [ -97.163075000139273, 32.745599999742751 ], [ -97.164142000011779, 32.745450000250521 ], [ -97.171252000466396, 32.743353999828855 ], [ -97.173293000142195, 32.7414249999104 ], [ -97.173298000539745, 32.741211000386762 ], [ -97.173450999803649, 32.740536999578772 ], [ -97.173876000241776, 32.739777999637248 ], [ -97.174504000253108, 32.73919299956659 ], [ -97.176073999656964, 32.737903000051148 ], [ -97.177053000510384, 32.73733800043756 ], [ -97.179231999832268, 32.736033000347057 ], [ -97.179779999736979, 32.731129000412388 ], [ -97.179988000496778, 32.731101999733234 ], [ -97.182420000399688, 32.730759000263156 ], [ -97.182362999543756, 32.744573999771561 ], [ -97.181648999513882, 32.745648999902805 ], [ -97.181223999777799, 32.746259000358535 ], [ -97.181230000254345, 32.748810000369772 ], [ -97.183079999917098, 32.751535999952843 ], [ -97.183206000531328, 32.753530999845317 ], [ -97.18329999975947, 32.753737000173899 ], [ -97.183327999487673, 32.756272000095365 ] ] ] ] } },
{ "type": "Feature", "properties": { "GEOID": "48439106515", "NAME": "Census Tract 1065.15, Tarrant County, Texas", "variable": "B01003_001", "estimate": 3799, "moe": 537, "coverage_all": 3005.2095, "coverage_na": 2497.8983, "coverage_4050": 253.6417, "coverage_5060": 212.3153, "coverage_6070": 39.4515, "coverage_7080": 1.7875, "coverage_8090": 0.1152, "coverage_90": 0.0, "noise4050n": 323.4519, "noise5060n": 273.8537, "noise6070n": 50.4527, "noise7080n": 2.2509, "noise8090n": 0.145, "noise90n": 0.0, "noise4050p": 0.0844, "noise5060p": 0.0706, "noise6070p": 0.0131, "noise7080p": 0.0006, "noise8090p": 0.0, "noise90p": 0.0 }, "geometry": { "type": "MultiPolygon", "coordinates": [ [ [ [ -97.242831999974854, 32.770165000171644 ], [ -97.240533000172206, 32.770308000225334 ], [ -97.233857000217441, 32.774140000395569 ], [ -97.232687999782712, 32.774785999700832 ], [ -97.230844999889143, 32.775291999840121 ], [ -97.225861000261034, 32.776713000064589 ], [ -97.224959000099815, 32.77682899997351 ], [ -97.221254999951867, 32.776987000194339 ], [ -97.216746000223523, 32.778022000373014 ], [ -97.212768999893854, 32.778328999894541 ], [ -97.21289600053916, 32.768314000291262 ], [ -97.21698500016123, 32.76820999973414 ], [ -97.220068999895815, 32.769237999942391 ], [ -97.223596000172535, 32.769000000192236 ], [ -97.227051999915091, 32.767864999931831 ], [ -97.228683999471698, 32.765538000320163 ], [ -97.230076999688904, 32.764487999675893 ], [ -97.231260999540353, 32.764241000345905 ], [ -97.237363999605591, 32.7642249997158 ], [ -97.238940999689277, 32.76404100037999 ], [ -97.240716000130647, 32.763257999872771 ], [ -97.242977999982912, 32.769114999990435 ], [ -97.242831999974854, 32.770165000171644 ] ] ] ] } },
{ "type": "Feature", "properties": { "GEOID": "48439106518", "NAME": "Census Tract 1065.18, Tarrant County, Texas", "variable": "B01003_001", "estimate": 6329, "moe": 795, "coverage_all": 8660.5135, "coverage_na": 0.0, "coverage_4050": 0.0, "coverage_5060": 7436.1202, "coverage_6070": 924.1713, "coverage_7080": 263.2497, "coverage_8090": 31.9722, "coverage_90": 5.0, "noise4050n": 0.0, "noise5060n": 5355.7551, "noise6070n": 695.9511, "noise7080n": 259.8996, "noise8090n": 17.3941, "noise90n": 0.0, "noise4050p": 0.0, "noise5060p": 0.8586, "noise6070p": 0.1067, "noise7080p": 0.0304, "noise8090p": 0.0037, "noise90p": 0.0006 }, "geometry": { "type": "MultiPolygon", "coordinates": [ [ [ [ -97.061286999906216, 32.837840000259092 ], [ -97.057245999568011, 32.838644000426179 ], [ -97.054038999539841, 32.838520000302495 ], [ -97.046403000321519, 32.837054999868059 ], [ -97.036494999631103, 32.836916000092273 ], [ -97.033860000203347, 32.836950000354221 ], [ -97.033904000092335, 32.834290000270158 ], [ -97.034225999505978, 32.816958000045055 ], [ -97.034233000076156, 32.816662000047309 ], [ -97.034218999991978, 32.816399999967437 ], [ -97.034437000348362, 32.805155999579029 ], [ -97.034396000169721, 32.803309000033941 ], [ -97.034405000267284, 32.802937000288061 ], [ -97.034710999552331, 32.788481999558485 ], [ -97.035667999694567, 32.789555999811924 ], [ -97.037150999498323, 32.793195999915675 ], [ -97.035498000288229, 32.792908000385104 ], [ -97.034888000211481, 32.793647000245308 ], [ -97.03509199975106, 32.796712999586667 ], [ -97.036662000485094, 32.79733900042919 ], [ -97.037167000339707, 32.799352999908677 ], [ -97.036595999640625, 32.802634999640205 ], [ -97.036946000082693, 32.804998000244161 ], [ -97.037695999469292, 32.806566999633645 ], [ -97.041155999703705, 32.807133000305782 ], [ -97.041830999779734, 32.808670999686939 ], [ -97.042867999503386, 32.809191000159466 ], [ -97.044625000249013, 32.807941999756125 ], [ -97.046318000502893, 32.809098000097258 ], [ -97.048111999508151, 32.813266000323665 ], [ -97.049082000321334, 32.813900000430692 ], [ -97.048928999771476, 32.811339000398483 ], [ -97.050209999576865, 32.81109700013355 ], [ -97.053658000043626, 32.812501999680741 ], [ -97.053900000533204, 32.814940000065079 ], [ -97.0549160002235, 32.815396999846477 ], [ -97.056575000067937, 32.813645000341872 ], [ -97.057938999972478, 32.815648999637979 ], [ -97.058900999897958, 32.817120999809404 ], [ -97.059314000333416, 32.817731999859163 ], [ -97.059863000035676, 32.818579000375479 ], [ -97.060573000488446, 32.819836000276631 ], [ -97.061263999939911, 32.822353999976002 ], [ -97.061305000348682, 32.828078000309993 ], [ -97.061286999906216, 32.837840000259092 ] ] ] ] } },
{ "type": "Feature", "properties": { "GEOID": "48439106519", "NAME": "Census Tract 1065.19, Tarrant County, Texas", "variable": "B01003_001", "estimate": 1980, "moe": 780, "coverage_all": 1298.5067, "coverage_na": 894.8169, "coverage_4050": 94.4928, "coverage_5060": 152.4792, "coverage_6070": 110.426, "coverage_7080": 44.5746, "coverage_8090": 1.7171, "coverage_90": 0.0, "noise4050n": 144.0854, "noise5060n": 232.5047, "noise6070n": 168.3807, "noise7080n": 67.9686, "noise8090n": 2.6183, "noise90n": 0.0, "noise4050p": 0.0728, "noise5060p": 0.1174, "noise6070p": 0.085, "noise7080p": 0.0343, "noise8090p": 0.0013, "noise90p": 0.0 }, "geometry": { "type": "MultiPolygon", "coordinates": [ [ [ [ -97.227051999915091, 32.767864999931831 ], [ -97.223596000172535, 32.769000000192236 ], [ -97.220068999895815, 32.769237999942391 ], [ -97.21698500016123, 32.76820999973414 ], [ -97.21289600053916, 32.768314000291262 ], [ -97.212934999701062, 32.766412000047069 ], [ -97.213170000035561, 32.762189000344456 ], [ -97.214163999999172, 32.759904000156368 ], [ -97.223903000210044, 32.7599510000598 ], [ -97.224354999899546, 32.762869000221052 ], [ -97.228683999471698, 32.765538000320163 ], [ -97.227051999915091, 32.767864999931831 ] ] ] ] } },
{ "type": "Feature", "properties": { "GEOID": "48439106520", "NAME": "Census Tract 1065.20, Tarrant County, Texas", "variable": "B01003_001", "estimate": 3436, "moe": 866, "coverage_all": 691.8044, "coverage_na": 386.7875, "coverage_4050": 100.6499, "coverage_5060": 116.7245, "coverage_6070": 41.3075, "coverage_7080": 40.972, "coverage_8090": 5.3631, "coverage_90": 0.0, "noise4050n": 499.1385, "noise5060n": 578.5459, "noise6070n": 205.7982, "noise7080n": 203.527, "noise8090n": 26.4509, "noise90n": 0.0, "noise4050p": 0.1455, "noise5060p": 0.1687, "noise6070p": 0.0597, "noise7080p": 0.0592, "noise8090p": 0.0078, "noise90p": 0.0 }, "geometry": { "type": "MultiPolygon", "coordinates": [ [ [ [ -97.240716000130647, 32.763257999872771 ], [ -97.238940999689277, 32.76404100037999 ], [ -97.237363999605591, 32.7642249997158 ], [ -97.231260999540353, 32.764241000345905 ], [ -97.230076999688904, 32.764487999675893 ], [ -97.228683999471698, 32.765538000320163 ], [ -97.224354999899546, 32.762869000221052 ], [ -97.223903000210044, 32.7599510000598 ], [ -97.225773000202878, 32.760066999590947 ], [ -97.230006000408139, 32.760387999855759 ], [ -97.235738000017875, 32.760792000172891 ], [ -97.23834499995769, 32.760775999719606 ], [ -97.239633999538256, 32.760701999858483 ], [ -97.239743000489057, 32.76169599995071 ], [ -97.240716000130647, 32.763257999872771 ] ] ] ] } },
{ "type": "Feature", "properties": { "GEOID": "48439106521", "NAME": "Census Tract 1065.21, Tarrant County, Texas", "variable": "B01003_001", "estimate": 5131, "moe": 1022, "coverage_all": 5890.2001, "coverage_na": 4668.4251, "coverage_4050": 576.4649, "coverage_5060": 450.1608, "coverage_6070": 93.3431, "coverage_7080": 96.673, "coverage_8090": 5.1332, "coverage_90": 0.0, "noise4050n": 446.785, "noise5060n": 400.9785, "noise6070n": 76.9132, "noise7080n": 80.7829, "noise8090n": 4.6178, "noise90n": 0.0, "noise4050p": 0.0979, "noise5060p": 0.0764, "noise6070p": 0.0158, "noise7080p": 0.0164, "noise8090p": 0.0009, "noise90p": 0.0 }, "geometry": { "type": "MultiPolygon", "coordinates": [ [ [ [ -97.199048999809477, 32.781128999718774 ], [ -97.196137000403652, 32.780976999903125 ], [ -97.193421000154629, 32.781654999553233 ], [ -97.186604000187216, 32.780276000441035 ], [ -97.179780000066316, 32.779701999788635 ], [ -97.1792490001923, 32.779657000122945 ], [ -97.17609400017254, 32.779276999999254 ], [ -97.174991000095659, 32.777683000316188 ], [ -97.175007999554694, 32.77323499975526 ], [ -97.174386999967155, 32.77238700012321 ], [ -97.170361000250239, 32.770192000141158 ], [ -97.168071999779585, 32.768021999818686 ], [ -97.167237000014396, 32.765625000110411 ], [ -97.167099000476782, 32.760224000180905 ], [ -97.183113999554962, 32.759993000372184 ], [ -97.183285999734224, 32.75999099973658 ], [ -97.190905000175562, 32.759885999918687 ], [ -97.197456999803165, 32.759862999752286 ], [ -97.196024999946118, 32.762407000422876 ], [ -97.195923000089394, 32.765879999732022 ], [ -97.195484999902064, 32.779114000213518 ], [ -97.201028999785564, 32.780034000287351 ], [ -97.199048999809477, 32.781128999718774 ] ] ] ] } },
{ "type": "Feature", "properties": { "GEOID": "48439106522", "NAME": "Census Tract 1065.22, Tarrant County, Texas", "variable": "B01003_001", "estimate": 5086, "moe": 1203, "coverage_all": 3873.4279, "coverage_na": 3073.5541, "coverage_4050": 219.5334, "coverage_5060": 255.4486, "coverage_6070": 154.2814, "coverage_7080": 153.7709, "coverage_8090": 16.8397, "coverage_90": 0.0, "noise4050n": 248.1245, "noise5060n": 293.4334, "noise6070n": 152.7382, "noise7080n": 160.2123, "noise8090n": 18.1283, "noise90n": 0.0, "noise4050p": 0.0567, "noise5060p": 0.0659, "noise6070p": 0.0398, "noise7080p": 0.0397, "noise8090p": 0.0043, "noise90p": 0.0 }, "geometry": { "type": "MultiPolygon", "coordinates": [ [ [ [ -97.213170000035561, 32.762189000344456 ], [ -97.212934999701062, 32.766412000047069 ], [ -97.21289600053916, 32.768314000291262 ], [ -97.212768999893854, 32.778328999894541 ], [ -97.210896999766916, 32.778373999768228 ], [ -97.208197999701298, 32.779773999617568 ], [ -97.201028999785564, 32.780034000287351 ], [ -97.195484999902064, 32.779114000213518 ], [ -97.195923000089394, 32.765879999732022 ], [ -97.196024999946118, 32.762407000422876 ], [ -97.197456999803165, 32.759862999752286 ], [ -97.214163999999172, 32.759904000156368 ], [ -97.213170000035561, 32.762189000344456 ] ] ] ] } },
{ "type": "Feature", "properties": { "GEOID": "48439106523", "NAME": "Census Tract 1065.23, Tarrant County, Texas", "variable": "B01003_001", "estimate": 3711, "moe": 477, "coverage_all": 2732.2083, "coverage_na": 0.0, "coverage_4050": 0.0, "coverage_5060": 2437.7277, "coverage_6070": 235.3732, "coverage_7080": 54.6867, "coverage_8090": 3.7401, "coverage_90": 0.6805, "noise4050n": 0.0, "noise5060n": 3172.1719, "noise6070n": 446.8142, "noise7080n": 79.669, "noise8090n": 10.0341, "noise90n": 2.3109, "noise4050p": 0.0, "noise5060p": 0.8922, "noise6070p": 0.0861, "noise7080p": 0.02, "noise8090p": 0.0014, "noise90p": 0.0002 }, "geometry": { "type": "MultiPolygon", "coordinates": [ [ [ [ -97.077310999905762, 32.822336000364395 ], [ -97.074150000398078, 32.82236399984113 ], [ -97.073605000372183, 32.822482000028863 ], [ -97.072153000128168, 32.82305899989877 ], [ -97.070908999713211, 32.823288999808547 ], [ -97.070873000045651, 32.825048999790063 ], [ -97.069721000071908, 32.827686000185338 ], [ -97.069464999715407, 32.830183999899468 ], [ -97.069509999835503, 32.832064999597719 ], [ -97.069642000083661, 32.836774000069049 ], [ -97.069640999755634, 32.837027000316304 ], [ -97.068780999899076, 32.837011000178279 ], [ -97.065199000124608, 32.837035999876868 ], [ -97.064099000530106, 32.837150000253494 ], [ -97.061286999906216, 32.837840000259092 ], [ -97.061305000348682, 32.828078000309993 ], [ -97.061263999939911, 32.822353999976002 ], [ -97.060573000488446, 32.819836000276631 ], [ -97.059863000035676, 32.818579000375479 ], [ -97.059314000333416, 32.817731999859163 ], [ -97.058900999897958, 32.817120999809404 ], [ -97.059230000296949, 32.817121000002096 ], [ -97.064294999883629, 32.816742999863088 ], [ -97.068038000020991, 32.816083000315437 ], [ -97.076495999986349, 32.814055000077389 ], [ -97.076573999974684, 32.816636999596945 ], [ -97.076589000233724, 32.819850999782453 ], [ -97.076605999864, 32.820581999667844 ], [ -97.077310999905762, 32.822336000364395 ] ] ] ] } },
{ "type": "Feature", "properties": { "GEOID": "48439106524", "NAME": "Census Tract 1065.24, Tarrant County, Texas", "variable": "B01003_001", "estimate": 5778, "moe": 957, "coverage_all": 8357.9829, "coverage_na": 1851.0405, "coverage_4050": 3095.6216, "coverage_5060": 2942.7354, "coverage_6070": 383.4164, "coverage_7080": 74.7353, "coverage_8090": 10.1914, "coverage_90": 0.2423, "noise4050n": 2136.8095, "noise5060n": 1978.6425, "noise6070n": 256.8081, "noise7080n": 50.1193, "noise8090n": 6.7988, "noise90n": 0.1617, "noise4050p": 0.3704, "noise5060p": 0.3521, "noise6070p": 0.0459, "noise7080p": 0.0089, "noise8090p": 0.0012, "noise90p": 0.0 }, "geometry": { "type": "MultiPolygon", "coordinates": [ [ [ [ -97.140188000209719, 32.807482000423072 ], [ -97.137919000488722, 32.807802999690217 ], [ -97.13733000014048, 32.807823000232041 ], [ -97.135409000494974, 32.807990000362864 ], [ -97.134755999709341, 32.810962999915645 ], [ -97.13469499986131, 32.814721000130533 ], [ -97.118358000476007, 32.814613000086815 ], [ -97.117273000134034, 32.814814999784929 ], [ -97.111483000191427, 32.82072400027937 ], [ -97.107894999918585, 32.821333999706141 ], [ -97.107763999519491, 32.822432000177393 ], [ -97.105085000072577, 32.822431999708932 ], [ -97.099642999717403, 32.822418000392574 ], [ -97.091665000213126, 32.822435000120947 ], [ -97.082326000354954, 32.822381000087709 ], [ -97.077310999905762, 32.822336000364395 ], [ -97.076605999864, 32.820581999667844 ], [ -97.076589000233724, 32.819850999782453 ], [ -97.076573999974684, 32.816636999596945 ], [ -97.076495999986349, 32.814055000077389 ], [ -97.08266699975708, 32.812654999801694 ], [ -97.090294000012435, 32.810865000325371 ], [ -97.099516999589895, 32.808759999675729 ], [ -97.103702999639381, 32.807749000208851 ], [ -97.110087999530961, 32.806279000259849 ], [ -97.121877999877782, 32.803505999750008 ], [ -97.125333000178131, 32.802816000278241 ], [ -97.131197000516678, 32.802864000010366 ], [ -97.140163000284318, 32.80353000039095 ], [ -97.140188000209719, 32.807482000423072 ] ] ] ] } },
{ "type": "Feature", "properties": { "GEOID": "48439106525", "NAME": "Census Tract 1065.25, Tarrant County, Texas", "variable": "B01003_001", "estimate": 2021, "moe": 377, "coverage_all": 1627.811, "coverage_na": 0.0, "coverage_4050": 747.3147, "coverage_5060": 651.2001, "coverage_6070": 155.5673, "coverage_7080": 54.4978, "coverage_8090": 17.6078, "coverage_90": 1.6231, "noise4050n": 927.8246, "noise5060n": 808.494, "noise6070n": 193.1437, "noise7080n": 67.6615, "noise8090n": 21.8609, "noise90n": 2.0152, "noise4050p": 0.4591, "noise5060p": 0.4, "noise6070p": 0.0956, "noise7080p": 0.0335, "noise8090p": 0.0108, "noise90p": 0.001 }, "geometry": { "type": "MultiPolygon", "coordinates": [ [ [ [ -97.212165999990219, 32.804304999710872 ], [ -97.211387000134906, 32.804654000358241 ], [ -97.205537999715261, 32.806904000261554 ], [ -97.202000999529446, 32.807563999669213 ], [ -97.198803000161746, 32.807643999631843 ], [ -97.186530000045451, 32.806758999778275 ], [ -97.186280000489191, 32.805320999874255 ], [ -97.183762000042833, 32.802466000181731 ], [ -97.191283999721222, 32.802444999629948 ], [ -97.194870000344451, 32.802657999910423 ], [ -97.20264499986493, 32.802388000390458 ], [ -97.205462000449842, 32.801216999578699 ], [ -97.210108999534, 32.79800399988396 ], [ -97.212307000031913, 32.79790099983974 ], [ -97.212165999990219, 32.804304999710872 ] ] ] ] } },
{ "type": "Feature", "properties": { "GEOID": "48439106526", "NAME": "Census Tract 1065.26, Tarrant County, Texas", "variable": "B01003_001", "estimate": 7014, "moe": 999, "coverage_all": 8476.1697, "coverage_na": 6940.0209, "coverage_4050": 980.1026, "coverage_5060": 331.8844, "coverage_6070": 130.1263, "coverage_7080": 80.2172, "coverage_8090": 13.8184, "coverage_90": 0.0, "noise4050n": 946.7175, "noise5060n": 220.3234, "noise6070n": 80.1168, "noise7080n": 32.4146, "noise8090n": 5.5838, "noise90n": 0.0, "noise4050p": 0.1156, "noise5060p": 0.0392, "noise6070p": 0.0154, "noise7080p": 0.0095, "noise8090p": 0.0016, "noise90p": 0.0 }, "geometry": { "type": "MultiPolygon", "coordinates": [ [ [ [ -97.212732000178192, 32.781336999775093 ], [ -97.212417000050777, 32.794175999849251 ], [ -97.212407000072645, 32.79442799997102 ], [ -97.212307000031913, 32.79790099983974 ], [ -97.210108999534, 32.79800399988396 ], [ -97.205462000449842, 32.801216999578699 ], [ -97.20264499986493, 32.802388000390458 ], [ -97.194870000344451, 32.802657999910423 ], [ -97.191283999721222, 32.802444999629948 ], [ -97.183762000042833, 32.802466000181731 ], [ -97.183223999808163, 32.801915000065399 ], [ -97.180518999863153, 32.800247000246003 ], [ -97.178271000006092, 32.798686999594644 ], [ -97.178082000185796, 32.798296000331653 ], [ -97.177477000384414, 32.794038000244562 ], [ -97.177422999584749, 32.791369999957269 ], [ -97.177829000188623, 32.783915000337146 ], [ -97.178502000254838, 32.781814999616643 ], [ -97.17905800022956, 32.780256999909518 ], [ -97.1792490001923, 32.779657000122945 ], [ -97.179780000066316, 32.779701999788635 ], [ -97.186604000187216, 32.780276000441035 ], [ -97.193421000154629, 32.781654999553233 ], [ -97.196137000403652, 32.780976999903125 ], [ -97.199048999809477, 32.781128999718774 ], [ -97.201028999785564, 32.780034000287351 ], [ -97.208197999701298, 32.779773999617568 ], [ -97.210896999766916, 32.778373999768228 ], [ -97.212768999893854, 32.778328999894541 ], [ -97.212732000178192, 32.781336999775093 ] ] ] ] } },
{ "type": "Feature", "properties": { "GEOID": "48439106600", "NAME": "Census Tract 1066, Tarrant County, Texas", "variable": "B01003_001", "estimate": 2349, "moe": 343, "coverage_all": 4028.8798, "coverage_na": 3154.9643, "coverage_4050": 270.7908, "coverage_5060": 325.9814, "coverage_6070": 148.7744, "coverage_7080": 111.3689, "coverage_8090": 17.0, "coverage_90": 0.0, "noise4050n": 153.2242, "noise5060n": 188.2678, "noise6070n": 86.897, "noise7080n": 61.8347, "noise8090n": 10.3487, "noise90n": 0.0, "noise4050p": 0.0672, "noise5060p": 0.0809, "noise6070p": 0.0369, "noise7080p": 0.0276, "noise8090p": 0.0042, "noise90p": 0.0 }, "geometry": { "type": "MultiPolygon", "coordinates": [ [ [ [ -97.441155000107059, 32.798764000284336 ], [ -97.440143999790635, 32.798957000129981 ], [ -97.439924000072764, 32.809434999827324 ], [ -97.432798999544318, 32.809983000453222 ], [ -97.43173800011364, 32.809790999557272 ], [ -97.429863999779414, 32.809916999859595 ], [ -97.429460999516579, 32.810052000065483 ], [ -97.429782000117029, 32.810189999761128 ], [ -97.428254000168465, 32.810003999693336 ], [ -97.426573000454653, 32.809747000063958 ], [ -97.424830000293099, 32.809423999597115 ], [ -97.420784000420667, 32.808828999712247 ], [ -97.420679000366604, 32.809090999718379 ], [ -97.418520999956797, 32.808759000128575 ], [ -97.417515000418319, 32.807262999659642 ], [ -97.41197799955836, 32.802691999650428 ], [ -97.41201099961097, 32.799981000061429 ], [ -97.412076000003523, 32.79937299996493 ], [ -97.413895999820568, 32.797415000373739 ], [ -97.416503000199597, 32.797435000358639 ], [ -97.420161999742248, 32.796610999580544 ], [ -97.421148999693685, 32.795143000100445 ], [ -97.420589000277403, 32.798385000382183 ], [ -97.420821999503204, 32.798398999810672 ], [ -97.422588999667894, 32.797662000302687 ], [ -97.42374399954214, 32.797666000375493 ], [ -97.425222999568589, 32.79557799985097 ], [ -97.427052999711819, 32.795516000385518 ], [ -97.429219000026563, 32.793998999765925 ], [ -97.43070699998917, 32.794680000357239 ], [ -97.434226000401281, 32.79418599962505 ], [ -97.435768000261163, 32.795583000099597 ], [ -97.437593999525987, 32.795133000009955 ], [ -97.437993000420235, 32.79583399963326 ], [ -97.438200000093289, 32.796162000001459 ], [ -97.438405999891856, 32.796345000289243 ], [ -97.438726999575877, 32.79653799989665 ], [ -97.439434000335496, 32.796926000117018 ], [ -97.439615999820617, 32.797009000400983 ], [ -97.440605999964404, 32.798046000402223 ], [ -97.440786999807344, 32.798281999578478 ], [ -97.441155000107059, 32.798764000284336 ] ] ] ] } },
{ "type": "Feature", "properties": { "GEOID": "48439106700", "NAME": "Census Tract 1067, Tarrant County, Texas", "variable": "B01003_001", "estimate": 2153, "moe": 341, "coverage_all": 18868.6101, "coverage_na": 18356.7725, "coverage_4050": 220.7059, "coverage_5060": 225.1317, "coverage_6070": 66.0, "coverage_7080": 0.0, "coverage_8090": 0.0, "coverage_90": 0.0, "noise4050n": 25.1836, "noise5060n": 25.6886, "noise6070n": 7.5309, "noise7080n": 0.0, "noise8090n": 0.0, "noise90n": 0.0, "noise4050p": 0.0117, "noise5060p": 0.0119, "noise6070p": 0.0035, "noise7080p": 0.0, "noise8090p": 0.0, "noise90p": 0.0 }, "geometry": { "type": "MultiPolygon", "coordinates": [ [ [ [ -97.478503999469325, 32.856530000336065 ], [ -97.475921999676288, 32.858806999753412 ], [ -97.47330899972313, 32.858781000359492 ], [ -97.472677000086392, 32.860649000212447 ], [ -97.46923600046793, 32.860998999670038 ], [ -97.467218999647685, 32.862385999982038 ], [ -97.465834999818341, 32.861081000449261 ], [ -97.464292000125567, 32.861923999725782 ], [ -97.462883999675313, 32.863123000390956 ], [ -97.445578000342877, 32.863128999616009 ], [ -97.441047999748378, 32.863043000304323 ], [ -97.438961000469263, 32.863040999898359 ], [ -97.426133999779651, 32.862988000294983 ], [ -97.426212000434901, 32.857569000439078 ], [ -97.426316999675862, 32.85230900042496 ], [ -97.426427000430223, 32.844675000293641 ], [ -97.425292000095737, 32.840076999785687 ], [ -97.425274999782914, 32.836333999692513 ], [ -97.425208999838205, 32.832996000194356 ], [ -97.424185000138522, 32.831298999642598 ], [ -97.420081000414953, 32.827754999865313 ], [ -97.420016000167053, 32.82386599977437 ], [ -97.419993999747575, 32.821559000054719 ], [ -97.427362000207751, 32.821616000312638 ], [ -97.432682999903918, 32.821663999670058 ], [ -97.438446000026616, 32.821937000067578 ], [ -97.438232999516259, 32.822675000013042 ], [ -97.438027999931762, 32.82456100043192 ], [ -97.440286999476797, 32.823948999652096 ], [ -97.441311000174053, 32.823961999652397 ], [ -97.442273999482509, 32.824364000010391 ], [ -97.442533999812852, 32.824530999797794 ], [ -97.44411400007229, 32.825158000298138 ], [ -97.446744000370629, 32.828698999706006 ], [ -97.449655000148525, 32.829360999555234 ], [ -97.456305999832495, 32.828709999605813 ], [ -97.459621999772111, 32.829732000417025 ], [ -97.461428000025293, 32.832624999930047 ], [ -97.461851999521357, 32.837058000210156 ], [ -97.462713999562752, 32.840436999600598 ], [ -97.464083999682799, 32.842238999936406 ], [ -97.467606999880985, 32.843674000156803 ], [ -97.469604999847093, 32.844143999562178 ], [ -97.471373000416179, 32.845277999910223 ], [ -97.473425999932019, 32.848165999599964 ], [ -97.475633999776321, 32.848976000042782 ], [ -97.476364000018862, 32.850011999625629 ], [ -97.478503999469325, 32.856530000336065 ] ] ] ] } },
{ "type": "Feature", "properties": { "GEOID": "48439110102", "NAME": "Census Tract 1101.02, Tarrant County, Texas", "variable": "B01003_001", "estimate": 3953, "moe": 604, "coverage_all": 3368.3856, "coverage_na": 2419.8295, "coverage_4050": 508.6063, "coverage_5060": 292.9478, "coverage_6070": 135.9385, "coverage_7080": 11.0635, "coverage_8090": 0.0, "coverage_90": 0.0, "noise4050n": 567.7068, "noise5060n": 339.8815, "noise6070n": 130.6878, "noise7080n": 9.0249, "noise8090n": 0.0, "noise90n": 0.0, "noise4050p": 0.151, "noise5060p": 0.087, "noise6070p": 0.0404, "noise7080p": 0.0033, "noise8090p": 0.0, "noise90p": 0.0 }, "geometry": { "type": "MultiPolygon", "coordinates": [ [ [ [ -97.273125000043507, 32.803400999972411 ], [ -97.273112000388508, 32.809633999701539 ], [ -97.273141000314226, 32.817305999640432 ], [ -97.27311299954016, 32.819214000103372 ], [ -97.270741000031649, 32.818795999991913 ], [ -97.264490999758237, 32.818713999842601 ], [ -97.264504000239157, 32.817280999583858 ], [ -97.26451100040947, 32.815987000005961 ], [ -97.264522999544567, 32.8132000001793 ], [ -97.262497000302673, 32.813157000068074 ], [ -97.257729000008695, 32.813138999840398 ], [ -97.256796000058969, 32.80934499968356 ], [ -97.252827999855285, 32.808746000220751 ], [ -97.250199999507899, 32.809161999768563 ], [ -97.248793000367797, 32.809316000149998 ], [ -97.247083000095003, 32.809355999838118 ], [ -97.244386999575227, 32.809099000179366 ], [ -97.244995000224407, 32.808993000210329 ], [ -97.245947999877401, 32.808751999809516 ], [ -97.246949000219189, 32.808411000298292 ], [ -97.248141000407031, 32.807848999681198 ], [ -97.248671000293911, 32.8075820002922 ], [ -97.249257999505289, 32.807239000453436 ], [ -97.250158999621632, 32.806726000442389 ], [ -97.252078999472317, 32.80605200042887 ], [ -97.255766000233521, 32.804910999556718 ], [ -97.260967000495398, 32.803255000103583 ], [ -97.263577000303727, 32.801749999747628 ], [ -97.268833000270888, 32.796674000009631 ], [ -97.271343000369939, 32.794879999832673 ], [ -97.273153000105054, 32.79490200035513 ], [ -97.273125000043507, 32.803400999972411 ] ] ] ] } },
{ "type": "Feature", "properties": { "GEOID": "48439110103", "NAME": "Census Tract 1101.03, Tarrant County, Texas", "variable": "B01003_001", "estimate": 4462, "moe": 996, "coverage_all": 1992.0416, "coverage_na": 87.7782, "coverage_4050": 743.0057, "coverage_5060": 982.7093, "coverage_6070": 144.7964, "coverage_7080": 26.3764, "coverage_8090": 6.3756, "coverage_90": 1.0, "noise4050n": 1465.7506, "noise5060n": 2403.8193, "noise6070n": 345.5459, "noise7080n": 64.3495, "noise8090n": 15.8017, "noise90n": 1.8781, "noise4050p": 0.373, "noise5060p": 0.4933, "noise6070p": 0.0727, "noise7080p": 0.0132, "noise8090p": 0.0032, "noise90p": 0.0005 }, "geometry": { "type": "MultiPolygon", "coordinates": [ [ [ [ -97.273110000364795, 32.821003999699201 ], [ -97.27306700027151, 32.828294000132949 ], [ -97.273030000219364, 32.831741000050762 ], [ -97.272926999636425, 32.835233999624194 ], [ -97.269460999897447, 32.839398999969745 ], [ -97.264084000072629, 32.839379999664985 ], [ -97.264007999517389, 32.836435999910563 ], [ -97.264237999596375, 32.832226999794749 ], [ -97.264330999476812, 32.82984200001426 ], [ -97.264482999799014, 32.820260000431198 ], [ -97.264490999758237, 32.818713999842601 ], [ -97.270741000031649, 32.818795999991913 ], [ -97.27311299954016, 32.819214000103372 ], [ -97.273110000364795, 32.821003999699201 ] ] ] ] } },
{ "type": "Feature", "properties": { "GEOID": "48439110104", "NAME": "Census Tract 1101.04, Tarrant County, Texas", "variable": "B01003_001", "estimate": 3106, "moe": 599, "coverage_all": 2081.9111, "coverage_na": 721.9914, "coverage_4050": 568.9388, "coverage_5060": 588.4884, "coverage_6070": 170.73, "coverage_7080": 27.3196, "coverage_8090": 0.4428, "coverage_90": 4.0, "noise4050n": 632.9717, "noise5060n": 1401.4089, "noise6070n": 340.2188, "noise7080n": 64.6977, "noise8090n": 1.5536, "noise90n": 4.6796, "noise4050p": 0.2733, "noise5060p": 0.2827, "noise6070p": 0.082, "noise7080p": 0.0131, "noise8090p": 0.0002, "noise90p": 0.0019 }, "geometry": { "type": "MultiPolygon", "coordinates": [ [ [ [ -97.264330999476812, 32.82984200001426 ], [ -97.264237999596375, 32.832226999794749 ], [ -97.264007999517389, 32.836435999910563 ], [ -97.264084000072629, 32.839379999664985 ], [ -97.255474000194354, 32.840039000272292 ], [ -97.2554740004216, 32.840233999992016 ], [ -97.252849999620253, 32.840307999849692 ], [ -97.253336000410656, 32.839637999687518 ], [ -97.255560999964331, 32.8368159997924 ], [ -97.25870799949368, 32.835552000386691 ], [ -97.25834000032161, 32.835124000050307 ], [ -97.257761999514514, 32.83419000030181 ], [ -97.257439999746069, 32.833886000318785 ], [ -97.255926000146204, 32.833208000073952 ], [ -97.255311000512179, 32.832593999950198 ], [ -97.255108999951844, 32.832136000342672 ], [ -97.25470600003824, 32.831693999859901 ], [ -97.254665000095471, 32.831641999573691 ], [ -97.254295000335318, 32.830485999642015 ], [ -97.253811000266978, 32.829738000126902 ], [ -97.252534000331778, 32.826352000174062 ], [ -97.254898000098336, 32.824468999945488 ], [ -97.25715399999666, 32.823577000054122 ], [ -97.257093000506913, 32.822502000010395 ], [ -97.253401999561461, 32.819077999616312 ], [ -97.255659999486383, 32.819079000198109 ], [ -97.255606999649842, 32.820281000403575 ], [ -97.264482999799014, 32.820260000431198 ], [ -97.264330999476812, 32.82984200001426 ] ] ] ] } },
{ "type": "Feature", "properties": { "GEOID": "48439110202", "NAME": "Census Tract 1102.02, Tarrant County, Texas", "variable": "B01003_001", "estimate": 4391, "moe": 648, "coverage_all": 2953.9203, "coverage_na": 996.9946, "coverage_4050": 1721.9113, "coverage_5060": 140.1666, "coverage_6070": 94.8478, "coverage_7080": 0.0, "coverage_8090": 0.0, "coverage_90": 0.0, "noise4050n": 2538.1418, "noise5060n": 203.823, "noise6070n": 138.0793, "noise7080n": 0.0, "noise8090n": 0.0, "noise90n": 0.0, "noise4050p": 0.5829, "noise5060p": 0.0475, "noise6070p": 0.0321, "noise7080p": 0.0, "noise8090p": 0.0, "noise90p": 0.0 }, "geometry": { "type": "MultiPolygon", "coordinates": [ [ [ [ -97.290556000369918, 32.801388000240834 ], [ -97.290551999767956, 32.802475999898554 ], [ -97.290552000507418, 32.802978999805283 ], [ -97.290547000233246, 32.806136999585554 ], [ -97.290488999798725, 32.806474000260707 ], [ -97.290507000425563, 32.808982000239212 ], [ -97.29054599997589, 32.809769999639641 ], [ -97.290384000205279, 32.809765999774271 ], [ -97.28470599948065, 32.809692000026672 ], [ -97.279672000525778, 32.809682999742094 ], [ -97.273112000388508, 32.809633999701539 ], [ -97.273125000043507, 32.803400999972411 ], [ -97.273153000105054, 32.79490200035513 ], [ -97.284540999498219, 32.795029999870245 ], [ -97.28541599966816, 32.795037999718119 ], [ -97.285655999826403, 32.795037999942778 ], [ -97.290434000148508, 32.795108999670553 ], [ -97.290609000514777, 32.795110000387787 ], [ -97.290556000369918, 32.801388000240834 ] ] ] ] } },
{ "type": "Feature", "properties": { "GEOID": "48439110204", "NAME": "Census Tract 1102.04, Tarrant County, Texas", "variable": "B01003_001", "estimate": 7417, "moe": 1292, "coverage_all": 6124.1807, "coverage_na": 293.0, "coverage_4050": 2595.6878, "coverage_5060": 2533.4721, "coverage_6070": 585.9666, "coverage_7080": 101.6214, "coverage_8090": 10.1068, "coverage_90": 4.3261, "noise4050n": 4034.443, "noise5060n": 2445.2735, "noise6070n": 412.6831, "noise7080n": 50.4195, "noise8090n": 3.7732, "noise90n": 1.4763, "noise4050p": 0.4238, "noise5060p": 0.4137, "noise6070p": 0.0957, "noise7080p": 0.0166, "noise8090p": 0.0017, "noise90p": 0.0007 }, "geometry": { "type": "MultiPolygon", "coordinates": [ [ [ [ -97.290757000522532, 32.815376000188991 ], [ -97.290644000211898, 32.820546000028777 ], [ -97.290659000389127, 32.824335999717398 ], [ -97.290636999834149, 32.831659999604078 ], [ -97.290673000246755, 32.839429999913165 ], [ -97.290360000094395, 32.83943300018398 ], [ -97.285523999646401, 32.839421000091498 ], [ -97.276754999661009, 32.839482000189292 ], [ -97.273354999732817, 32.839386999737783 ], [ -97.269460999897447, 32.839398999969745 ], [ -97.272926999636425, 32.835233999624194 ], [ -97.273030000219364, 32.831741000050762 ], [ -97.27306700027151, 32.828294000132949 ], [ -97.273110000364795, 32.821003999699201 ], [ -97.27311299954016, 32.819214000103372 ], [ -97.273141000314226, 32.817305999640432 ], [ -97.273112000388508, 32.809633999701539 ], [ -97.279672000525778, 32.809682999742094 ], [ -97.28470599948065, 32.809692000026672 ], [ -97.290384000205279, 32.809765999774271 ], [ -97.29054599997589, 32.809769999639641 ], [ -97.290757000173841, 32.81494300032999 ], [ -97.290757000522532, 32.815376000188991 ] ] ] ] } },
{ "type": "Feature", "properties": { "GEOID": "48439110205", "NAME": "Census Tract 1102.05, Tarrant County, Texas", "variable": "B01003_001", "estimate": 5159, "moe": 539, "coverage_all": 3039.6539, "coverage_na": 798.9481, "coverage_4050": 1823.569, "coverage_5060": 240.9545, "coverage_6070": 105.0634, "coverage_7080": 64.1169, "coverage_8090": 7.0019, "coverage_90": 0.0, "noise4050n": 2904.038, "noise5060n": 373.0495, "noise6070n": 170.5152, "noise7080n": 86.9741, "noise8090n": 9.4607, "noise90n": 0.0, "noise4050p": 0.5999, "noise5060p": 0.0793, "noise6070p": 0.0346, "noise7080p": 0.0211, "noise8090p": 0.0023, "noise90p": 0.0 }, "geometry": { "type": "MultiPolygon", "coordinates": [ [ [ [ -97.290276000388289, 32.844853000374286 ], [ -97.289822000110036, 32.847771000108573 ], [ -97.289820999899092, 32.849781000312419 ], [ -97.289823000296693, 32.853472000209344 ], [ -97.289823999516457, 32.85358100004968 ], [ -97.28988000012788, 32.860966999959373 ], [ -97.285290999810584, 32.860923000280934 ], [ -97.281666000234537, 32.860881000004319 ], [ -97.281524000045806, 32.860877000199515 ], [ -97.280503999481539, 32.860850000403715 ], [ -97.280514999928343, 32.859616999622126 ], [ -97.281004000185973, 32.858727000061045 ], [ -97.281045000193544, 32.858673999767376 ], [ -97.281122000497433, 32.858521000435765 ], [ -97.28117199955895, 32.858364999828957 ], [ -97.281202000381583, 32.858146999775258 ], [ -97.280914999937224, 32.856869000381828 ], [ -97.276431000388385, 32.853475000390773 ], [ -97.276048999890946, 32.852637000298941 ], [ -97.277381000076062, 32.849656999623896 ], [ -97.278495000390066, 32.847599999987935 ], [ -97.275265999924372, 32.844385000323896 ], [ -97.275212000180872, 32.843273999985868 ], [ -97.276754999661009, 32.839482000189292 ], [ -97.285523999646401, 32.839421000091498 ], [ -97.290360000094395, 32.83943300018398 ], [ -97.290276000388289, 32.844853000374286 ] ] ] ] } },
{ "type": "Feature", "properties": { "GEOID": "48439110206", "NAME": "Census Tract 1102.06, Tarrant County, Texas", "variable": "B01003_001", "estimate": 2768, "moe": 587, "coverage_all": 2936.7312, "coverage_na": 990.0519, "coverage_4050": 1116.431, "coverage_5060": 612.8385, "coverage_6070": 159.5538, "coverage_7080": 47.7949, "coverage_8090": 5.9806, "coverage_90": 4.0805, "noise4050n": 1084.8624, "noise5060n": 672.0896, "noise6070n": 169.1735, "noise7080n": 47.0719, "noise8090n": 5.3123, "noise90n": 5.072, "noise4050p": 0.3802, "noise5060p": 0.2087, "noise6070p": 0.0543, "noise7080p": 0.0163, "noise8090p": 0.002, "noise90p": 0.0014 }, "geometry": { "type": "MultiPolygon", "coordinates": [ [ [ [ -97.28117199955895, 32.858364999828957 ], [ -97.281122000497433, 32.858521000435765 ], [ -97.281045000193544, 32.858673999767376 ], [ -97.281004000185973, 32.858727000061045 ], [ -97.280514999928343, 32.859616999622126 ], [ -97.280503999481539, 32.860850000403715 ], [ -97.2723779996752, 32.860804999932732 ], [ -97.269038999613286, 32.860818999872798 ], [ -97.267075999892953, 32.860824999965224 ], [ -97.264611999922877, 32.860581000226915 ], [ -97.263976000290469, 32.860584999943995 ], [ -97.263978000504622, 32.860511999976545 ], [ -97.264030000250614, 32.853040000261025 ], [ -97.26397600037545, 32.850838000243115 ], [ -97.266189000279965, 32.85085599981182 ], [ -97.267437000299296, 32.843493999714241 ], [ -97.268123000361697, 32.841700999790582 ], [ -97.268379000483264, 32.841126999688356 ], [ -97.269460999897447, 32.839398999969745 ], [ -97.273354999732817, 32.839386999737783 ], [ -97.276754999661009, 32.839482000189292 ], [ -97.275212000180872, 32.843273999985868 ], [ -97.275265999924372, 32.844385000323896 ], [ -97.278495000390066, 32.847599999987935 ], [ -97.277381000076062, 32.849656999623896 ], [ -97.276048999890946, 32.852637000298941 ], [ -97.276431000388385, 32.853475000390773 ], [ -97.280914999937224, 32.856869000381828 ], [ -97.281202000381583, 32.858146999775258 ], [ -97.28117199955895, 32.858364999828957 ] ] ] ] } },
{ "type": "Feature", "properties": { "GEOID": "48439110301", "NAME": "Census Tract 1103.01, Tarrant County, Texas", "variable": "B01003_001", "estimate": 3487, "moe": 560, "coverage_all": 7063.3222, "coverage_na": 1131.1688, "coverage_4050": 2866.4276, "coverage_5060": 2145.1646, "coverage_6070": 614.0512, "coverage_7080": 257.4547, "coverage_8090": 43.0552, "coverage_90": 6.0, "noise4050n": 1432.1862, "noise5060n": 1029.7591, "noise6070n": 284.925, "noise7080n": 117.4984, "noise8090n": 21.0395, "noise90n": 3.4098, "noise4050p": 0.4058, "noise5060p": 0.3037, "noise6070p": 0.0869, "noise7080p": 0.0364, "noise8090p": 0.0061, "noise90p": 0.0008 }, "geometry": { "type": "MultiPolygon", "coordinates": [ [ [ [ -97.273237000359885, 32.787747999771362 ], [ -97.273191999464984, 32.793518999687016 ], [ -97.273153000105054, 32.79490200035513 ], [ -97.271343000369939, 32.794879999832673 ], [ -97.268833000270888, 32.796674000009631 ], [ -97.263577000303727, 32.801749999747628 ], [ -97.260967000495398, 32.803255000103583 ], [ -97.255766000233521, 32.804910999556718 ], [ -97.252078999472317, 32.80605200042887 ], [ -97.250158999621632, 32.806726000442389 ], [ -97.249257999505289, 32.807239000453436 ], [ -97.248021999899876, 32.803486000368828 ], [ -97.242022000402045, 32.800699000231859 ], [ -97.236943000299661, 32.794430000317476 ], [ -97.235919000434677, 32.794217999849621 ], [ -97.236276999740397, 32.794055000162871 ], [ -97.243180999550233, 32.791106000052196 ], [ -97.243184000178871, 32.787671999942042 ], [ -97.243184999796739, 32.787005000300653 ], [ -97.24576900035666, 32.787618000359672 ], [ -97.249428000288674, 32.787581000380889 ], [ -97.250544000488375, 32.787557999849184 ], [ -97.250663999485539, 32.784170999603262 ], [ -97.250683000346029, 32.78366300005024 ], [ -97.256683999730896, 32.783726999745603 ], [ -97.256676999773234, 32.780419999682785 ], [ -97.268314999951272, 32.780438999696663 ], [ -97.27320400039612, 32.780439999790019 ], [ -97.273205999523469, 32.781435999857003 ], [ -97.27323999987577, 32.787638000142415 ], [ -97.273237000359885, 32.787747999771362 ] ] ] ] } },
{ "type": "Feature", "properties": { "GEOID": "48439110302", "NAME": "Census Tract 1103.02, Tarrant County, Texas", "variable": "B01003_001", "estimate": 4890, "moe": 692, "coverage_all": 3253.1694, "coverage_na": 98.0, "coverage_4050": 2572.1136, "coverage_5060": 383.3174, "coverage_6070": 176.166, "coverage_7080": 20.0009, "coverage_8090": 3.5715, "coverage_90": 0.0, "noise4050n": 3867.4127, "noise5060n": 571.5868, "noise6070n": 265.9317, "noise7080n": 29.2436, "noise8090n": 5.2219, "noise90n": 0.0, "noise4050p": 0.7906, "noise5060p": 0.1178, "noise6070p": 0.0542, "noise7080p": 0.0061, "noise8090p": 0.0011, "noise90p": 0.0 }, "geometry": { "type": "MultiPolygon", "coordinates": [ [ [ [ -97.293453999510618, 32.792310999914299 ], [ -97.293384000095173, 32.795114999555899 ], [ -97.290609000514777, 32.795110000387787 ], [ -97.290434000148508, 32.795108999670553 ], [ -97.285655999826403, 32.795037999942778 ], [ -97.28541599966816, 32.795037999718119 ], [ -97.284540999498219, 32.795029999870245 ], [ -97.273153000105054, 32.79490200035513 ], [ -97.273191999464984, 32.793518999687016 ], [ -97.273237000359885, 32.787747999771362 ], [ -97.27323999987577, 32.787638000142415 ], [ -97.273205999523469, 32.781435999857003 ], [ -97.27320400039612, 32.780439999790019 ], [ -97.273217999910017, 32.779596999931471 ], [ -97.277012000499511, 32.779642000184133 ], [ -97.277665999788425, 32.779625000274265 ], [ -97.278204000477814, 32.779610000115483 ], [ -97.278921999941559, 32.779590999642927 ], [ -97.284132999939871, 32.779572999784406 ], [ -97.286017999524802, 32.779586999968757 ], [ -97.287456000480518, 32.779600999727563 ], [ -97.287431000509201, 32.781809000101028 ], [ -97.289305000311188, 32.781789999838693 ], [ -97.289542000501555, 32.781788000366248 ], [ -97.290644999869997, 32.780969999850214 ], [ -97.29060700045008, 32.7880100000704 ], [ -97.293549999571184, 32.78803399955877 ], [ -97.293453999510618, 32.792310999914299 ] ] ] ] } },
{ "type": "Feature", "properties": { "GEOID": "48439110401", "NAME": "Census Tract 1104.01, Tarrant County, Texas", "variable": "B01003_001", "estimate": 4932, "moe": 21, "coverage_all": 7097.003, "coverage_na": 5615.0502, "coverage_4050": 432.965, "coverage_5060": 684.4721, "coverage_6070": 269.6136, "coverage_7080": 76.2451, "coverage_8090": 18.657, "coverage_90": 0.0, "noise4050n": 239.2439, "noise5060n": 382.2961, "noise6070n": 132.185, "noise7080n": 38.9619, "noise8090n": 9.8437, "noise90n": 0.0, "noise4050p": 0.061, "noise5060p": 0.0964, "noise6070p": 0.038, "noise7080p": 0.0107, "noise8090p": 0.0026, "noise90p": 0.0 }, "geometry": { "type": "MultiPolygon", "coordinates": [ [ [ [ -97.451622000019881, 32.805136999845629 ], [ -97.44764399949409, 32.808348000425283 ], [ -97.446913000261347, 32.807781000109856 ], [ -97.446594000471151, 32.807816999836582 ], [ -97.446523000080219, 32.807813999613494 ], [ -97.445543999685796, 32.808049999871493 ], [ -97.446399999552, 32.809558000231895 ], [ -97.448781000448307, 32.810423999931864 ], [ -97.450135000351921, 32.813679000351193 ], [ -97.450295999990828, 32.81447300015698 ], [ -97.4485019999739, 32.814749000284159 ], [ -97.448103999587588, 32.8152410000449 ], [ -97.447188000019835, 32.817663999736418 ], [ -97.444035999810737, 32.815756999857136 ], [ -97.443754999766142, 32.815615000290485 ], [ -97.442171999973937, 32.815676000391228 ], [ -97.442252999531107, 32.815892999706804 ], [ -97.44261899948107, 32.8165539998868 ], [ -97.443122999830607, 32.816366999757292 ], [ -97.443839999604492, 32.817273999583882 ], [ -97.444061999550939, 32.817599000406439 ], [ -97.443486999505637, 32.817781000414286 ], [ -97.444369999758081, 32.81873899998353 ], [ -97.443939999829453, 32.819167999637422 ], [ -97.444804999557661, 32.819802000085559 ], [ -97.44384099982237, 32.8203749997271 ], [ -97.44296999979376, 32.821861999647432 ], [ -97.442243999525431, 32.823094999872048 ], [ -97.442107999508139, 32.823292999581511 ], [ -97.44195900026736, 32.823396000303873 ], [ -97.442128000228237, 32.823597000411624 ], [ -97.442273999482509, 32.824364000010391 ], [ -97.441311000174053, 32.823961999652397 ], [ -97.440286999476797, 32.823948999652096 ], [ -97.438027999931762, 32.82456100043192 ], [ -97.438232999516259, 32.822675000013042 ], [ -97.438446000026616, 32.821937000067578 ], [ -97.432682999903918, 32.821663999670058 ], [ -97.427362000207751, 32.821616000312638 ], [ -97.419993999747575, 32.821559000054719 ], [ -97.411406000062783, 32.821506999982461 ], [ -97.407838999564305, 32.821466999888202 ], [ -97.407853999507182, 32.816002000398669 ], [ -97.407871999739839, 32.812164000116219 ], [ -97.411325999507753, 32.81289400020195 ], [ -97.411197999988872, 32.811235999650442 ], [ -97.411196000099125, 32.805602000357922 ], [ -97.411286000506081, 32.803444000089669 ], [ -97.411977000259711, 32.803215999676219 ], [ -97.41197799955836, 32.802691999650428 ], [ -97.417515000418319, 32.807262999659642 ], [ -97.418520999956797, 32.808759000128575 ], [ -97.420679000366604, 32.809090999718379 ], [ -97.420784000420667, 32.808828999712247 ], [ -97.424830000293099, 32.809423999597115 ], [ -97.426573000454653, 32.809747000063958 ], [ -97.428254000168465, 32.810003999693336 ], [ -97.429782000117029, 32.810189999761128 ], [ -97.429460999516579, 32.810052000065483 ], [ -97.429863999779414, 32.809916999859595 ], [ -97.43173800011364, 32.809790999557272 ], [ -97.432798999544318, 32.809983000453222 ], [ -97.439924000072764, 32.809434999827324 ], [ -97.440143999790635, 32.798957000129981 ], [ -97.441155000107059, 32.798764000284336 ], [ -97.441880999516641, 32.798566999803391 ], [ -97.442138999896315, 32.798495000129591 ], [ -97.446958000438883, 32.798533999774548 ], [ -97.45170199961828, 32.79842600026754 ], [ -97.451622000019881, 32.805136999845629 ] ] ] ] } },
{ "type": "Feature", "properties": { "GEOID": "48439110402", "NAME": "Census Tract 1104.02, Tarrant County, Texas", "variable": "B01003_001", "estimate": 5593, "moe": 34, "coverage_all": 3561.1279, "coverage_na": 2764.6709, "coverage_4050": 540.257, "coverage_5060": 170.5755, "coverage_6070": 73.7719, "coverage_7080": 11.8526, "coverage_8090": 0.0, "coverage_90": 0.0, "noise4050n": 786.8523, "noise5060n": 297.2684, "noise6070n": 129.3014, "noise7080n": 20.7743, "noise8090n": 0.0, "noise90n": 0.0, "noise4050p": 0.1517, "noise5060p": 0.0479, "noise6070p": 0.0207, "noise7080p": 0.0033, "noise8090p": 0.0, "noise90p": 0.0 }, "geometry": { "type": "MultiPolygon", "coordinates": [ [ [ [ -97.41201099961097, 32.799981000061429 ], [ -97.41197799955836, 32.802691999650428 ], [ -97.411977000259711, 32.803215999676219 ], [ -97.411286000506081, 32.803444000089669 ], [ -97.411196000099125, 32.805602000357922 ], [ -97.411197999988872, 32.811235999650442 ], [ -97.411325999507753, 32.81289400020195 ], [ -97.407871999739839, 32.812164000116219 ], [ -97.407745999881129, 32.812130000118366 ], [ -97.407461999594148, 32.812049999754294 ], [ -97.398399999557384, 32.809533000038741 ], [ -97.397541000323557, 32.809291999558241 ], [ -97.395090000088999, 32.808615000340509 ], [ -97.394081999647625, 32.808331999682444 ], [ -97.388917000118454, 32.806722000425495 ], [ -97.3884149997929, 32.806387000239091 ], [ -97.390884999633798, 32.804245000134451 ], [ -97.391644000101493, 32.803477999802752 ], [ -97.390192999691422, 32.802276000379408 ], [ -97.391540000428762, 32.801129000202671 ], [ -97.391714999691487, 32.800982000297864 ], [ -97.392588000152756, 32.800223999699902 ], [ -97.39392199999881, 32.799043999621368 ], [ -97.394260999676234, 32.798600000046925 ], [ -97.394288999543505, 32.798311000111362 ], [ -97.394413000167916, 32.796674999599006 ], [ -97.394610999912757, 32.794613000383471 ], [ -97.39820900022886, 32.795846999694284 ], [ -97.398309000230753, 32.792797000141142 ], [ -97.401065999999048, 32.792834000105046 ], [ -97.403253000207727, 32.79296600039298 ], [ -97.403977000125082, 32.792240000122284 ], [ -97.403998999886795, 32.792218000341684 ], [ -97.404959999875388, 32.792895999585582 ], [ -97.405580999911521, 32.793305000350067 ], [ -97.407066999526506, 32.796146000279904 ], [ -97.407879999645189, 32.796506999678286 ], [ -97.411935000289731, 32.797415999571307 ], [ -97.412076000003523, 32.79937299996493 ], [ -97.41201099961097, 32.799981000061429 ] ] ] ] } },
{ "type": "Feature", "properties": { "GEOID": "48439110500", "NAME": "Census Tract 1105, Tarrant County, Texas", "variable": "B01003_001", "estimate": 7653, "moe": 18, "coverage_all": 5817.8974, "coverage_na": 4943.2301, "coverage_4050": 424.6771, "coverage_5060": 330.8269, "coverage_6070": 119.1634, "coverage_7080": 0.0, "coverage_8090": 0.0, "coverage_90": 0.0, "noise4050n": 551.8811, "noise5060n": 450.2945, "noise6070n": 191.5838, "noise7080n": 0.0, "noise8090n": 0.0, "noise90n": 0.0, "noise4050p": 0.073, "noise5060p": 0.0569, "noise6070p": 0.0205, "noise7080p": 0.0, "noise8090p": 0.0, "noise90p": 0.0 }, "geometry": { "type": "MultiPolygon", "coordinates": [ [ [ [ -97.412674999947427, 32.780018999816015 ], [ -97.408999, 32.78119100003542 ], [ -97.405065999532241, 32.78485099986959 ], [ -97.404558000075639, 32.786768000276176 ], [ -97.405542000514444, 32.789015000223095 ], [ -97.408377999608703, 32.790732000199078 ], [ -97.405280999509884, 32.792654999652761 ], [ -97.404959999875388, 32.792895999585582 ], [ -97.403998999886795, 32.792218000341684 ], [ -97.399939000012765, 32.789194000334625 ], [ -97.399876000094636, 32.788961000044701 ], [ -97.399862000080574, 32.784422999907605 ], [ -97.394773000485102, 32.784424000354143 ], [ -97.394748000223288, 32.788640999956236 ], [ -97.391358000485269, 32.788696999738157 ], [ -97.387869000325622, 32.78869599968418 ], [ -97.387774000191925, 32.788696000405167 ], [ -97.387518000373248, 32.78889599985412 ], [ -97.383720999617935, 32.785776999578616 ], [ -97.383560000399214, 32.785625999566058 ], [ -97.386016000343986, 32.78385599965921 ], [ -97.390239000398012, 32.780778999807112 ], [ -97.388096999553383, 32.780201999643033 ], [ -97.387631999655127, 32.78019900006263 ], [ -97.387632000253902, 32.780156000416703 ], [ -97.386919000265991, 32.780163000326418 ], [ -97.386493000061762, 32.777001999704233 ], [ -97.389642999545472, 32.777016000081872 ], [ -97.389655000538895, 32.775641000212609 ], [ -97.388792000497901, 32.775217000271454 ], [ -97.389661000386326, 32.775232999594841 ], [ -97.38966300027468, 32.775100000345368 ], [ -97.389709000304862, 32.7717040004312 ], [ -97.387385999834763, 32.771590999937246 ], [ -97.38603599964118, 32.771506000366443 ], [ -97.386150000030526, 32.769647000338082 ], [ -97.387729000208637, 32.769666000181651 ], [ -97.388780999748803, 32.769670999805911 ], [ -97.389857000181053, 32.769677999641601 ], [ -97.390732000181799, 32.767239999891821 ], [ -97.39145800028264, 32.761248999824303 ], [ -97.393381999526071, 32.761172999665384 ], [ -97.39455400046694, 32.761168000134809 ], [ -97.394542999895066, 32.76343499964289 ], [ -97.394233000004476, 32.763427000152966 ], [ -97.394233000479772, 32.763891999979776 ], [ -97.399836999802318, 32.763900000419788 ], [ -97.404009999737625, 32.764511999996749 ], [ -97.4072640001704, 32.765989999651865 ], [ -97.407700000121977, 32.766250000092192 ], [ -97.4072190002925, 32.766671999906997 ], [ -97.407020000470752, 32.768338000081414 ], [ -97.407677999532339, 32.768340000414995 ], [ -97.407758999497133, 32.768337999953779 ], [ -97.407773999925652, 32.769918999632779 ], [ -97.407875000433933, 32.772643999648665 ], [ -97.41114999986992, 32.772987000386998 ], [ -97.411717999766154, 32.775730999820404 ], [ -97.411787000099096, 32.775916999553921 ], [ -97.412674999947427, 32.780018999816015 ] ] ] ] } },
{ "type": "Feature", "properties": { "GEOID": "48439110600", "NAME": "Census Tract 1106, Tarrant County, Texas", "variable": "B01003_001", "estimate": 2713, "moe": 21, "coverage_all": 5992.603, "coverage_na": 5349.0703, "coverage_4050": 218.9363, "coverage_5060": 276.4366, "coverage_6070": 133.0396, "coverage_7080": 15.1201, "coverage_8090": 0.0, "coverage_90": 0.0, "noise4050n": 98.3411, "noise5060n": 120.1328, "noise6070n": 52.7511, "noise7080n": 4.8769, "noise8090n": 0.0, "noise90n": 0.0, "noise4050p": 0.0365, "noise5060p": 0.0461, "noise6070p": 0.0222, "noise7080p": 0.0025, "noise8090p": 0.0, "noise90p": 0.0 }, "geometry": { "type": "MultiPolygon", "coordinates": [ [ [ [ -97.445854000073439, 32.765476000089656 ], [ -97.443176000200594, 32.765444000387923 ], [ -97.440113999771128, 32.765404999611654 ], [ -97.440081999939196, 32.763428000141595 ], [ -97.439098000302991, 32.763438999728919 ], [ -97.435344999885146, 32.763426999756746 ], [ -97.435352000054948, 32.765631000131393 ], [ -97.427773000357206, 32.765626999628275 ], [ -97.427755999482201, 32.768214000175462 ], [ -97.419377999485377, 32.768104999721217 ], [ -97.416075000450022, 32.768061999583281 ], [ -97.415415000409496, 32.768054000056864 ], [ -97.413509999804603, 32.767042999904291 ], [ -97.411792000173349, 32.766612999679126 ], [ -97.409472000042086, 32.765744999772707 ], [ -97.408670000232732, 32.765387999951713 ], [ -97.405834999583263, 32.763705000359096 ], [ -97.404530000462557, 32.760223000338193 ], [ -97.404421000405648, 32.75769200036536 ], [ -97.40073600006771, 32.752839999882262 ], [ -97.40183800024694, 32.752841000237666 ], [ -97.414993000463994, 32.75285099967774 ], [ -97.415676000336987, 32.753934999679949 ], [ -97.416009000378395, 32.753935999660968 ], [ -97.424652999543369, 32.753975999636602 ], [ -97.426515999606366, 32.753984999820545 ], [ -97.427131999823388, 32.753964000133209 ], [ -97.427844999543638, 32.753994000307195 ], [ -97.428129000135954, 32.753700999996866 ], [ -97.42840400026013, 32.75356199983635 ], [ -97.42857799948942, 32.753759000332018 ], [ -97.428445999751048, 32.753891000032034 ], [ -97.428894000042547, 32.754150999581391 ], [ -97.429344999559717, 32.754425000365387 ], [ -97.429634000476156, 32.754157999838363 ], [ -97.435034000288411, 32.754162999788079 ], [ -97.435308999704489, 32.752930000226108 ], [ -97.443796000504065, 32.753103999725326 ], [ -97.444500000335964, 32.75972899995822 ], [ -97.445406999718045, 32.760343999943451 ], [ -97.445610999957879, 32.76047100016158 ], [ -97.44584900039213, 32.761395000026127 ], [ -97.445854000073439, 32.765476000089656 ] ] ] ] } },
{ "type": "Feature", "properties": { "GEOID": "48439110703", "NAME": "Census Tract 1107.03, Tarrant County, Texas", "variable": "B01003_001", "estimate": 6061, "moe": 737, "coverage_all": 3670.7711, "coverage_na": 2915.0695, "coverage_4050": 201.3842, "coverage_5060": 343.9062, "coverage_6070": 109.3524, "coverage_7080": 91.3054, "coverage_8090": 9.7534, "coverage_90": 0.0, "noise4050n": 288.9966, "noise5060n": 505.4338, "noise6070n": 143.6046, "noise7080n": 119.9048, "noise8090n": 12.8084, "noise90n": 0.0, "noise4050p": 0.0549, "noise5060p": 0.0937, "noise6070p": 0.0298, "noise7080p": 0.0249, "noise8090p": 0.0027, "noise90p": 0.0 }, "geometry": { "type": "MultiPolygon", "coordinates": [ [ [ [ -97.481174000490597, 32.741856999934797 ], [ -97.479425999963283, 32.751595999688909 ], [ -97.479084000041368, 32.751690000095991 ], [ -97.477326000403309, 32.752723999662095 ], [ -97.475422000397515, 32.753216999908581 ], [ -97.475243000287804, 32.754366999815694 ], [ -97.47374500047917, 32.754401999791703 ], [ -97.472620000036414, 32.755901999633728 ], [ -97.469678000326113, 32.756352000153427 ], [ -97.468429000300191, 32.75752999972606 ], [ -97.465649000442539, 32.758065999552962 ], [ -97.464092000486758, 32.757891000347762 ], [ -97.460284000183165, 32.758895000251677 ], [ -97.459045000450331, 32.758324000389273 ], [ -97.459128000201417, 32.751876999839297 ], [ -97.460232000374191, 32.750006000397349 ], [ -97.460293000095177, 32.74568300033549 ], [ -97.465535999501881, 32.745710000329325 ], [ -97.46552900016907, 32.74317000000692 ], [ -97.468861000042423, 32.742489000206362 ], [ -97.467214000064402, 32.74025699969161 ], [ -97.466914999550738, 32.738574000225711 ], [ -97.467001000292555, 32.738099000049196 ], [ -97.475884999804506, 32.738127000030211 ], [ -97.47750900051706, 32.738157999631014 ], [ -97.481158000004285, 32.738115000003766 ], [ -97.481174000490597, 32.741856999934797 ] ] ] ] } },
{ "type": "Feature", "properties": { "GEOID": "48439110704", "NAME": "Census Tract 1107.04, Tarrant County, Texas", "variable": "B01003_001", "estimate": 4710, "moe": 659, "coverage_all": 5710.0524, "coverage_na": 4403.8527, "coverage_4050": 457.0947, "coverage_5060": 504.0266, "coverage_6070": 217.7773, "coverage_7080": 114.2171, "coverage_8090": 13.0839, "coverage_90": 0.0, "noise4050n": 363.4228, "noise5060n": 394.3704, "noise6070n": 139.5788, "noise7080n": 101.1694, "noise8090n": 13.3734, "noise90n": 0.0, "noise4050p": 0.0801, "noise5060p": 0.0883, "noise6070p": 0.0381, "noise7080p": 0.02, "noise8090p": 0.0023, "noise90p": 0.0 }, "geometry": { "type": "MultiPolygon", "coordinates": [ [ [ [ -97.468861000042423, 32.742489000206362 ], [ -97.46552900016907, 32.74317000000692 ], [ -97.465535999501881, 32.745710000329325 ], [ -97.460293000095177, 32.74568300033549 ], [ -97.460232000374191, 32.750006000397349 ], [ -97.459128000201417, 32.751876999839297 ], [ -97.459045000450331, 32.758324000389273 ], [ -97.456487000299191, 32.757576000119769 ], [ -97.453360000529827, 32.758218000208331 ], [ -97.452514999475113, 32.759696999869199 ], [ -97.450987000440975, 32.759993999703639 ], [ -97.44959899961718, 32.761706999829769 ], [ -97.445610999957879, 32.76047100016158 ], [ -97.445406999718045, 32.760343999943451 ], [ -97.444500000335964, 32.75972899995822 ], [ -97.443796000504065, 32.753103999725326 ], [ -97.435308999704489, 32.752930000226108 ], [ -97.435034000288411, 32.754162999788079 ], [ -97.429634000476156, 32.754157999838363 ], [ -97.434356999749212, 32.749673999826342 ], [ -97.435271000489493, 32.748844999929169 ], [ -97.435325000161342, 32.748788999773168 ], [ -97.439258000483008, 32.744913999859584 ], [ -97.440180999525182, 32.743411999689066 ], [ -97.440792000432651, 32.74241699978532 ], [ -97.441226999563639, 32.741366999630351 ], [ -97.441291000403993, 32.740320999734067 ], [ -97.440775999636401, 32.738137999666563 ], [ -97.440821999642139, 32.736497000179803 ], [ -97.447454000199102, 32.737912999553529 ], [ -97.451789999533304, 32.738035000054538 ], [ -97.467001000292555, 32.738099000049196 ], [ -97.466914999550738, 32.738574000225711 ], [ -97.467214000064402, 32.74025699969161 ], [ -97.468861000042423, 32.742489000206362 ] ] ] ] } },
{ "type": "Feature", "properties": { "GEOID": "48439110705", "NAME": "Census Tract 1107.05, Tarrant County, Texas", "variable": "B01003_001", "estimate": 3565, "moe": 546, "coverage_all": 2511.3855, "coverage_na": 2097.7533, "coverage_4050": 167.4925, "coverage_5060": 229.6916, "coverage_6070": 16.4481, "coverage_7080": 0.0, "coverage_8090": 0.0, "coverage_90": 0.0, "noise4050n": 254.7962, "noise5060n": 347.9532, "noise6070n": 28.2911, "noise7080n": 0.0, "noise8090n": 0.0, "noise90n": 0.0, "noise4050p": 0.0667, "noise5060p": 0.0915, "noise6070p": 0.0065, "noise7080p": 0.0, "noise8090p": 0.0, "noise90p": 0.0 }, "geometry": { "type": "MultiPolygon", "coordinates": [ [ [ [ -97.476020000414451, 32.766406000236827 ], [ -97.474279999644423, 32.774334999978073 ], [ -97.472795999961861, 32.777246999622314 ], [ -97.470445999715523, 32.779951000189598 ], [ -97.469588000259336, 32.780506999852854 ], [ -97.467165999558247, 32.781575000027225 ], [ -97.467070999894915, 32.779974000127105 ], [ -97.467425000374377, 32.778599000282284 ], [ -97.467135000036521, 32.778297000174724 ], [ -97.465766999526835, 32.778377000234478 ], [ -97.465107999872416, 32.778193000337978 ], [ -97.463305999696942, 32.778771000097016 ], [ -97.462721000310722, 32.779195999977254 ], [ -97.461746000023822, 32.777465999619153 ], [ -97.461760000499979, 32.775837000329091 ], [ -97.460261999991246, 32.7758320001724 ], [ -97.454899000063293, 32.775815000111557 ], [ -97.453441999958756, 32.775806999812268 ], [ -97.454687000405073, 32.771745999680284 ], [ -97.455815999988189, 32.770972000229939 ], [ -97.456754000215867, 32.770342999781676 ], [ -97.459235000460922, 32.768673000032948 ], [ -97.45991600001669, 32.767995000107007 ], [ -97.460073000216369, 32.767694000072879 ], [ -97.4601660002822, 32.767443000210157 ], [ -97.460220999690065, 32.766412999604043 ], [ -97.460246000449288, 32.765549000211941 ], [ -97.464844000136168, 32.766095000379252 ], [ -97.46684500037999, 32.766120999697733 ], [ -97.469004000106537, 32.766142999957339 ], [ -97.475557999503891, 32.766193999579841 ], [ -97.476020000414451, 32.766406000236827 ] ] ] ] } },
{ "type": "Feature", "properties": { "GEOID": "48439110706", "NAME": "Census Tract 1107.06, Tarrant County, Texas", "variable": "B01003_001", "estimate": 3380, "moe": 886, "coverage_all": 3247.2921, "coverage_na": 2572.8386, "coverage_4050": 287.9252, "coverage_5060": 248.1563, "coverage_6070": 83.7309, "coverage_7080": 45.9526, "coverage_8090": 8.6884, "coverage_90": 0.0, "noise4050n": 281.6091, "noise5060n": 225.4945, "noise6070n": 71.4533, "noise7080n": 39.1331, "noise8090n": 7.3964, "noise90n": 0.0, "noise4050p": 0.0887, "noise5060p": 0.0764, "noise6070p": 0.0258, "noise7080p": 0.0142, "noise8090p": 0.0027, "noise90p": 0.0 }, "geometry": { "type": "MultiPolygon", "coordinates": [ [ [ [ -97.483602000240097, 32.762635999619626 ], [ -97.47817000030804, 32.765744999883395 ], [ -97.476584000133997, 32.766116999787435 ], [ -97.475557999503891, 32.766193999579841 ], [ -97.469004000106537, 32.766142999957339 ], [ -97.46684500037999, 32.766120999697733 ], [ -97.464844000136168, 32.766095000379252 ], [ -97.460246000449288, 32.765549000211941 ], [ -97.458293000414898, 32.765555000287975 ], [ -97.445854000073439, 32.765476000089656 ], [ -97.44584900039213, 32.761395000026127 ], [ -97.445610999957879, 32.76047100016158 ], [ -97.44959899961718, 32.761706999829769 ], [ -97.450987000440975, 32.759993999703639 ], [ -97.452514999475113, 32.759696999869199 ], [ -97.453360000529827, 32.758218000208331 ], [ -97.456487000299191, 32.757576000119769 ], [ -97.459045000450331, 32.758324000389273 ], [ -97.460284000183165, 32.758895000251677 ], [ -97.464092000486758, 32.757891000347762 ], [ -97.465649000442539, 32.758065999552962 ], [ -97.468429000300191, 32.75752999972606 ], [ -97.469678000326113, 32.756352000153427 ], [ -97.472620000036414, 32.755901999633728 ], [ -97.47374500047917, 32.754401999791703 ], [ -97.475243000287804, 32.754366999815694 ], [ -97.475422000397515, 32.753216999908581 ], [ -97.477326000403309, 32.752723999662095 ], [ -97.479084000041368, 32.751690000095991 ], [ -97.479425999963283, 32.751595999688909 ], [ -97.477604999534265, 32.760871000284091 ], [ -97.481980000383388, 32.761119000291714 ], [ -97.483602000240097, 32.762635999619626 ] ] ] ] } },
{ "type": "Feature", "properties": { "GEOID": "48439110805", "NAME": "Census Tract 1108.05, Tarrant County, Texas", "variable": "B01003_001", "estimate": 6392, "moe": 882, "coverage_all": 6261.9101, "coverage_na": 5440.8191, "coverage_4050": 237.2155, "coverage_5060": 378.9733, "coverage_6070": 105.5534, "coverage_7080": 88.6846, "coverage_8090": 10.6643, "coverage_90": 0.0, "noise4050n": 261.5555, "noise5060n": 413.4999, "noise6070n": 131.4098, "noise7080n": 111.0913, "noise8090n": 13.2622, "noise90n": 0.0, "noise4050p": 0.0379, "noise5060p": 0.0605, "noise6070p": 0.0169, "noise7080p": 0.0142, "noise8090p": 0.0017, "noise90p": 0.0 }, "geometry": { "type": "MultiPolygon", "coordinates": [ [ [ [ -97.507748999975689, 32.749150000168598 ], [ -97.506829000337135, 32.751541999662862 ], [ -97.503611999832131, 32.754516000199921 ], [ -97.501104000134021, 32.756774000120004 ], [ -97.500283999663964, 32.757905999715796 ], [ -97.499656999651307, 32.759292999980133 ], [ -97.490959999976866, 32.75917999960555 ], [ -97.488796999659698, 32.759465000432002 ], [ -97.48524100039954, 32.761694000091879 ], [ -97.483602000240097, 32.762635999619626 ], [ -97.481980000383388, 32.761119000291714 ], [ -97.477604999534265, 32.760871000284091 ], [ -97.479425999963283, 32.751595999688909 ], [ -97.481174000490597, 32.741856999934797 ], [ -97.481158000004285, 32.738115000003766 ], [ -97.48211800024815, 32.738030000237515 ], [ -97.483461999999733, 32.737807999995724 ], [ -97.483484999667269, 32.739555999736297 ], [ -97.486127999787087, 32.738022999969942 ], [ -97.494577000000831, 32.738021999577157 ], [ -97.503510999727283, 32.738596000028615 ], [ -97.503482999932785, 32.741244999937429 ], [ -97.507430000492533, 32.746888999723311 ], [ -97.507748999975689, 32.749150000168598 ] ] ] ] } },
{ "type": "Feature", "properties": { "GEOID": "48439110806", "NAME": "Census Tract 1108.06, Tarrant County, Texas", "variable": "B01003_001", "estimate": 5039, "moe": 480, "coverage_all": 13658.1167, "coverage_na": 13493.0428, "coverage_4050": 100.9977, "coverage_5060": 64.0761, "coverage_6070": 0.0, "coverage_7080": 0.0, "coverage_8090": 0.0, "coverage_90": 0.0, "noise4050n": 94.9341, "noise5060n": 91.8185, "noise6070n": 0.0, "noise7080n": 0.0, "noise8090n": 0.0, "noise90n": 0.0, "noise4050p": 0.0074, "noise5060p": 0.0047, "noise6070p": 0.0, "noise7080p": 0.0, "noise8090p": 0.0, "noise90p": 0.0 }, "geometry": { "type": "MultiPolygon", "coordinates": [ [ [ [ -97.548200999963001, 32.776113999671189 ], [ -97.545208999892608, 32.773946999729105 ], [ -97.543038999859561, 32.773195999710637 ], [ -97.531930999890676, 32.770881999797773 ], [ -97.531521000342508, 32.770700999956901 ], [ -97.523141000248273, 32.767381000413529 ], [ -97.517822999562256, 32.766513999607696 ], [ -97.512102999626705, 32.765059999697684 ], [ -97.511130000441625, 32.764308000391019 ], [ -97.510532999842212, 32.763837000222665 ], [ -97.507598000124602, 32.762928999810541 ], [ -97.50278000005089, 32.760730999629246 ], [ -97.500419000083255, 32.759582999829846 ], [ -97.499863999657904, 32.759349000063629 ], [ -97.499656999651307, 32.759292999980133 ], [ -97.500283999663964, 32.757905999715796 ], [ -97.501104000134021, 32.756774000120004 ], [ -97.503611999832131, 32.754516000199921 ], [ -97.506829000337135, 32.751541999662862 ], [ -97.507748999975689, 32.749150000168598 ], [ -97.507430000492533, 32.746888999723311 ], [ -97.503482999932785, 32.741244999937429 ], [ -97.510731000214307, 32.741316999712218 ], [ -97.512005000185283, 32.741325000134907 ], [ -97.51233900003723, 32.741326999751074 ], [ -97.521134000483485, 32.741415999675546 ], [ -97.529661999582302, 32.741511000378622 ], [ -97.543264999945521, 32.741573999622034 ], [ -97.544257000207494, 32.745082000203581 ], [ -97.547525000033303, 32.745219999724057 ], [ -97.548601000405142, 32.7445179996406 ], [ -97.548200999963001, 32.776113999671189 ] ] ] ] } },
{ "type": "Feature", "properties": { "GEOID": "48439110807", "NAME": "Census Tract 1108.07, Tarrant County, Texas", "variable": "B01003_001", "estimate": 8011, "moe": 1223, "coverage_all": 22173.0919, "coverage_na": 18890.038, "coverage_4050": 1048.3365, "coverage_5060": 1157.7908, "coverage_6070": 668.984, "coverage_7080": 371.8933, "coverage_8090": 36.0493, "coverage_90": 0.0, "noise4050n": 516.7895, "noise5060n": 625.6233, "noise6070n": 377.3472, "noise7080n": 190.538, "noise8090n": 12.6521, "noise90n": 0.0, "noise4050p": 0.0473, "noise5060p": 0.0522, "noise6070p": 0.0302, "noise7080p": 0.0168, "noise8090p": 0.0016, "noise90p": 0.0 }, "geometry": { "type": "MultiPolygon", "coordinates": [ [ [ [ -97.549102000350672, 32.719730999722771 ], [ -97.549008000463644, 32.720568999642872 ], [ -97.548997000213987, 32.721407000383046 ], [ -97.548805999701841, 32.734136999668081 ], [ -97.548601000405142, 32.7445179996406 ], [ -97.547525000033303, 32.745219999724057 ], [ -97.544257000207494, 32.745082000203581 ], [ -97.543264999945521, 32.741573999622034 ], [ -97.529661999582302, 32.741511000378622 ], [ -97.521134000483485, 32.741415999675546 ], [ -97.51233900003723, 32.741326999751074 ], [ -97.512005000185283, 32.741325000134907 ], [ -97.510731000214307, 32.741316999712218 ], [ -97.503482999932785, 32.741244999937429 ], [ -97.503510999727283, 32.738596000028615 ], [ -97.494577000000831, 32.738021999577157 ], [ -97.486127999787087, 32.738022999969942 ], [ -97.483484999667269, 32.739555999736297 ], [ -97.483461999999733, 32.737807999995724 ], [ -97.48211800024815, 32.738030000237515 ], [ -97.481158000004285, 32.738115000003766 ], [ -97.481189000411618, 32.733288000063126 ], [ -97.48097700029949, 32.729287999670561 ], [ -97.480149999576724, 32.72448399973873 ], [ -97.479063999741655, 32.718217000379902 ], [ -97.478607000253746, 32.718227000089009 ], [ -97.477758000285789, 32.714881999817997 ], [ -97.476476000106004, 32.711785000308318 ], [ -97.476951999760985, 32.711733000428858 ], [ -97.477813999724233, 32.711593000277041 ], [ -97.482093000502417, 32.711789999677734 ], [ -97.482726999890573, 32.709865000063573 ], [ -97.484461999929692, 32.709283000054377 ], [ -97.486868000300248, 32.71031299996374 ], [ -97.487257000160582, 32.712263000065569 ], [ -97.490161000330801, 32.713808000424685 ], [ -97.493279999714275, 32.714069999804202 ], [ -97.494618999646619, 32.71321700011552 ], [ -97.496992999736705, 32.713261999772783 ], [ -97.500210000277889, 32.714125999745093 ], [ -97.500871999967316, 32.715656000321992 ], [ -97.505208000044277, 32.715815000036038 ], [ -97.505492999637909, 32.716264999774474 ], [ -97.507279000451319, 32.71328499982387 ], [ -97.508988999839502, 32.712569999584183 ], [ -97.509766000161548, 32.713478999983046 ], [ -97.513502000086902, 32.71495600015939 ], [ -97.515062999862877, 32.714152000302605 ], [ -97.51485200030524, 32.712141000317068 ], [ -97.516358999667361, 32.711443000021944 ], [ -97.520707000440865, 32.710802999998933 ], [ -97.523762999777048, 32.711261000282086 ], [ -97.524986999809201, 32.710484000275237 ], [ -97.527166000233237, 32.71174499981425 ], [ -97.529406999815308, 32.710642000006175 ], [ -97.530710999499263, 32.71098500019005 ], [ -97.531230999836509, 32.712286999834774 ], [ -97.533115000149152, 32.712050999981642 ], [ -97.534332000197821, 32.713001000054518 ], [ -97.541713999701372, 32.712639999975586 ], [ -97.541946000379696, 32.713742999852386 ], [ -97.545508000346786, 32.714866000400654 ], [ -97.549093999840082, 32.713327000334559 ], [ -97.549102000350672, 32.719730999722771 ] ] ] ] } },
{ "type": "Feature", "properties": { "GEOID": "48439110808", "NAME": "Census Tract 1108.08, Tarrant County, Texas", "variable": "B01003_001", "estimate": 3985, "moe": 498, "coverage_all": 60764.8678, "coverage_na": 48440.1871, "coverage_4050": 6087.0516, "coverage_5060": 4275.6556, "coverage_6070": 1265.0706, "coverage_7080": 634.9029, "coverage_8090": 53.0, "coverage_90": 9.0, "noise4050n": 348.8254, "noise5060n": 265.4689, "noise6070n": 93.7056, "noise7080n": 59.7667, "noise8090n": 3.906, "noise90n": 0.4579, "noise4050p": 0.1002, "noise5060p": 0.0704, "noise6070p": 0.0208, "noise7080p": 0.0104, "noise8090p": 0.0009, "noise90p": 0.0001 }, "geometry": { "type": "MultiPolygon", "coordinates": [ [ [ [ -97.549568999837675, 32.681079000006314 ], [ -97.549562999989533, 32.681389999971145 ], [ -97.5490760003145, 32.702714000383338 ], [ -97.549085999769957, 32.703120000413904 ], [ -97.549078000331448, 32.708800000144628 ], [ -97.549093999840082, 32.713327000334559 ], [ -97.545508000346786, 32.714866000400654 ], [ -97.541946000379696, 32.713742999852386 ], [ -97.541713999701372, 32.712639999975586 ], [ -97.534332000197821, 32.713001000054518 ], [ -97.533115000149152, 32.712050999981642 ], [ -97.531230999836509, 32.712286999834774 ], [ -97.530710999499263, 32.71098500019005 ], [ -97.529406999815308, 32.710642000006175 ], [ -97.527166000233237, 32.71174499981425 ], [ -97.524986999809201, 32.710484000275237 ], [ -97.523762999777048, 32.711261000282086 ], [ -97.520707000440865, 32.710802999998933 ], [ -97.516358999667361, 32.711443000021944 ], [ -97.51485200030524, 32.712141000317068 ], [ -97.515062999862877, 32.714152000302605 ], [ -97.513502000086902, 32.71495600015939 ], [ -97.509766000161548, 32.713478999983046 ], [ -97.508988999839502, 32.712569999584183 ], [ -97.507279000451319, 32.71328499982387 ], [ -97.505492999637909, 32.716264999774474 ], [ -97.505208000044277, 32.715815000036038 ], [ -97.500871999967316, 32.715656000321992 ], [ -97.500210000277889, 32.714125999745093 ], [ -97.496992999736705, 32.713261999772783 ], [ -97.494618999646619, 32.71321700011552 ], [ -97.493279999714275, 32.714069999804202 ], [ -97.490161000330801, 32.713808000424685 ], [ -97.487257000160582, 32.712263000065569 ], [ -97.486868000300248, 32.71031299996374 ], [ -97.484461999929692, 32.709283000054377 ], [ -97.482726999890573, 32.709865000063573 ], [ -97.482093000502417, 32.711789999677734 ], [ -97.477813999724233, 32.711593000277041 ], [ -97.476951999760985, 32.711733000428858 ], [ -97.476476000106004, 32.711785000308318 ], [ -97.471524999920518, 32.701710999621021 ], [ -97.468831000227638, 32.69797500035893 ], [ -97.466307999845952, 32.692338000271349 ], [ -97.464713999528314, 32.688277000443307 ], [ -97.462550000471595, 32.686461999696988 ], [ -97.463027000137672, 32.686196000043893 ], [ -97.463238000526417, 32.686082000122092 ], [ -97.464439999467814, 32.685461999710036 ], [ -97.466094000482585, 32.684209999905491 ], [ -97.467476000413853, 32.680664000377519 ], [ -97.468890000480528, 32.679319000133418 ], [ -97.470630000479886, 32.678496999791328 ], [ -97.472296000500705, 32.679159000180718 ], [ -97.474311999612254, 32.678028999798741 ], [ -97.476971999718842, 32.677828999731183 ], [ -97.480878000286197, 32.674333999665869 ], [ -97.484375999547737, 32.673759000067434 ], [ -97.486885999560798, 32.674140000205853 ], [ -97.490899000280834, 32.673627000400145 ], [ -97.491572999612828, 32.675669999705782 ], [ -97.492905000246935, 32.676284999803293 ], [ -97.495066999667372, 32.674786000134368 ], [ -97.497476000256668, 32.676459000262895 ], [ -97.498026999680164, 32.677054999705398 ], [ -97.4985909995724, 32.676980999828189 ], [ -97.498541000421952, 32.676839000092215 ], [ -97.497455999764071, 32.674802000257728 ], [ -97.49763300040803, 32.674276000414423 ], [ -97.499602999866269, 32.67306100021387 ], [ -97.503824999584666, 32.673162999636965 ], [ -97.503438000241331, 32.647200999769368 ], [ -97.511311000246536, 32.64118399991581 ], [ -97.514749000079917, 32.638337000340741 ], [ -97.51810800021255, 32.632783000333006 ], [ -97.522248999948502, 32.626964999902313 ], [ -97.523518000222808, 32.625530000019324 ], [ -97.526736000439797, 32.622123999608313 ], [ -97.532609000181282, 32.619171999862274 ], [ -97.550010000089742, 32.61107099962922 ], [ -97.549568999837675, 32.681079000006314 ] ] ] ] } },
{ "type": "Feature", "properties": { "GEOID": "48439110809", "NAME": "Census Tract 1108.09, Tarrant County, Texas", "variable": "B01003_001", "estimate": 2178, "moe": 303, "coverage_all": 3085.1841, "coverage_na": 2841.6016, "coverage_4050": 127.1565, "coverage_5060": 88.9535, "coverage_6070": 22.4691, "coverage_7080": 5.0035, "coverage_8090": 0.0, "coverage_90": 0.0, "noise4050n": 89.7667, "noise5060n": 62.7972, "noise6070n": 15.8622, "noise7080n": 3.5322, "noise8090n": 0.0, "noise90n": 0.0, "noise4050p": 0.0412, "noise5060p": 0.0288, "noise6070p": 0.0073, "noise7080p": 0.0016, "noise8090p": 0.0, "noise90p": 0.0 }, "geometry": { "type": "MultiPolygon", "coordinates": [ [ [ [ -97.503824999584666, 32.673162999636965 ], [ -97.499602999866269, 32.67306100021387 ], [ -97.49763300040803, 32.674276000414423 ], [ -97.496789999978489, 32.673440000175702 ], [ -97.491126999638382, 32.669256999778206 ], [ -97.490548000136869, 32.668663999937266 ], [ -97.486002999666681, 32.661753999913415 ], [ -97.493175999898824, 32.657471000196466 ], [ -97.494305999927533, 32.656641000411931 ], [ -97.503438000241331, 32.647200999769368 ], [ -97.503824999584666, 32.673162999636965 ] ] ] ] } },
{ "type": "Feature", "properties": { "GEOID": "48439110901", "NAME": "Census Tract 1109.01, Tarrant County, Texas", "variable": "B01003_001", "estimate": 5352, "moe": 1569, "coverage_all": 6718.017, "coverage_na": 5561.6047, "coverage_4050": 557.2393, "coverage_5060": 464.1894, "coverage_6070": 113.2586, "coverage_7080": 19.0002, "coverage_8090": 2.7248, "coverage_90": 0.0, "noise4050n": 419.1533, "noise5060n": 350.9591, "noise6070n": 84.0564, "noise7080n": 14.37, "noise8090n": 2.0608, "noise90n": 0.0, "noise4050p": 0.0829, "noise5060p": 0.0691, "noise6070p": 0.0169, "noise7080p": 0.0028, "noise8090p": 0.0004, "noise90p": 0.0 }, "geometry": { "type": "MultiPolygon", "coordinates": [ [ [ [ -97.478607000253746, 32.718227000089009 ], [ -97.472319999560511, 32.718195999655094 ], [ -97.467414000358787, 32.716830999870226 ], [ -97.466036000238503, 32.716354999824254 ], [ -97.464509000467189, 32.716285000113537 ], [ -97.459748000458902, 32.716295999805389 ], [ -97.457692999852057, 32.716295999790248 ], [ -97.45776100015317, 32.723727999806826 ], [ -97.45713599984019, 32.723654000357783 ], [ -97.450976999984832, 32.722983999878636 ], [ -97.452714000471858, 32.717259999577998 ], [ -97.452781999559107, 32.716277999903788 ], [ -97.452746000453672, 32.713799000029809 ], [ -97.452757999976029, 32.708650999563275 ], [ -97.452785000341663, 32.706191999810692 ], [ -97.452783999879784, 32.706010999564938 ], [ -97.451248000385988, 32.706017000413944 ], [ -97.4497129994907, 32.705443000369954 ], [ -97.449616999843158, 32.705407000000733 ], [ -97.453130000308491, 32.698804000083733 ], [ -97.45721900009454, 32.690862999920718 ], [ -97.457716000439021, 32.689239000218215 ], [ -97.456852000332034, 32.689697999671168 ], [ -97.456854999829687, 32.687057999997585 ], [ -97.458428000041351, 32.686738000387891 ], [ -97.45869200025021, 32.68592400008761 ], [ -97.459450999736873, 32.684523000431057 ], [ -97.46139899973133, 32.685137000431354 ], [ -97.463238000526417, 32.686082000122092 ], [ -97.463027000137672, 32.686196000043893 ], [ -97.462550000471595, 32.686461999696988 ], [ -97.464713999528314, 32.688277000443307 ], [ -97.466307999845952, 32.692338000271349 ], [ -97.468831000227638, 32.69797500035893 ], [ -97.471524999920518, 32.701710999621021 ], [ -97.476476000106004, 32.711785000308318 ], [ -97.477758000285789, 32.714881999817997 ], [ -97.478607000253746, 32.718227000089009 ] ] ] ] } },
{ "type": "Feature", "properties": { "GEOID": "48439110903", "NAME": "Census Tract 1109.03, Tarrant County, Texas", "variable": "B01003_001", "estimate": 1356, "moe": 244, "coverage_all": 2303.7735, "coverage_na": 1293.2546, "coverage_4050": 264.2844, "coverage_5060": 340.0709, "coverage_6070": 227.6754, "coverage_7080": 155.5173, "coverage_8090": 22.9709, "coverage_90": 0.0, "noise4050n": 152.1127, "noise5060n": 182.4546, "noise6070n": 104.107, "noise7080n": 67.8472, "noise8090n": 9.8353, "noise90n": 0.0, "noise4050p": 0.1147, "noise5060p": 0.1476, "noise6070p": 0.0988, "noise7080p": 0.0675, "noise8090p": 0.01, "noise90p": 0.0 }, "geometry": { "type": "MultiPolygon", "coordinates": [ [ [ [ -97.429747999512955, 32.693938999562981 ], [ -97.428404000420372, 32.695693999670496 ], [ -97.427939999919502, 32.695955999688202 ], [ -97.424378000141758, 32.696327999593223 ], [ -97.42436600024412, 32.69632699962164 ], [ -97.424185000078495, 32.696423999897497 ], [ -97.424083000467661, 32.69632200013195 ], [ -97.423662999795638, 32.695904999934925 ], [ -97.4209950000579, 32.69333300040131 ], [ -97.419552000424616, 32.692354999793451 ], [ -97.418598999852506, 32.691858999779846 ], [ -97.412468999896049, 32.689326000276786 ], [ -97.401418999671847, 32.684792000405004 ], [ -97.39917499998559, 32.683817999578409 ], [ -97.395109999549064, 32.682079000414255 ], [ -97.395820999757291, 32.681975999633977 ], [ -97.399278999485418, 32.682875999817988 ], [ -97.414162999503517, 32.683435000272262 ], [ -97.417052000011907, 32.683476000135933 ], [ -97.422459999806392, 32.683559999960274 ], [ -97.424507999486494, 32.683597999962174 ], [ -97.424533000226504, 32.683139999562997 ], [ -97.425045000294332, 32.68298800038032 ], [ -97.425474999674179, 32.68358800014223 ], [ -97.426520000160963, 32.684479000015315 ], [ -97.426443000381468, 32.685097000424172 ], [ -97.426554999906699, 32.685345999959281 ], [ -97.427866999668908, 32.687270999595135 ], [ -97.427949000084681, 32.687582000167993 ], [ -97.427765999582803, 32.688465999858416 ], [ -97.429331000016546, 32.693181999855682 ], [ -97.429747999512955, 32.693938999562981 ] ] ] ] } },
{ "type": "Feature", "properties": { "GEOID": "48439110905", "NAME": "Census Tract 1109.05, Tarrant County, Texas", "variable": "B01003_001", "estimate": 4339, "moe": 596, "coverage_all": 8507.8629, "coverage_na": 5790.693, "coverage_4050": 1186.1483, "coverage_5060": 1014.4234, "coverage_6070": 334.1283, "coverage_7080": 158.7341, "coverage_8090": 23.7359, "coverage_90": 0.0, "noise4050n": 324.3578, "noise5060n": 304.0998, "noise6070n": 88.8065, "noise7080n": 42.1893, "noise8090n": 6.3087, "noise90n": 0.0, "noise4050p": 0.1394, "noise5060p": 0.1192, "noise6070p": 0.0393, "noise7080p": 0.0187, "noise8090p": 0.0028, "noise90p": 0.0 }, "geometry": { "type": "MultiPolygon", "coordinates": [ [ [ [ -97.463392999991569, 32.662332000215258 ], [ -97.455199999603821, 32.664210999810649 ], [ -97.454498000039337, 32.664771000197113 ], [ -97.452640000168245, 32.668373999902172 ], [ -97.452583999595248, 32.668984999870879 ], [ -97.452589999547001, 32.673304999889794 ], [ -97.452544000397069, 32.678932999754068 ], [ -97.452398000405964, 32.682860999998233 ], [ -97.452385000499788, 32.684098999853944 ], [ -97.457600000382229, 32.684198000186917 ], [ -97.459450999736873, 32.684523000431057 ], [ -97.45869200025021, 32.68592400008761 ], [ -97.458428000041351, 32.686738000387891 ], [ -97.456854999829687, 32.687057999997585 ], [ -97.455172000279987, 32.687859000405588 ], [ -97.453945000163102, 32.68825699994472 ], [ -97.451967999581768, 32.689247999951704 ], [ -97.451289999476629, 32.690119000064939 ], [ -97.449019000208864, 32.69294800034541 ], [ -97.447890999610223, 32.694351000408581 ], [ -97.44695199974727, 32.695219999949067 ], [ -97.445988999872384, 32.696328000076825 ], [ -97.444102999468228, 32.697221999584301 ], [ -97.439779999944591, 32.699530999944898 ], [ -97.436215999763917, 32.699472000194312 ], [ -97.435957000368433, 32.699468999775632 ], [ -97.43587299994806, 32.69946800023267 ], [ -97.435922000217801, 32.698352000282391 ], [ -97.435924000130953, 32.697006999806277 ], [ -97.435927000494729, 32.694855999699065 ], [ -97.43582300029351, 32.694777999746009 ], [ -97.435572999585389, 32.69315600007377 ], [ -97.435220000142664, 32.690986999690757 ], [ -97.435360999701516, 32.688926999692626 ], [ -97.435215999991186, 32.688259999921755 ], [ -97.435268999538877, 32.68779500001515 ], [ -97.434986999661788, 32.687746000413576 ], [ -97.435157000363958, 32.687229000078212 ], [ -97.435000000188708, 32.687187000073017 ], [ -97.434646999909347, 32.685082999804642 ], [ -97.434585999737536, 32.684837999616363 ], [ -97.426520000160963, 32.684479000015315 ], [ -97.425474999674179, 32.68358800014223 ], [ -97.425045000294332, 32.68298800038032 ], [ -97.429204999740932, 32.681772000243086 ], [ -97.430805000235367, 32.678640999986982 ], [ -97.433404000256971, 32.676797999924311 ], [ -97.434362000453149, 32.674867000164582 ], [ -97.434365999598882, 32.67432800020228 ], [ -97.434452000029893, 32.672933000118057 ], [ -97.435605000243228, 32.671062000249592 ], [ -97.437313999981882, 32.670235000103368 ], [ -97.43648099986784, 32.668597000182189 ], [ -97.43641600013359, 32.666684999840861 ], [ -97.438704000230388, 32.666856999872024 ], [ -97.442356000069353, 32.664748999694325 ], [ -97.441940000034066, 32.662281000393087 ], [ -97.444704999660601, 32.662199000080399 ], [ -97.444673000223375, 32.663876999813588 ], [ -97.447014999885042, 32.664291999715878 ], [ -97.44884600009442, 32.66055599995142 ], [ -97.449942000063572, 32.659686000291892 ], [ -97.450342999966892, 32.65818100039732 ], [ -97.44753600006112, 32.653750999770608 ], [ -97.447913999724321, 32.652119000238379 ], [ -97.448559000169666, 32.652334000271196 ], [ -97.449396999639433, 32.653218000111558 ], [ -97.459940000037676, 32.656238999640436 ], [ -97.461093000042567, 32.656896000125293 ], [ -97.463392999991569, 32.662332000215258 ] ] ] ] } },
{ "type": "Feature", "properties": { "GEOID": "48439110906", "NAME": "Census Tract 1109.06, Tarrant County, Texas", "variable": "B01003_001", "estimate": 4747, "moe": 960, "coverage_all": 21206.0213, "coverage_na": 19890.1887, "coverage_4050": 447.5656, "coverage_5060": 492.0489, "coverage_6070": 215.098, "coverage_7080": 158.8561, "coverage_8090": 2.2641, "coverage_90": 0.0, "noise4050n": 205.6902, "noise5060n": 238.772, "noise6070n": 83.4075, "noise7080n": 45.8538, "noise8090n": 2.8711, "noise90n": 0.0, "noise4050p": 0.0211, "noise5060p": 0.0232, "noise6070p": 0.0101, "noise7080p": 0.0075, "noise8090p": 0.0001, "noise90p": 0.0 }, "geometry": { "type": "MultiPolygon", "coordinates": [ [ [ [ -97.51810800021255, 32.632783000333006 ], [ -97.514749000079917, 32.638337000340741 ], [ -97.511311000246536, 32.64118399991581 ], [ -97.503438000241331, 32.647200999769368 ], [ -97.494305999927533, 32.656641000411931 ], [ -97.493175999898824, 32.657471000196466 ], [ -97.486002999666681, 32.661753999913415 ], [ -97.480891999935096, 32.664875999889112 ], [ -97.474509000534454, 32.668658000406602 ], [ -97.472428000484427, 32.670080999595875 ], [ -97.471234999601066, 32.671279000157234 ], [ -97.467762000399304, 32.675167999755026 ], [ -97.464072999628272, 32.67917200024921 ], [ -97.460495999625422, 32.68301099990741 ], [ -97.459450999736873, 32.684523000431057 ], [ -97.457600000382229, 32.684198000186917 ], [ -97.452385000499788, 32.684098999853944 ], [ -97.452398000405964, 32.682860999998233 ], [ -97.452544000397069, 32.678932999754068 ], [ -97.452589999547001, 32.673304999889794 ], [ -97.452583999595248, 32.668984999870879 ], [ -97.452640000168245, 32.668373999902172 ], [ -97.454498000039337, 32.664771000197113 ], [ -97.455199999603821, 32.664210999810649 ], [ -97.463392999991569, 32.662332000215258 ], [ -97.461093000042567, 32.656896000125293 ], [ -97.459940000037676, 32.656238999640436 ], [ -97.449396999639433, 32.653218000111558 ], [ -97.448559000169666, 32.652334000271196 ], [ -97.447913999724321, 32.652119000238379 ], [ -97.448436999500615, 32.650826000203331 ], [ -97.44676599978807, 32.646655999942801 ], [ -97.446623000317388, 32.645595999871432 ], [ -97.448927999591859, 32.645601000355541 ], [ -97.451199999469878, 32.6441369999106 ], [ -97.459763000058786, 32.637646999902223 ], [ -97.464874000420238, 32.633795000041808 ], [ -97.467371000449361, 32.632139000410547 ], [ -97.476344000384927, 32.629778000245402 ], [ -97.48020499973174, 32.629791999803608 ], [ -97.482990999967669, 32.630817000418837 ], [ -97.482724999543677, 32.63173899980265 ], [ -97.483960000487969, 32.632666000376048 ], [ -97.485245999650331, 32.632292000228382 ], [ -97.48606499967147, 32.634079000345579 ], [ -97.487037000016059, 32.634420000404141 ], [ -97.487246999988443, 32.632161999957859 ], [ -97.506996999918258, 32.632199000397854 ], [ -97.508165999826872, 32.632566999952559 ], [ -97.513870000406513, 32.632559000384397 ], [ -97.516980999652858, 32.632520000244774 ], [ -97.517105999753142, 32.632526000191476 ], [ -97.51810800021255, 32.632783000333006 ] ] ] ] } },
{ "type": "Feature", "properties": { "GEOID": "48439110907", "NAME": "Census Tract 1109.07, Tarrant County, Texas", "variable": "B01003_001", "estimate": 3733, "moe": 575, "coverage_all": 3212.4975, "coverage_na": 2038.413, "coverage_4050": 682.9261, "coverage_5060": 295.9751, "coverage_6070": 178.3225, "coverage_7080": 16.5858, "coverage_8090": 0.2752, "coverage_90": 0.0, "noise4050n": 748.2719, "noise5060n": 337.8593, "noise6070n": 206.3084, "noise7080n": 19.5407, "noise8090n": 0.3013, "noise90n": 0.0, "noise4050p": 0.2126, "noise5060p": 0.0921, "noise6070p": 0.0555, "noise7080p": 0.0052, "noise8090p": 0.0001, "noise90p": 0.0 }, "geometry": { "type": "MultiPolygon", "coordinates": [ [ [ [ -97.4985909995724, 32.676980999828189 ], [ -97.498026999680164, 32.677054999705398 ], [ -97.497476000256668, 32.676459000262895 ], [ -97.495066999667372, 32.674786000134368 ], [ -97.492905000246935, 32.676284999803293 ], [ -97.491572999612828, 32.675669999705782 ], [ -97.490899000280834, 32.673627000400145 ], [ -97.486885999560798, 32.674140000205853 ], [ -97.484375999547737, 32.673759000067434 ], [ -97.480878000286197, 32.674333999665869 ], [ -97.476971999718842, 32.677828999731183 ], [ -97.474311999612254, 32.678028999798741 ], [ -97.472296000500705, 32.679159000180718 ], [ -97.470630000479886, 32.678496999791328 ], [ -97.468890000480528, 32.679319000133418 ], [ -97.467476000413853, 32.680664000377519 ], [ -97.466094000482585, 32.684209999905491 ], [ -97.464439999467814, 32.685461999710036 ], [ -97.463238000526417, 32.686082000122092 ], [ -97.46139899973133, 32.685137000431354 ], [ -97.459450999736873, 32.684523000431057 ], [ -97.460495999625422, 32.68301099990741 ], [ -97.464072999628272, 32.67917200024921 ], [ -97.467762000399304, 32.675167999755026 ], [ -97.471234999601066, 32.671279000157234 ], [ -97.472428000484427, 32.670080999595875 ], [ -97.474509000534454, 32.668658000406602 ], [ -97.480891999935096, 32.664875999889112 ], [ -97.486002999666681, 32.661753999913415 ], [ -97.490548000136869, 32.668663999937266 ], [ -97.491126999638382, 32.669256999778206 ], [ -97.496789999978489, 32.673440000175702 ], [ -97.49763300040803, 32.674276000414423 ], [ -97.497455999764071, 32.674802000257728 ], [ -97.498541000421952, 32.676839000092215 ], [ -97.4985909995724, 32.676980999828189 ] ] ] ] } },
{ "type": "Feature", "properties": { "GEOID": "48439111003", "NAME": "Census Tract 1110.03, Tarrant County, Texas", "variable": "B01003_001", "estimate": 3007, "moe": 51, "coverage_all": 3714.1603, "coverage_na": 1816.7761, "coverage_4050": 1039.4148, "coverage_5060": 662.0978, "coverage_6070": 171.1776, "coverage_7080": 18.7184, "coverage_8090": 2.2942, "coverage_90": 3.6814, "noise4050n": 950.7817, "noise5060n": 647.2976, "noise6070n": 156.4145, "noise7080n": 17.1519, "noise8090n": 2.9603, "noise90n": 2.4922, "noise4050p": 0.2799, "noise5060p": 0.1783, "noise6070p": 0.0461, "noise7080p": 0.005, "noise8090p": 0.0006, "noise90p": 0.001 }, "geometry": { "type": "MultiPolygon", "coordinates": [ [ [ [ -97.353337000366835, 32.649001999583867 ], [ -97.35312599948206, 32.654078000020498 ], [ -97.353086999989415, 32.655169999631653 ], [ -97.352846999970765, 32.661459000185623 ], [ -97.348638999838442, 32.661449999810593 ], [ -97.333721000190067, 32.661481000135012 ], [ -97.332859000100342, 32.661208999832411 ], [ -97.331888000392098, 32.662594000034055 ], [ -97.331808000036858, 32.664077999918362 ], [ -97.329266000513996, 32.664242999701742 ], [ -97.326902000268376, 32.664731000001296 ], [ -97.326978999972098, 32.662453000081371 ], [ -97.327242999848607, 32.660848999666108 ], [ -97.32783299999214, 32.658810000228137 ], [ -97.330719999590542, 32.650761000012444 ], [ -97.33086000038405, 32.650369999624409 ], [ -97.336402000272997, 32.648090999802577 ], [ -97.337957999649873, 32.647792000173382 ], [ -97.347049999976036, 32.648755999779745 ], [ -97.348570000366806, 32.648783000377279 ], [ -97.35334600001346, 32.648828999733176 ], [ -97.353337000366835, 32.649001999583867 ] ] ] ] } },
{ "type": "Feature", "properties": { "GEOID": "48439111010", "NAME": "Census Tract 1110.10, Tarrant County, Texas", "variable": "B01003_001", "estimate": 3570, "moe": 734, "coverage_all": 93449.8946, "coverage_na": 87927.5122, "coverage_4050": 2434.5101, "coverage_5060": 2003.4464, "coverage_6070": 900.9648, "coverage_7080": 166.263, "coverage_8090": 16.902, "coverage_90": 0.2961, "noise4050n": 75.3044, "noise5060n": 62.8137, "noise6070n": 29.6857, "noise7080n": 7.6238, "noise8090n": 0.5142, "noise90n": 0.0063, "noise4050p": 0.0261, "noise5060p": 0.0214, "noise6070p": 0.0096, "noise7080p": 0.0018, "noise8090p": 0.0002, "noise90p": 3.1687e-06 }, "geometry": { "type": "MultiPolygon", "coordinates": [ [ [ [ -97.550527000429653, 32.562576000044082 ], [ -97.550525999717152, 32.562650999709696 ], [ -97.550367999738995, 32.580322999587601 ], [ -97.550289999978915, 32.600812999910346 ], [ -97.550192000062992, 32.609696000188833 ], [ -97.55001299998753, 32.610742000195359 ], [ -97.550010000089742, 32.61107099962922 ], [ -97.532609000181282, 32.619171999862274 ], [ -97.526736000439797, 32.622123999608313 ], [ -97.523518000222808, 32.625530000019324 ], [ -97.522248999948502, 32.626964999902313 ], [ -97.51810800021255, 32.632783000333006 ], [ -97.517105999753142, 32.632526000191476 ], [ -97.516980999652858, 32.632520000244774 ], [ -97.513870000406513, 32.632559000384397 ], [ -97.508165999826872, 32.632566999952559 ], [ -97.506996999918258, 32.632199000397854 ], [ -97.487246999988443, 32.632161999957859 ], [ -97.487037000016059, 32.634420000404141 ], [ -97.48606499967147, 32.634079000345579 ], [ -97.485245999650331, 32.632292000228382 ], [ -97.483960000487969, 32.632666000376048 ], [ -97.482724999543677, 32.63173899980265 ], [ -97.482990999967669, 32.630817000418837 ], [ -97.48020499973174, 32.629791999803608 ], [ -97.476344000384927, 32.629778000245402 ], [ -97.467371000449361, 32.632139000410547 ], [ -97.464874000420238, 32.633795000041808 ], [ -97.459763000058786, 32.637646999902223 ], [ -97.451199999469878, 32.6441369999106 ], [ -97.448927999591859, 32.645601000355541 ], [ -97.446623000317388, 32.645595999871432 ], [ -97.44676599978807, 32.646655999942801 ], [ -97.445404000028418, 32.646605999976728 ], [ -97.428367000114278, 32.645944000322608 ], [ -97.416360999538782, 32.645431000081004 ], [ -97.413619999793141, 32.644793000282021 ], [ -97.414637000060495, 32.640626999648539 ], [ -97.414591999469167, 32.6363329996841 ], [ -97.415054999498565, 32.635120999753276 ], [ -97.41863600015094, 32.629297999787916 ], [ -97.423270000296043, 32.621963999557998 ], [ -97.424324000011083, 32.620900999934364 ], [ -97.428502000257339, 32.617949999776762 ], [ -97.430162000304591, 32.616365999824261 ], [ -97.434253000163011, 32.610735999970224 ], [ -97.435772999643206, 32.608632000404391 ], [ -97.458917000044153, 32.572870999588453 ], [ -97.459660999550323, 32.571935000346983 ], [ -97.462053000117365, 32.569498999551506 ], [ -97.466590999656319, 32.566532000011598 ], [ -97.472493000090935, 32.564309000269226 ], [ -97.498570999655854, 32.556165000447464 ], [ -97.503558000115504, 32.556030000053241 ], [ -97.503423999749401, 32.555438999737312 ], [ -97.550582000454511, 32.555391000351626 ], [ -97.550527000429653, 32.562576000044082 ] ] ] ] } },
{ "type": "Feature", "properties": { "GEOID": "48439111015", "NAME": "Census Tract 1110.15, Tarrant County, Texas", "variable": "B01003_001", "estimate": 2352, "moe": 427, "coverage_all": 4115.9572, "coverage_na": 655.6037, "coverage_4050": 2251.8569, "coverage_5060": 897.7469, "coverage_6070": 280.038, "coverage_7080": 26.3837, "coverage_8090": 3.8724, "coverage_90": 0.4555, "noise4050n": 1290.9967, "noise5060n": 440.7929, "noise6070n": 161.269, "noise7080n": 14.4153, "noise8090n": 1.6606, "noise90n": 0.1953, "noise4050p": 0.5471, "noise5060p": 0.2181, "noise6070p": 0.068, "noise7080p": 0.0064, "noise8090p": 0.0009, "noise90p": 0.0001 }, "geometry": { "type": "MultiPolygon", "coordinates": [ [ [ [ -97.364586999579828, 32.553361999814626 ], [ -97.361897000112336, 32.565619999750965 ], [ -97.35913299967099, 32.578589999932454 ], [ -97.358264999536956, 32.578470999559563 ], [ -97.353214000094354, 32.578392999733531 ], [ -97.344838000139816, 32.578189999634169 ], [ -97.336801999627639, 32.578048999815238 ], [ -97.335627999771688, 32.577643000021915 ], [ -97.334520000279227, 32.577991999942697 ], [ -97.334598000157484, 32.571824000124948 ], [ -97.345371999920943, 32.568997999803109 ], [ -97.348179000366258, 32.566673000128532 ], [ -97.349707000283345, 32.565399000181145 ], [ -97.350451999670909, 32.564777999676366 ], [ -97.351310999518361, 32.564442000150642 ], [ -97.352037999607049, 32.56445900030193 ], [ -97.352057000479874, 32.562929999670395 ], [ -97.352907999699681, 32.561322000222397 ], [ -97.353413999614119, 32.560836000439309 ], [ -97.357886999616582, 32.558119999583297 ], [ -97.363226000377097, 32.553787000113033 ], [ -97.363594000316965, 32.553362000013415 ], [ -97.363852000197227, 32.553360999604827 ], [ -97.364586999579828, 32.553361999814626 ] ] ] ] } },
{ "type": "Feature", "properties": { "GEOID": "48439111018", "NAME": "Census Tract 1110.18, Tarrant County, Texas", "variable": "B01003_001", "estimate": 2459, "moe": 362, "coverage_all": 37561.3893, "coverage_na": 33958.9771, "coverage_4050": 1402.208, "coverage_5060": 1308.0885, "coverage_6070": 703.5571, "coverage_7080": 177.5319, "coverage_8090": 9.1972, "coverage_90": 1.8296, "noise4050n": 91.6948, "noise5060n": 89.9392, "noise6070n": 45.2162, "noise7080n": 8.7466, "noise8090n": 0.6536, "noise90n": 0.1421, "noise4050p": 0.0373, "noise5060p": 0.0348, "noise6070p": 0.0187, "noise7080p": 0.0047, "noise8090p": 0.0002, "noise90p": 0.0 }, "geometry": { "type": "MultiPolygon", "coordinates": [ [ [ [ -97.503558000115504, 32.556030000053241 ], [ -97.498570999655854, 32.556165000447464 ], [ -97.472493000090935, 32.564309000269226 ], [ -97.466590999656319, 32.566532000011598 ], [ -97.462053000117365, 32.569498999551506 ], [ -97.459660999550323, 32.571935000346983 ], [ -97.458917000044153, 32.572870999588453 ], [ -97.435772999643206, 32.608632000404391 ], [ -97.434253000163011, 32.610735999970224 ], [ -97.429470999533351, 32.610720000395261 ], [ -97.429340999526744, 32.610356999790433 ], [ -97.429355999568969, 32.59988700036908 ], [ -97.426923999844036, 32.599931999618136 ], [ -97.416489000347923, 32.599839999832533 ], [ -97.416373999482943, 32.593958000112522 ], [ -97.416345000280927, 32.589098000135628 ], [ -97.416314999916636, 32.587547999586995 ], [ -97.413609999788719, 32.587046000353787 ], [ -97.410104999612358, 32.587079999913861 ], [ -97.406989000468201, 32.587098999775399 ], [ -97.404245000201684, 32.587092999938761 ], [ -97.397589000155747, 32.587074999974533 ], [ -97.397402999630089, 32.587311000175191 ], [ -97.397386000443248, 32.594619999661582 ], [ -97.397517999791077, 32.595526999935828 ], [ -97.397148000160868, 32.59649400005145 ], [ -97.39513399958075, 32.59646499976342 ], [ -97.388384000153295, 32.596505000386301 ], [ -97.38839799978247, 32.589026000166172 ], [ -97.388342999944754, 32.581529000414704 ], [ -97.387636000424962, 32.581664000083357 ], [ -97.382410999791091, 32.581664000044384 ], [ -97.380576999641548, 32.581670999606025 ], [ -97.37960100033267, 32.581668999961835 ], [ -97.379668000530557, 32.579284000373981 ], [ -97.379639999677366, 32.57474799985679 ], [ -97.38040799989669, 32.574793000311274 ], [ -97.38088499975045, 32.573638000411187 ], [ -97.380849999813734, 32.573007999920733 ], [ -97.380885000003943, 32.568996999956951 ], [ -97.380938999633059, 32.567379999654683 ], [ -97.381471999783955, 32.567292999637502 ], [ -97.38315300013214, 32.567206999771741 ], [ -97.386204999873499, 32.567072999968637 ], [ -97.386390999813258, 32.555877999733205 ], [ -97.396318000367884, 32.555863000116055 ], [ -97.396329000258888, 32.553665999630091 ], [ -97.412777000398975, 32.553846000228717 ], [ -97.425022999723026, 32.554023000128332 ], [ -97.430997999608863, 32.55410599971998 ], [ -97.471317999885656, 32.555001999629397 ], [ -97.472478000272787, 32.555027999585718 ], [ -97.503423999749401, 32.555438999737312 ], [ -97.503558000115504, 32.556030000053241 ] ] ] ] } },
{ "type": "Feature", "properties": { "GEOID": "48439111019", "NAME": "Census Tract 1110.19, Tarrant County, Texas", "variable": "B01003_001", "estimate": 4896, "moe": 1017, "coverage_all": 6695.953, "coverage_na": 118.0, "coverage_4050": 4391.6639, "coverage_5060": 1738.0885, "coverage_6070": 339.9104, "coverage_7080": 71.3109, "coverage_8090": 34.9792, "coverage_90": 2.0, "noise4050n": 3498.8325, "noise5060n": 1035.1237, "noise6070n": 212.0967, "noise7080n": 53.9752, "noise8090n": 20.1422, "noise90n": 0.8171, "noise4050p": 0.6559, "noise5060p": 0.2596, "noise6070p": 0.0508, "noise7080p": 0.0106, "noise8090p": 0.0052, "noise90p": 0.0003 }, "geometry": { "type": "MultiPolygon", "coordinates": [ [ [ [ -97.355082000050047, 32.608197999798342 ], [ -97.354800999973989, 32.614736000284985 ], [ -97.354486999587863, 32.622148999693408 ], [ -97.348539000092202, 32.622089000286358 ], [ -97.348540000013941, 32.623761999692363 ], [ -97.344405999722341, 32.623905000429623 ], [ -97.340271000381861, 32.626081000364124 ], [ -97.339748000252641, 32.626122999574676 ], [ -97.339378000220009, 32.627398999712845 ], [ -97.345875000311125, 32.634093000381888 ], [ -97.344826000456123, 32.634815000200192 ], [ -97.339684999723247, 32.635159000197959 ], [ -97.334012999790133, 32.635192999650386 ], [ -97.330117999552016, 32.635192000416822 ], [ -97.327343999584045, 32.635202000265245 ], [ -97.321973000384006, 32.635171000303515 ], [ -97.321463999934224, 32.635162999986925 ], [ -97.321484999725882, 32.627663999951224 ], [ -97.3215379994963, 32.613994000391884 ], [ -97.322097999660087, 32.613996000257259 ], [ -97.323767999979069, 32.61399099994707 ], [ -97.331327999770039, 32.614018999911124 ], [ -97.349690000106875, 32.614131000403802 ], [ -97.350865999779245, 32.61233799965779 ], [ -97.351053000027832, 32.611958000162488 ], [ -97.351380999520799, 32.610843999629481 ], [ -97.351494999648096, 32.609146999589584 ], [ -97.351485000024567, 32.60679399996895 ], [ -97.355134999842434, 32.606784999709184 ], [ -97.355082000050047, 32.608197999798342 ] ] ] ] } },
{ "type": "Feature", "properties": { "GEOID": "48439111020", "NAME": "Census Tract 1110.20, Tarrant County, Texas", "variable": "B01003_001", "estimate": 6048, "moe": 1613, "coverage_all": 1603.3144, "coverage_na": 0.0, "coverage_4050": 983.821, "coverage_5060": 510.5063, "coverage_6070": 90.8779, "coverage_7080": 16.1855, "coverage_8090": 1.9236, "coverage_90": 0.0, "noise4050n": 4246.1164, "noise5060n": 1418.3047, "noise6070n": 318.9567, "noise7080n": 59.8342, "noise8090n": 4.788, "noise90n": 0.0, "noise4050p": 0.6136, "noise5060p": 0.3184, "noise6070p": 0.0567, "noise7080p": 0.0101, "noise8090p": 0.0012, "noise90p": 0.0 }, "geometry": { "type": "MultiPolygon", "coordinates": [ [ [ [ -97.353957000115983, 32.634811000392439 ], [ -97.352439999511617, 32.634814999865164 ], [ -97.348618000043047, 32.634818999722242 ], [ -97.348439000277878, 32.634819000352785 ], [ -97.347006000117958, 32.634655999767702 ], [ -97.345875000311125, 32.634093000381888 ], [ -97.339378000220009, 32.627398999712845 ], [ -97.339748000252641, 32.626122999574676 ], [ -97.340271000381861, 32.626081000364124 ], [ -97.344405999722341, 32.623905000429623 ], [ -97.348540000013941, 32.623761999692363 ], [ -97.348539000092202, 32.622089000286358 ], [ -97.354486999587863, 32.622148999693408 ], [ -97.353957000115983, 32.634811000392439 ] ] ] ] } },
{ "type": "Feature", "properties": { "GEOID": "48439111021", "NAME": "Census Tract 1110.21, Tarrant County, Texas", "variable": "B01003_001", "estimate": 4867, "moe": 1511, "coverage_all": 10052.8397, "coverage_na": 7657.1796, "coverage_4050": 1480.7068, "coverage_5060": 756.7984, "coverage_6070": 124.009, "coverage_7080": 28.1571, "coverage_8090": 5.1019, "coverage_90": 0.8869, "noise4050n": 659.5893, "noise5060n": 367.6171, "noise6070n": 48.5054, "noise7080n": 10.8356, "noise8090n": 3.0386, "noise90n": 0.4833, "noise4050p": 0.1473, "noise5060p": 0.0753, "noise6070p": 0.0123, "noise7080p": 0.0028, "noise8090p": 0.0005, "noise90p": 0.0001 }, "geometry": { "type": "MultiPolygon", "coordinates": [ [ [ [ -97.388467999637044, 32.607473999642274 ], [ -97.386122999803746, 32.607451000313205 ], [ -97.376486999729252, 32.607379000094419 ], [ -97.376131999980785, 32.606996000214181 ], [ -97.357308999618866, 32.606810999979388 ], [ -97.35639000021051, 32.606598999552311 ], [ -97.35532299985104, 32.606775999574488 ], [ -97.355134999842434, 32.606784999709184 ], [ -97.355298000259452, 32.602903000310491 ], [ -97.355436999663311, 32.599717000206709 ], [ -97.35548699956864, 32.598585000318558 ], [ -97.35570000051338, 32.595223999823766 ], [ -97.357393000037291, 32.586906000024712 ], [ -97.35913299967099, 32.578589999932454 ], [ -97.362448000380994, 32.579091999881669 ], [ -97.379668000530557, 32.579284000373981 ], [ -97.37960100033267, 32.581668999961835 ], [ -97.380576999641548, 32.581670999606025 ], [ -97.382410999791091, 32.581664000044384 ], [ -97.387636000424962, 32.581664000083357 ], [ -97.388342999944754, 32.581529000414704 ], [ -97.38839799978247, 32.589026000166172 ], [ -97.388384000153295, 32.596505000386301 ], [ -97.388418999475746, 32.600321000056688 ], [ -97.388451999599241, 32.603946000002516 ], [ -97.388467999637044, 32.607473999642274 ] ] ] ] } },
{ "type": "Feature", "properties": { "GEOID": "48439111022", "NAME": "Census Tract 1110.22, Tarrant County, Texas", "variable": "B01003_001", "estimate": 5951, "moe": 965, "coverage_all": 6732.7384, "coverage_na": 4060.7837, "coverage_4050": 1631.6552, "coverage_5060": 796.8051, "coverage_6070": 204.8351, "coverage_7080": 31.9872, "coverage_8090": 6.1276, "coverage_90": 0.5445, "noise4050n": 1491.9327, "noise5060n": 739.5137, "noise6070n": 184.0014, "noise7080n": 29.5717, "noise8090n": 5.0375, "noise90n": 0.5786, "noise4050p": 0.2423, "noise5060p": 0.1183, "noise6070p": 0.0304, "noise7080p": 0.0048, "noise8090p": 0.0009, "noise90p": 0.0001 }, "geometry": { "type": "MultiPolygon", "coordinates": [ [ [ [ -97.396318000367884, 32.555863000116055 ], [ -97.386390999813258, 32.555877999733205 ], [ -97.386204999873499, 32.567072999968637 ], [ -97.38315300013214, 32.567206999771741 ], [ -97.381471999783955, 32.567292999637502 ], [ -97.380938999633059, 32.567379999654683 ], [ -97.380885000003943, 32.568996999956951 ], [ -97.380849999813734, 32.573007999920733 ], [ -97.38088499975045, 32.573638000411187 ], [ -97.38040799989669, 32.574793000311274 ], [ -97.379639999677366, 32.57474799985679 ], [ -97.379668000530557, 32.579284000373981 ], [ -97.362448000380994, 32.579091999881669 ], [ -97.35913299967099, 32.578589999932454 ], [ -97.361897000112336, 32.565619999750965 ], [ -97.364586999579828, 32.553361999814626 ], [ -97.370554000323381, 32.553427000072006 ], [ -97.386366999916589, 32.553558999915488 ], [ -97.396329000258888, 32.553665999630091 ], [ -97.396318000367884, 32.555863000116055 ] ] ] ] } },
{ "type": "Feature", "properties": { "GEOID": "48439111023", "NAME": "Census Tract 1110.23, Tarrant County, Texas", "variable": "B01003_001", "estimate": 7132, "moe": 1279, "coverage_all": 3260.0261, "coverage_na": 2376.6608, "coverage_4050": 573.5773, "coverage_5060": 267.0514, "coverage_6070": 28.4317, "coverage_7080": 9.6845, "coverage_8090": 4.6203, "coverage_90": 0.0, "noise4050n": 523.6364, "noise5060n": 345.5097, "noise6070n": 22.7715, "noise7080n": 7.7565, "noise8090n": 3.7005, "noise90n": 0.0, "noise4050p": 0.1759, "noise5060p": 0.0819, "noise6070p": 0.0087, "noise7080p": 0.003, "noise8090p": 0.0014, "noise90p": 0.0 }, "geometry": { "type": "MultiPolygon", "coordinates": [ [ [ [ -97.388470000185535, 32.615478999809461 ], [ -97.388589999741811, 32.617092000279719 ], [ -97.384115999972352, 32.617002000219969 ], [ -97.376380999816348, 32.615563000231575 ], [ -97.371490000328137, 32.614903000323288 ], [ -97.369414000000404, 32.614637000284716 ], [ -97.356687000387211, 32.614737000167331 ], [ -97.354971999556099, 32.614737000042389 ], [ -97.354800999973989, 32.614736000284985 ], [ -97.355082000050047, 32.608197999798342 ], [ -97.355134999842434, 32.606784999709184 ], [ -97.35532299985104, 32.606775999574488 ], [ -97.35639000021051, 32.606598999552311 ], [ -97.357308999618866, 32.606810999979388 ], [ -97.376131999980785, 32.606996000214181 ], [ -97.376486999729252, 32.607379000094419 ], [ -97.386122999803746, 32.607451000313205 ], [ -97.388467999637044, 32.607473999642274 ], [ -97.388819000106878, 32.613882999724105 ], [ -97.388470000185535, 32.615478999809461 ] ] ] ] } },
{ "type": "Feature", "properties": { "GEOID": "48439111024", "NAME": "Census Tract 1110.24, Tarrant County, Texas", "variable": "B01003_001", "estimate": 5298, "moe": 2059, "coverage_all": 2092.5272, "coverage_na": 1960.9004, "coverage_4050": 58.9414, "coverage_5060": 72.6853, "coverage_6070": 0.0, "coverage_7080": 0.0, "coverage_8090": 0.0, "coverage_90": 0.0, "noise4050n": 152.0863, "noise5060n": 192.6297, "noise6070n": 0.0, "noise7080n": 0.0, "noise8090n": 0.0, "noise90n": 0.0, "noise4050p": 0.0282, "noise5060p": 0.0347, "noise6070p": 0.0, "noise7080p": 0.0, "noise8090p": 0.0, "noise90p": 0.0 }, "geometry": { "type": "MultiPolygon", "coordinates": [ [ [ [ -97.388597999853957, 32.618949000323582 ], [ -97.385017000165973, 32.618932000025801 ], [ -97.384567000290446, 32.619235999673215 ], [ -97.384520000245288, 32.623259000058482 ], [ -97.384511000387207, 32.624078999686986 ], [ -97.384459999537938, 32.626657000113021 ], [ -97.384408000038363, 32.628041000222851 ], [ -97.378019000445448, 32.628021999651601 ], [ -97.376017000390846, 32.627993999554043 ], [ -97.370000999956218, 32.627932999909326 ], [ -97.369981999496062, 32.626176000369377 ], [ -97.369953999919801, 32.624367000186446 ], [ -97.369946999481144, 32.621857000404731 ], [ -97.370558999996675, 32.617733000106561 ], [ -97.371490000328137, 32.614903000323288 ], [ -97.376380999816348, 32.615563000231575 ], [ -97.384115999972352, 32.617002000219969 ], [ -97.388589999741811, 32.617092000279719 ], [ -97.388597999853957, 32.618949000323582 ] ] ] ] } },
{ "type": "Feature", "properties": { "GEOID": "48439111025", "NAME": "Census Tract 1110.25, Tarrant County, Texas", "variable": "B01003_001", "estimate": 4037, "moe": 1340, "coverage_all": 1056.8007, "coverage_na": 378.9485, "coverage_4050": 594.6076, "coverage_5060": 82.9454, "coverage_6070": 0.2993, "coverage_7080": 0.0, "coverage_8090": 0.0, "coverage_90": 0.0, "noise4050n": 2919.2279, "noise5060n": 279.3635, "noise6070n": 0.6617, "noise7080n": 0.0, "noise8090n": 0.0, "noise90n": 0.0, "noise4050p": 0.5626, "noise5060p": 0.0785, "noise6070p": 0.0003, "noise7080p": 0.0, "noise8090p": 0.0, "noise90p": 0.0 }, "geometry": { "type": "MultiPolygon", "coordinates": [ [ [ [ -97.369867000006494, 32.63483199980277 ], [ -97.361468999743295, 32.634802000289653 ], [ -97.359603000181139, 32.634803999938057 ], [ -97.359210000043888, 32.634802999936539 ], [ -97.357652999490398, 32.634799999618096 ], [ -97.356993999833847, 32.63168000029841 ], [ -97.35695300032819, 32.627144000137285 ], [ -97.3574010000697, 32.625562999811521 ], [ -97.361651000533172, 32.625464999865009 ], [ -97.36153700013314, 32.628041999857793 ], [ -97.363424999730327, 32.628587000039424 ], [ -97.366098000482054, 32.629185000095859 ], [ -97.369985000155509, 32.628860999963564 ], [ -97.369867000006494, 32.63483199980277 ] ] ] ] } },
{ "type": "Feature", "properties": { "GEOID": "48439111026", "NAME": "Census Tract 1110.26, Tarrant County, Texas", "variable": "B01003_001", "estimate": 6298, "moe": 928, "coverage_all": 2617.1455, "coverage_na": 862.2836, "coverage_4050": 944.0326, "coverage_5060": 674.2359, "coverage_6070": 114.3478, "coverage_7080": 17.1553, "coverage_8090": 5.0902, "coverage_90": 0.0, "noise4050n": 2271.262, "noise5060n": 1615.9923, "noise6070n": 273.8141, "noise7080n": 41.0797, "noise8090n": 12.1888, "noise90n": 0.0, "noise4050p": 0.3607, "noise5060p": 0.2576, "noise6070p": 0.0437, "noise7080p": 0.0066, "noise8090p": 0.0019, "noise90p": 0.0 }, "geometry": { "type": "MultiPolygon", "coordinates": [ [ [ [ -97.370558999996675, 32.617733000106561 ], [ -97.369946999481144, 32.621857000404731 ], [ -97.369953999919801, 32.624367000186446 ], [ -97.369981999496062, 32.626176000369377 ], [ -97.370000999956218, 32.627932999909326 ], [ -97.369985000155509, 32.628860999963564 ], [ -97.366098000482054, 32.629185000095859 ], [ -97.363424999730327, 32.628587000039424 ], [ -97.36153700013314, 32.628041999857793 ], [ -97.361651000533172, 32.625464999865009 ], [ -97.3574010000697, 32.625562999811521 ], [ -97.35695300032819, 32.627144000137285 ], [ -97.356993999833847, 32.63168000029841 ], [ -97.357652999490398, 32.634799999618096 ], [ -97.353957000115983, 32.634811000392439 ], [ -97.354486999587863, 32.622148999693408 ], [ -97.354800999973989, 32.614736000284985 ], [ -97.354971999556099, 32.614737000042389 ], [ -97.356687000387211, 32.614737000167331 ], [ -97.369414000000404, 32.614637000284716 ], [ -97.371490000328137, 32.614903000323288 ], [ -97.370558999996675, 32.617733000106561 ] ] ] ] } },
{ "type": "Feature", "properties": { "GEOID": "48439111027", "NAME": "Census Tract 1110.27, Tarrant County, Texas", "variable": "B01003_001", "estimate": 4407, "moe": 1224, "coverage_all": 9214.7848, "coverage_na": 1820.869, "coverage_4050": 5132.0249, "coverage_5060": 1694.3996, "coverage_6070": 400.0321, "coverage_7080": 113.563, "coverage_8090": 49.8962, "coverage_90": 4.0, "noise4050n": 2565.7471, "noise5060n": 879.9536, "noise6070n": 205.4129, "noise7080n": 59.4656, "noise8090n": 26.5879, "noise90n": 1.4682, "noise4050p": 0.5569, "noise5060p": 0.1839, "noise6070p": 0.0434, "noise7080p": 0.0123, "noise8090p": 0.0054, "noise90p": 0.0004 }, "geometry": { "type": "MultiPolygon", "coordinates": [ [ [ [ -97.355298000259452, 32.602903000310491 ], [ -97.355134999842434, 32.606784999709184 ], [ -97.351485000024567, 32.60679399996895 ], [ -97.351494999648096, 32.609146999589584 ], [ -97.351380999520799, 32.610843999629481 ], [ -97.351053000027832, 32.611958000162488 ], [ -97.350865999779245, 32.61233799965779 ], [ -97.349690000106875, 32.614131000403802 ], [ -97.331327999770039, 32.614018999911124 ], [ -97.323767999979069, 32.61399099994707 ], [ -97.322097999660087, 32.613996000257259 ], [ -97.3215379994963, 32.613994000391884 ], [ -97.321524999656447, 32.611689999800255 ], [ -97.320108000062547, 32.605131000193367 ], [ -97.319535000336316, 32.602010000152831 ], [ -97.319308999847934, 32.599128000253081 ], [ -97.319509999514835, 32.577833999893322 ], [ -97.319702000266801, 32.577828999679909 ], [ -97.321910999933735, 32.577820999622567 ], [ -97.325251999976331, 32.577930000058281 ], [ -97.327249999839438, 32.589891999666349 ], [ -97.329833999601519, 32.587803999739819 ], [ -97.331113000501148, 32.587800999922727 ], [ -97.33392999990059, 32.588058999676562 ], [ -97.334388000139811, 32.589122000291091 ], [ -97.335190999931527, 32.590876000174042 ], [ -97.337161000437931, 32.591172000138506 ], [ -97.34256099963909, 32.595837000148229 ], [ -97.346059000088985, 32.596539000000654 ], [ -97.34840299953737, 32.596096999692989 ], [ -97.350061999720012, 32.59684499983755 ], [ -97.350954999828843, 32.598594999806771 ], [ -97.351916000145579, 32.599378000105816 ], [ -97.355436999663311, 32.599717000206709 ], [ -97.355298000259452, 32.602903000310491 ] ] ] ] } },
{ "type": "Feature", "properties": { "GEOID": "48439111028", "NAME": "Census Tract 1110.28, Tarrant County, Texas", "variable": "B01003_001", "estimate": 6791, "moe": 1236, "coverage_all": 5613.498, "coverage_na": 1549.131, "coverage_4050": 2975.2392, "coverage_5060": 831.3076, "coverage_6070": 221.3822, "coverage_7080": 31.6126, "coverage_8090": 3.7123, "coverage_90": 1.1131, "noise4050n": 3635.6964, "noise5060n": 1070.693, "noise6070n": 279.2128, "noise7080n": 45.6633, "noise8090n": 4.5638, "noise90n": 1.292, "noise4050p": 0.53, "noise5060p": 0.1481, "noise6070p": 0.0394, "noise7080p": 0.0056, "noise8090p": 0.0007, "noise90p": 0.0002 }, "geometry": { "type": "MultiPolygon", "coordinates": [ [ [ [ -97.35913299967099, 32.578589999932454 ], [ -97.357393000037291, 32.586906000024712 ], [ -97.35570000051338, 32.595223999823766 ], [ -97.35548699956864, 32.598585000318558 ], [ -97.355436999663311, 32.599717000206709 ], [ -97.351916000145579, 32.599378000105816 ], [ -97.350954999828843, 32.598594999806771 ], [ -97.350061999720012, 32.59684499983755 ], [ -97.34840299953737, 32.596096999692989 ], [ -97.346059000088985, 32.596539000000654 ], [ -97.34256099963909, 32.595837000148229 ], [ -97.337161000437931, 32.591172000138506 ], [ -97.335190999931527, 32.590876000174042 ], [ -97.334388000139811, 32.589122000291091 ], [ -97.33392999990059, 32.588058999676562 ], [ -97.331113000501148, 32.587800999922727 ], [ -97.329833999601519, 32.587803999739819 ], [ -97.327249999839438, 32.589891999666349 ], [ -97.325251999976331, 32.577930000058281 ], [ -97.334520000279227, 32.577991999942697 ], [ -97.335627999771688, 32.577643000021915 ], [ -97.336801999627639, 32.578048999815238 ], [ -97.344838000139816, 32.578189999634169 ], [ -97.353214000094354, 32.578392999733531 ], [ -97.358264999536956, 32.578470999559563 ], [ -97.35913299967099, 32.578589999932454 ] ] ] ] } },
{ "type": "Feature", "properties": { "GEOID": "48439111029", "NAME": "Census Tract 1110.29, Tarrant County, Texas", "variable": "B01003_001", "estimate": 7272, "moe": 1016, "coverage_all": 4777.8562, "coverage_na": 1606.5495, "coverage_4050": 2380.2749, "coverage_5060": 598.7156, "coverage_6070": 131.5739, "coverage_7080": 55.8982, "coverage_8090": 4.8441, "coverage_90": 0.0, "noise4050n": 4419.7425, "noise5060n": 599.4778, "noise6070n": 90.7934, "noise7080n": 38.5626, "noise8090n": 3.3418, "noise90n": 0.0, "noise4050p": 0.4982, "noise5060p": 0.1253, "noise6070p": 0.0275, "noise7080p": 0.0117, "noise8090p": 0.001, "noise90p": 0.0 }, "geometry": { "type": "MultiPolygon", "coordinates": [ [ [ [ -97.363226000377097, 32.553787000113033 ], [ -97.357886999616582, 32.558119999583297 ], [ -97.353413999614119, 32.560836000439309 ], [ -97.352907999699681, 32.561322000222397 ], [ -97.352057000479874, 32.562929999670395 ], [ -97.352037999607049, 32.56445900030193 ], [ -97.351310999518361, 32.564442000150642 ], [ -97.350451999670909, 32.564777999676366 ], [ -97.349707000283345, 32.565399000181145 ], [ -97.348179000366258, 32.566673000128532 ], [ -97.345371999920943, 32.568997999803109 ], [ -97.334598000157484, 32.571824000124948 ], [ -97.334520000279227, 32.577991999942697 ], [ -97.325251999976331, 32.577930000058281 ], [ -97.321910999933735, 32.577820999622567 ], [ -97.319702000266801, 32.577828999679909 ], [ -97.319509999514835, 32.577833999893322 ], [ -97.318768999787665, 32.569292000423083 ], [ -97.323984999688804, 32.569264999669223 ], [ -97.324337999581189, 32.571822999618099 ], [ -97.326207000143739, 32.571895999558897 ], [ -97.326203999761674, 32.571734000204067 ], [ -97.32628900010782, 32.5713079998281 ], [ -97.32747099964773, 32.568877000097707 ], [ -97.331076999603226, 32.566687999784776 ], [ -97.337722000053049, 32.563349999815884 ], [ -97.338296000183604, 32.562243000063532 ], [ -97.343335999656873, 32.557849999977982 ], [ -97.340366999719819, 32.555286999878589 ], [ -97.337856999882447, 32.554135999733695 ], [ -97.336527999892667, 32.552974999690825 ], [ -97.34898999968982, 32.553144999701118 ], [ -97.351960000402059, 32.553252999912061 ], [ -97.3521560000368, 32.553250000040016 ], [ -97.353271000305, 32.553247000342608 ], [ -97.363594000316965, 32.553362000013415 ], [ -97.363226000377097, 32.553787000113033 ] ] ] ] } },
{ "type": "Feature", "properties": { "GEOID": "48439111030", "NAME": "Census Tract 1110.30, Tarrant County, Texas", "variable": "B01003_001", "estimate": 4209, "moe": 973, "coverage_all": 4175.9054, "coverage_na": 275.6704, "coverage_4050": 1867.4588, "coverage_5060": 1588.0786, "coverage_6070": 311.1985, "coverage_7080": 112.8723, "coverage_8090": 19.6269, "coverage_90": 1.0, "noise4050n": 2310.9996, "noise5060n": 1151.0063, "noise6070n": 240.4303, "noise7080n": 72.9324, "noise8090n": 12.6819, "noise90n": 0.6461, "noise4050p": 0.4472, "noise5060p": 0.3803, "noise6070p": 0.0745, "noise7080p": 0.027, "noise8090p": 0.0047, "noise90p": 0.0002 }, "geometry": { "type": "MultiPolygon", "coordinates": [ [ [ [ -97.343335999656873, 32.557849999977982 ], [ -97.338296000183604, 32.562243000063532 ], [ -97.337722000053049, 32.563349999815884 ], [ -97.331076999603226, 32.566687999784776 ], [ -97.32747099964773, 32.568877000097707 ], [ -97.32628900010782, 32.5713079998281 ], [ -97.326203999761674, 32.571734000204067 ], [ -97.326207000143739, 32.571895999558897 ], [ -97.324337999581189, 32.571822999618099 ], [ -97.323984999688804, 32.569264999669223 ], [ -97.318768999787665, 32.569292000423083 ], [ -97.318252000495718, 32.565713999569759 ], [ -97.31769300047732, 32.563507999630197 ], [ -97.317675999481153, 32.562989000386722 ], [ -97.31427400045628, 32.562928000389597 ], [ -97.313983999686997, 32.552626999713794 ], [ -97.314518000159651, 32.552633999958616 ], [ -97.315445000206978, 32.552647000055764 ], [ -97.319052999902794, 32.552703999805509 ], [ -97.319488999879027, 32.552689999902931 ], [ -97.336527999892667, 32.552974999690825 ], [ -97.337856999882447, 32.554135999733695 ], [ -97.340366999719819, 32.555286999878589 ], [ -97.343335999656873, 32.557849999977982 ] ] ] ] } },
{ "type": "Feature", "properties": { "GEOID": "48439111031", "NAME": "Census Tract 1110.31, Tarrant County, Texas", "variable": "B01003_001", "estimate": 1700, "moe": 427, "coverage_all": 5420.7577, "coverage_na": 4234.0917, "coverage_4050": 510.5482, "coverage_5060": 408.7204, "coverage_6070": 199.7671, "coverage_7080": 65.9507, "coverage_8090": 0.8053, "coverage_90": 0.8743, "noise4050n": 268.4008, "noise5060n": 182.4716, "noise6070n": 82.2749, "noise7080n": 25.209, "noise8090n": 0.5243, "noise90n": 0.5692, "noise4050p": 0.0942, "noise5060p": 0.0754, "noise6070p": 0.0369, "noise7080p": 0.0122, "noise8090p": 0.0001, "noise90p": 0.0002 }, "geometry": { "type": "MultiPolygon", "coordinates": [ [ [ [ -97.430162000304591, 32.616365999824261 ], [ -97.428502000257339, 32.617949999776762 ], [ -97.424324000011083, 32.620900999934364 ], [ -97.423270000296043, 32.621963999557998 ], [ -97.41863600015094, 32.629297999787916 ], [ -97.415054999498565, 32.635120999753276 ], [ -97.412886000006679, 32.62956499987024 ], [ -97.412805000245328, 32.629260999768384 ], [ -97.412515000062413, 32.627949000116992 ], [ -97.412291000272091, 32.625186999963759 ], [ -97.412490999471615, 32.61542500022987 ], [ -97.412574999898979, 32.599155000229153 ], [ -97.412986999950391, 32.597786000218186 ], [ -97.414010000239401, 32.59601999971062 ], [ -97.416373999482943, 32.593958000112522 ], [ -97.416489000347923, 32.599839999832533 ], [ -97.426923999844036, 32.599931999618136 ], [ -97.429355999568969, 32.59988700036908 ], [ -97.429340999526744, 32.610356999790433 ], [ -97.429470999533351, 32.610720000395261 ], [ -97.434253000163011, 32.610735999970224 ], [ -97.430162000304591, 32.616365999824261 ] ] ] ] } },
{ "type": "Feature", "properties": { "GEOID": "48439111032", "NAME": "Census Tract 1110.32, Tarrant County, Texas", "variable": "B01003_001", "estimate": 5774, "moe": 721, "coverage_all": 3817.1205, "coverage_na": 3373.3559, "coverage_4050": 129.9578, "coverage_5060": 236.9671, "coverage_6070": 49.4819, "coverage_7080": 27.3578, "coverage_8090": 0.0, "coverage_90": 0.0, "noise4050n": 186.5483, "noise5060n": 336.3328, "noise6070n": 58.2402, "noise7080n": 32.2002, "noise8090n": 0.0, "noise90n": 0.0, "noise4050p": 0.034, "noise5060p": 0.0621, "noise6070p": 0.013, "noise7080p": 0.0072, "noise8090p": 0.0, "noise90p": 0.0 }, "geometry": { "type": "MultiPolygon", "coordinates": [ [ [ [ -97.412805000245328, 32.629260999768384 ], [ -97.409655999796627, 32.629262999842823 ], [ -97.406472999713216, 32.628898000173528 ], [ -97.40334799996603, 32.628493999848821 ], [ -97.400487999615521, 32.628199000356382 ], [ -97.399509999713018, 32.628161000366838 ], [ -97.398364999637181, 32.628130999938087 ], [ -97.395731000210915, 32.628106999900034 ], [ -97.388607000434163, 32.628065000103582 ], [ -97.387657000195347, 32.628061999951868 ], [ -97.384408000038363, 32.628041000222851 ], [ -97.384459999537938, 32.626657000113021 ], [ -97.384511000387207, 32.624078999686986 ], [ -97.384520000245288, 32.623259000058482 ], [ -97.384567000290446, 32.619235999673215 ], [ -97.385017000165973, 32.618932000025801 ], [ -97.388597999853957, 32.618949000323582 ], [ -97.388589999741811, 32.617092000279719 ], [ -97.390267999637018, 32.617109000230812 ], [ -97.391555999722655, 32.617056000287171 ], [ -97.397076999851549, 32.616364000199653 ], [ -97.403221999917008, 32.616234000020931 ], [ -97.406149000303586, 32.615396999644638 ], [ -97.40737699957441, 32.615272000383214 ], [ -97.412490999471615, 32.61542500022987 ], [ -97.412291000272091, 32.625186999963759 ], [ -97.412515000062413, 32.627949000116992 ], [ -97.412805000245328, 32.629260999768384 ] ] ] ] } },
{ "type": "Feature", "properties": { "GEOID": "48439111033", "NAME": "Census Tract 1110.33, Tarrant County, Texas", "variable": "B01003_001", "estimate": 4370, "moe": 590, "coverage_all": 7500.5405, "coverage_na": 6811.2302, "coverage_4050": 218.6743, "coverage_5060": 349.0083, "coverage_6070": 73.2401, "coverage_7080": 48.3877, "coverage_8090": 0.0, "coverage_90": 0.0, "noise4050n": 160.8974, "noise5060n": 254.6832, "noise6070n": 30.5461, "noise7080n": 8.6137, "noise8090n": 0.0, "noise90n": 0.0, "noise4050p": 0.0292, "noise5060p": 0.0465, "noise6070p": 0.0098, "noise7080p": 0.0065, "noise8090p": 0.0, "noise90p": 0.0 }, "geometry": { "type": "MultiPolygon", "coordinates": [ [ [ [ -97.416373999482943, 32.593958000112522 ], [ -97.414010000239401, 32.59601999971062 ], [ -97.412986999950391, 32.597786000218186 ], [ -97.412574999898979, 32.599155000229153 ], [ -97.412490999471615, 32.61542500022987 ], [ -97.40737699957441, 32.615272000383214 ], [ -97.406149000303586, 32.615396999644638 ], [ -97.403221999917008, 32.616234000020931 ], [ -97.397076999851549, 32.616364000199653 ], [ -97.391555999722655, 32.617056000287171 ], [ -97.390267999637018, 32.617109000230812 ], [ -97.388589999741811, 32.617092000279719 ], [ -97.388470000185535, 32.615478999809461 ], [ -97.388819000106878, 32.613882999724105 ], [ -97.388467999637044, 32.607473999642274 ], [ -97.388451999599241, 32.603946000002516 ], [ -97.388418999475746, 32.600321000056688 ], [ -97.388384000153295, 32.596505000386301 ], [ -97.39513399958075, 32.59646499976342 ], [ -97.397148000160868, 32.59649400005145 ], [ -97.397517999791077, 32.595526999935828 ], [ -97.397386000443248, 32.594619999661582 ], [ -97.397402999630089, 32.587311000175191 ], [ -97.397589000155747, 32.587074999974533 ], [ -97.404245000201684, 32.587092999938761 ], [ -97.406989000468201, 32.587098999775399 ], [ -97.410104999612358, 32.587079999913861 ], [ -97.413609999788719, 32.587046000353787 ], [ -97.416314999916636, 32.587547999586995 ], [ -97.416345000280927, 32.589098000135628 ], [ -97.416373999482943, 32.593958000112522 ] ] ] ] } },
{ "type": "Feature", "properties": { "GEOID": "48439111102", "NAME": "Census Tract 1111.02, Tarrant County, Texas", "variable": "B01003_001", "estimate": 5987, "moe": 732, "coverage_all": 6639.9429, "coverage_na": 5167.8805, "coverage_4050": 515.03, "coverage_5060": 764.2486, "coverage_6070": 163.642, "coverage_7080": 19.3145, "coverage_8090": 9.8273, "coverage_90": 0.0, "noise4050n": 470.7046, "noise5060n": 695.6047, "noise6070n": 149.646, "noise7080n": 17.536, "noise8090n": 9.1491, "noise90n": 0.0, "noise4050p": 0.0776, "noise5060p": 0.1151, "noise6070p": 0.0246, "noise7080p": 0.0029, "noise8090p": 0.0015, "noise90p": 0.0 }, "geometry": { "type": "MultiPolygon", "coordinates": [ [ [ [ -97.283722000329163, 32.652869999556749 ], [ -97.283522999925154, 32.654068000019009 ], [ -97.281405999530037, 32.661327000308525 ], [ -97.269914000192074, 32.661357999637637 ], [ -97.263619999599769, 32.661368000174946 ], [ -97.260077999723975, 32.66135500005273 ], [ -97.248244000026403, 32.6614520000604 ], [ -97.244651000107709, 32.662727999654209 ], [ -97.24326599947203, 32.663656000176651 ], [ -97.241366000058065, 32.665348000336863 ], [ -97.241009999583156, 32.665087000340343 ], [ -97.239838000188428, 32.664232000156737 ], [ -97.238662000503382, 32.66296400030059 ], [ -97.237894000324502, 32.662238999839666 ], [ -97.235516999649121, 32.659989999689699 ], [ -97.237573999567743, 32.657240999715285 ], [ -97.241501999992664, 32.65497199973273 ], [ -97.242816000053338, 32.656464000240817 ], [ -97.242944999968685, 32.656463999736211 ], [ -97.243056999846857, 32.656464000340542 ], [ -97.243227000414919, 32.656464000222144 ], [ -97.243326999992334, 32.656464000041986 ], [ -97.25255399960291, 32.656468999757948 ], [ -97.251063000009808, 32.655261999625694 ], [ -97.251054000279026, 32.652822999688105 ], [ -97.252571999483763, 32.652743000196388 ], [ -97.252667000419208, 32.645484000292974 ], [ -97.269916999606536, 32.645511000383081 ], [ -97.270051000440048, 32.646172999693704 ], [ -97.272021000517242, 32.645587999773873 ], [ -97.277920000463268, 32.645566000429142 ], [ -97.277918999697079, 32.648470000069615 ], [ -97.284856999880247, 32.648421000313284 ], [ -97.283722000329163, 32.652869999556749 ] ] ] ] } },
{ "type": "Feature", "properties": { "GEOID": "48439111103", "NAME": "Census Tract 1111.03, Tarrant County, Texas", "variable": "B01003_001", "estimate": 4262, "moe": 685, "coverage_all": 3072.5715, "coverage_na": 429.0494, "coverage_4050": 1215.3849, "coverage_5060": 1047.2508, "coverage_6070": 236.8667, "coverage_7080": 63.3449, "coverage_8090": 80.6746, "coverage_90": 0.0, "noise4050n": 1575.2189, "noise5060n": 1479.0412, "noise6070n": 361.8182, "noise7080n": 96.7368, "noise8090n": 133.8634, "noise90n": 0.0, "noise4050p": 0.3956, "noise5060p": 0.3408, "noise6070p": 0.0771, "noise7080p": 0.0206, "noise8090p": 0.0263, "noise90p": 0.0 }, "geometry": { "type": "MultiPolygon", "coordinates": [ [ [ [ -97.273009999848654, 32.677632999890449 ], [ -97.271576000352752, 32.679270999577405 ], [ -97.267877999569862, 32.67758000006021 ], [ -97.263451000161083, 32.675628999824973 ], [ -97.26218300022758, 32.675047000138555 ], [ -97.259768999503635, 32.673943999888714 ], [ -97.255463999482004, 32.671951000451216 ], [ -97.246119999744806, 32.667654000034979 ], [ -97.24214099978451, 32.6658369997484 ], [ -97.241801000446472, 32.665644000378961 ], [ -97.241366000058065, 32.665348000336863 ], [ -97.24326599947203, 32.663656000176651 ], [ -97.244651000107709, 32.662727999654209 ], [ -97.248244000026403, 32.6614520000604 ], [ -97.260077999723975, 32.66135500005273 ], [ -97.263619999599769, 32.661368000174946 ], [ -97.263695999895944, 32.666041000023 ], [ -97.264601999563794, 32.666055000001265 ], [ -97.264608999951164, 32.668878000058307 ], [ -97.268184000311734, 32.66887999983124 ], [ -97.268184000040563, 32.671337999885871 ], [ -97.272989999543995, 32.671743000410551 ], [ -97.273009999848654, 32.677632999890449 ] ] ] ] } },
{ "type": "Feature", "properties": { "GEOID": "48439111104", "NAME": "Census Tract 1111.04, Tarrant County, Texas", "variable": "B01003_001", "estimate": 2849, "moe": 639, "coverage_all": 2977.5861, "coverage_na": 1215.9506, "coverage_4050": 741.8363, "coverage_5060": 711.7649, "coverage_6070": 202.8357, "coverage_7080": 40.7151, "coverage_8090": 64.4836, "coverage_90": 0.0, "noise4050n": 696.4125, "noise5060n": 730.3258, "noise6070n": 187.8934, "noise7080n": 39.3983, "noise8090n": 59.2119, "noise90n": 0.0, "noise4050p": 0.2491, "noise5060p": 0.239, "noise6070p": 0.0681, "noise7080p": 0.0137, "noise8090p": 0.0217, "noise90p": 0.0 }, "geometry": { "type": "MultiPolygon", "coordinates": [ [ [ [ -97.291481999508662, 32.688395000316753 ], [ -97.280153000218661, 32.683213999876074 ], [ -97.271576000352752, 32.679270999577405 ], [ -97.273009999848654, 32.677632999890449 ], [ -97.272989999543995, 32.671743000410551 ], [ -97.268184000040563, 32.671337999885871 ], [ -97.268184000311734, 32.66887999983124 ], [ -97.264608999951164, 32.668878000058307 ], [ -97.264601999563794, 32.666055000001265 ], [ -97.263695999895944, 32.666041000023 ], [ -97.263619999599769, 32.661368000174946 ], [ -97.269914000192074, 32.661357999637637 ], [ -97.281405999530037, 32.661327000308525 ], [ -97.280271000420115, 32.666100000405123 ], [ -97.280186000334155, 32.671773999629934 ], [ -97.280111000508626, 32.678238000192657 ], [ -97.286229999954386, 32.683815999859348 ], [ -97.287363000195541, 32.684838000401946 ], [ -97.291481999508662, 32.688395000316753 ] ] ] ] } },
{ "type": "Feature", "properties": { "GEOID": "48439111202", "NAME": "Census Tract 1112.02, Tarrant County, Texas", "variable": "B01003_001", "estimate": 6232, "moe": 24, "coverage_all": 5102.7711, "coverage_na": 4737.9525, "coverage_4050": 220.3267, "coverage_5060": 144.4919, "coverage_6070": 0.0, "coverage_7080": 0.0, "coverage_8090": 0.0, "coverage_90": 0.0, "noise4050n": 234.821, "noise5060n": 163.8015, "noise6070n": 0.0, "noise7080n": 0.0, "noise8090n": 0.0, "noise90n": 0.0, "noise4050p": 0.0432, "noise5060p": 0.0283, "noise6070p": 0.0, "noise7080p": 0.0, "noise8090p": 0.0, "noise90p": 0.0 }, "geometry": { "type": "MultiPolygon", "coordinates": [ [ [ [ -97.300830999580455, 32.63102299962668 ], [ -97.293736000126799, 32.631032999855357 ], [ -97.292686000237282, 32.631029999663625 ], [ -97.292244000266493, 32.631031999597951 ], [ -97.292228000420891, 32.633646999919016 ], [ -97.28868199991679, 32.633780000319646 ], [ -97.287545000061911, 32.638134000009281 ], [ -97.286215000036577, 32.643151999611369 ], [ -97.280120999530283, 32.643075999894414 ], [ -97.280196000029022, 32.633954000179138 ], [ -97.27235700010938, 32.634502000266252 ], [ -97.269939999519778, 32.634566000147267 ], [ -97.269946000070959, 32.63515399992999 ], [ -97.26131299955064, 32.635140999577047 ], [ -97.261369999805979, 32.630959000243479 ], [ -97.261376999778619, 32.6302880001302 ], [ -97.266104999709469, 32.630285999557394 ], [ -97.266130999745428, 32.629098000179759 ], [ -97.267978999633073, 32.629084000393995 ], [ -97.267978000519392, 32.630298999987239 ], [ -97.270028999967195, 32.630318999878313 ], [ -97.269981999537578, 32.623729999602716 ], [ -97.280744999640433, 32.623772999942219 ], [ -97.287109000173373, 32.623736999575563 ], [ -97.287117999656374, 32.616500999620207 ], [ -97.294598000379253, 32.61649400036287 ], [ -97.293285999993984, 32.620031999868296 ], [ -97.293225999708568, 32.623592000059389 ], [ -97.295015000421017, 32.623948999668883 ], [ -97.297033999989281, 32.624557000182399 ], [ -97.300832000482302, 32.626901000426848 ], [ -97.300830999580455, 32.63102299962668 ] ] ] ] } },
{ "type": "Feature", "properties": { "GEOID": "48439111203", "NAME": "Census Tract 1112.03, Tarrant County, Texas", "variable": "B01003_001", "estimate": 7557, "moe": 1082, "coverage_all": 18905.3948, "coverage_na": 12623.1232, "coverage_4050": 3585.8227, "coverage_5060": 2163.5361, "coverage_6070": 401.3947, "coverage_7080": 57.9956, "coverage_8090": 73.5225, "coverage_90": 0.0, "noise4050n": 1922.0328, "noise5060n": 1127.7175, "noise6070n": 167.4643, "noise7080n": 28.3864, "noise8090n": 38.8946, "noise90n": 0.0, "noise4050p": 0.1897, "noise5060p": 0.1144, "noise6070p": 0.0212, "noise7080p": 0.0031, "noise8090p": 0.0039, "noise90p": 0.0 }, "geometry": { "type": "MultiPolygon", "coordinates": [ [ [ [ -97.320108000062547, 32.605131000193367 ], [ -97.319070999936045, 32.605109999705952 ], [ -97.317389000266431, 32.604863000114854 ], [ -97.311983999488845, 32.604291000176723 ], [ -97.308695000519648, 32.602682999565253 ], [ -97.308707000093023, 32.604107000331325 ], [ -97.296247000054365, 32.604063999559408 ], [ -97.294191999483246, 32.604056000266645 ], [ -97.284840000211574, 32.603998999563615 ], [ -97.284058999778495, 32.603984999575395 ], [ -97.268988999775658, 32.603889999777451 ], [ -97.268260999785966, 32.606439999637686 ], [ -97.266719999571862, 32.606501999936306 ], [ -97.26493199998886, 32.603218000385887 ], [ -97.263353999498619, 32.600292999617231 ], [ -97.263149000156758, 32.600042999912333 ], [ -97.25197799956014, 32.591042000195742 ], [ -97.249860999650735, 32.58870400006527 ], [ -97.242319999892899, 32.583896999565901 ], [ -97.241500000257375, 32.582830999676531 ], [ -97.241462999628126, 32.582694999941751 ], [ -97.241481999663279, 32.579898000381554 ], [ -97.243023999609633, 32.57992799968536 ], [ -97.252921000315823, 32.580103999571598 ], [ -97.263351999464476, 32.579579999763375 ], [ -97.26523800023017, 32.579568999983557 ], [ -97.278569000418855, 32.579662000348748 ], [ -97.290420000130254, 32.57990099998726 ], [ -97.292799000352886, 32.579735000333642 ], [ -97.30768099970733, 32.579929000394976 ], [ -97.312175999937438, 32.578300000297354 ], [ -97.314334999758486, 32.577897999970951 ], [ -97.319128999538904, 32.577835999761717 ], [ -97.319509999514835, 32.577833999893322 ], [ -97.319308999847934, 32.599128000253081 ], [ -97.319535000336316, 32.602010000152831 ], [ -97.320108000062547, 32.605131000193367 ] ] ] ] } },
{ "type": "Feature", "properties": { "GEOID": "48439111204", "NAME": "Census Tract 1112.04, Tarrant County, Texas", "variable": "B01003_001", "estimate": 4437, "moe": 464, "coverage_all": 24076.2236, "coverage_na": 16159.4229, "coverage_4050": 2684.4715, "coverage_5060": 3277.5775, "coverage_6070": 1556.4191, "coverage_7080": 369.3505, "coverage_8090": 28.9821, "coverage_90": 0.0, "noise4050n": 544.618, "noise5060n": 700.783, "noise6070n": 335.8536, "noise7080n": 79.9391, "noise8090n": 6.2774, "noise90n": 0.0, "noise4050p": 0.1115, "noise5060p": 0.1361, "noise6070p": 0.0646, "noise7080p": 0.0153, "noise8090p": 0.0012, "noise90p": 0.0 }, "geometry": { "type": "MultiPolygon", "coordinates": [ [ [ [ -97.319128999538904, 32.577835999761717 ], [ -97.314334999758486, 32.577897999970951 ], [ -97.312175999937438, 32.578300000297354 ], [ -97.30768099970733, 32.579929000394976 ], [ -97.292799000352886, 32.579735000333642 ], [ -97.290420000130254, 32.57990099998726 ], [ -97.278569000418855, 32.579662000348748 ], [ -97.26523800023017, 32.579568999983557 ], [ -97.263351999464476, 32.579579999763375 ], [ -97.252921000315823, 32.580103999571598 ], [ -97.243023999609633, 32.57992799968536 ], [ -97.241481999663279, 32.579898000381554 ], [ -97.241661000537334, 32.570394000399922 ], [ -97.241691999799826, 32.565012000390588 ], [ -97.241742000137037, 32.558656000363719 ], [ -97.241688999848776, 32.558441999685627 ], [ -97.237527000144411, 32.552162999740204 ], [ -97.237408999473743, 32.551699999719894 ], [ -97.239156000398424, 32.551620000124068 ], [ -97.260456000436747, 32.551944999839563 ], [ -97.260760999963622, 32.551953000268227 ], [ -97.278262000385027, 32.552187000039716 ], [ -97.287890999536117, 32.55231499989624 ], [ -97.304356000303756, 32.552507999896996 ], [ -97.313983999686997, 32.552626999713794 ], [ -97.31427400045628, 32.562928000389597 ], [ -97.317675999481153, 32.562989000386722 ], [ -97.31769300047732, 32.563507999630197 ], [ -97.318252000495718, 32.565713999569759 ], [ -97.318768999787665, 32.569292000423083 ], [ -97.319509999514835, 32.577833999893322 ], [ -97.319128999538904, 32.577835999761717 ] ] ] ] } },
{ "type": "Feature", "properties": { "GEOID": "48439111304", "NAME": "Census Tract 1113.04, Tarrant County, Texas", "variable": "B01003_001", "estimate": 7560, "moe": 1013, "coverage_all": 5045.6149, "coverage_na": 4282.6576, "coverage_4050": 258.0972, "coverage_5060": 296.3352, "coverage_6070": 141.4022, "coverage_7080": 67.1228, "coverage_8090": 0.0, "coverage_90": 0.0, "noise4050n": 366.3993, "noise5060n": 425.5447, "noise6070n": 198.7666, "noise7080n": 90.6394, "noise8090n": 0.0, "noise90n": 0.0, "noise4050p": 0.0512, "noise5060p": 0.0587, "noise6070p": 0.028, "noise7080p": 0.0133, "noise8090p": 0.0, "noise90p": 0.0 }, "geometry": { "type": "MultiPolygon", "coordinates": [ [ [ [ -97.143578000292251, 32.593125000252009 ], [ -97.142966000152569, 32.593491000329571 ], [ -97.131509000224042, 32.599077999758173 ], [ -97.12736599988969, 32.601008000077265 ], [ -97.12492599950933, 32.602194000234554 ], [ -97.121365999861013, 32.603894000366431 ], [ -97.115627000073758, 32.606635999604663 ], [ -97.110297000200063, 32.598573000323192 ], [ -97.107593999539105, 32.594461000449719 ], [ -97.114682999838948, 32.591141000313939 ], [ -97.120087999853027, 32.588594000041766 ], [ -97.130224000137645, 32.583664999782215 ], [ -97.131334999791335, 32.583377999606569 ], [ -97.131911999569382, 32.583448999564609 ], [ -97.131926999972706, 32.583332999936189 ], [ -97.132222999908521, 32.581405999687057 ], [ -97.138102000120909, 32.586146000165741 ], [ -97.143861000297349, 32.592986000256992 ], [ -97.143578000292251, 32.593125000252009 ] ] ] ] } },
{ "type": "Feature", "properties": { "GEOID": "48439111306", "NAME": "Census Tract 1113.06, Tarrant County, Texas", "variable": "B01003_001", "estimate": 5442, "moe": 877, "coverage_all": 13982.3364, "coverage_na": 10558.633, "coverage_4050": 2042.7107, "coverage_5060": 1095.5409, "coverage_6070": 237.4518, "coverage_7080": 35.0, "coverage_8090": 13.0, "coverage_90": 0.0, "noise4050n": 911.2438, "noise5060n": 460.95, "noise6070n": 105.2728, "noise7080n": 15.4757, "noise8090n": 6.2305, "noise90n": 0.0, "noise4050p": 0.1461, "noise5060p": 0.0784, "noise6070p": 0.017, "noise7080p": 0.0025, "noise8090p": 0.0009, "noise90p": 0.0 }, "geometry": { "type": "MultiPolygon", "coordinates": [ [ [ [ -97.18922199979491, 32.577857000126826 ], [ -97.18244499950633, 32.581108000059153 ], [ -97.179765000381408, 32.582378000221183 ], [ -97.166941000470089, 32.588414000194135 ], [ -97.162137999503273, 32.590712999639841 ], [ -97.144023999860352, 32.573644999812124 ], [ -97.143302999615884, 32.572544000435592 ], [ -97.142255000181876, 32.569233999843739 ], [ -97.14161999964999, 32.566568999949297 ], [ -97.141902000092983, 32.563417000270654 ], [ -97.142189999962511, 32.559171999700233 ], [ -97.141800999838622, 32.558118000011369 ], [ -97.140511000436391, 32.556202999692402 ], [ -97.131840999589414, 32.550963999865779 ], [ -97.129896000311604, 32.549807999973801 ], [ -97.140979999824538, 32.55007699967657 ], [ -97.167753000192079, 32.550488000002687 ], [ -97.177039999522151, 32.550645999679759 ], [ -97.177003999672607, 32.550725999678818 ], [ -97.176519000479843, 32.55333000020638 ], [ -97.174512999710785, 32.555836000163573 ], [ -97.175943999559379, 32.559088999771113 ], [ -97.174183999600643, 32.560372000185758 ], [ -97.173551000509121, 32.562330000166618 ], [ -97.173658000031423, 32.562714999840395 ], [ -97.173743999534494, 32.563258000054304 ], [ -97.173571999976218, 32.563464000313175 ], [ -97.173245999994634, 32.563668999905779 ], [ -97.172811000093077, 32.563704999757014 ], [ -97.17265999947044, 32.563614999796108 ], [ -97.172602999714442, 32.563394000346889 ], [ -97.172248999988895, 32.563284999718974 ], [ -97.172054000010874, 32.563343999804403 ], [ -97.170851000408803, 32.562885000377058 ], [ -97.170706000418548, 32.56358400009664 ], [ -97.164289999713148, 32.564382000202521 ], [ -97.163705999740969, 32.565071000247549 ], [ -97.16498200043219, 32.565516999820247 ], [ -97.164802000128731, 32.565903999586162 ], [ -97.171352000454846, 32.56901700030182 ], [ -97.173978999469625, 32.568503000214534 ], [ -97.175070999766845, 32.569662999692689 ], [ -97.178023999945012, 32.570481000038114 ], [ -97.180602999553088, 32.572564000211734 ], [ -97.18333199951158, 32.576182999984816 ], [ -97.184609000485068, 32.57538100040582 ], [ -97.18922199979491, 32.577857000126826 ] ] ] ] } },
{ "type": "Feature", "properties": { "GEOID": "48439111307", "NAME": "Census Tract 1113.07, Tarrant County, Texas", "variable": "B01003_001", "estimate": 3294, "moe": 507, "coverage_all": 3794.6237, "coverage_na": 2942.5686, "coverage_4050": 280.8358, "coverage_5060": 364.8886, "coverage_6070": 181.7696, "coverage_7080": 24.5611, "coverage_8090": 0.0, "coverage_90": 0.0, "noise4050n": 263.4137, "noise5060n": 317.7297, "noise6070n": 166.3425, "noise7080n": 26.5699, "noise8090n": 0.0, "noise90n": 0.0, "noise4050p": 0.074, "noise5060p": 0.0962, "noise6070p": 0.0479, "noise7080p": 0.0065, "noise8090p": 0.0, "noise90p": 0.0 }, "geometry": { "type": "MultiPolygon", "coordinates": [ [ [ [ -97.160482000523032, 32.591426999655596 ], [ -97.153899000425696, 32.591768999936029 ], [ -97.149897999554568, 32.594385999654421 ], [ -97.14929900020428, 32.594995999911141 ], [ -97.147518999778001, 32.597416999642526 ], [ -97.143861000297349, 32.592986000256992 ], [ -97.138102000120909, 32.586146000165741 ], [ -97.132222999908521, 32.581405999687057 ], [ -97.133151000154697, 32.57494499973199 ], [ -97.137627999794006, 32.576821999573831 ], [ -97.138299000512404, 32.576698000183512 ], [ -97.144023999860352, 32.573644999812124 ], [ -97.162137999503273, 32.590712999639841 ], [ -97.160482000523032, 32.591426999655596 ] ] ] ] } },
{ "type": "Feature", "properties": { "GEOID": "48439111308", "NAME": "Census Tract 1113.08, Tarrant County, Texas", "variable": "B01003_001", "estimate": 2054, "moe": 575, "coverage_all": 3098.9039, "coverage_na": 1374.9155, "coverage_4050": 959.128, "coverage_5060": 633.9403, "coverage_6070": 121.9201, "coverage_7080": 5.0, "coverage_8090": 0.0, "coverage_90": 4.0, "noise4050n": 635.7244, "noise5060n": 420.1851, "noise6070n": 80.8105, "noise7080n": 3.3141, "noise8090n": 0.0, "noise90n": 2.6513, "noise4050p": 0.3095, "noise5060p": 0.2046, "noise6070p": 0.0393, "noise7080p": 0.0016, "noise8090p": 0.0, "noise90p": 0.0013 }, "geometry": { "type": "MultiPolygon", "coordinates": [ [ [ [ -97.144023999860352, 32.573644999812124 ], [ -97.138299000512404, 32.576698000183512 ], [ -97.137627999794006, 32.576821999573831 ], [ -97.133151000154697, 32.57494499973199 ], [ -97.132222999908521, 32.581405999687057 ], [ -97.123542999524233, 32.574652000122995 ], [ -97.119992999952458, 32.57156699972947 ], [ -97.117495999754595, 32.567869999926103 ], [ -97.121462000305172, 32.56618600023095 ], [ -97.130721999519196, 32.565013000386912 ], [ -97.134992000140144, 32.56368999995216 ], [ -97.13616599987769, 32.563388000226425 ], [ -97.137490999798572, 32.563086000119668 ], [ -97.141902000092983, 32.563417000270654 ], [ -97.14161999964999, 32.566568999949297 ], [ -97.142255000181876, 32.569233999843739 ], [ -97.143302999615884, 32.572544000435592 ], [ -97.144023999860352, 32.573644999812124 ] ] ] ] } },
{ "type": "Feature", "properties": { "GEOID": "48439111309", "NAME": "Census Tract 1113.09, Tarrant County, Texas", "variable": "B01003_001", "estimate": 4356, "moe": 414, "coverage_all": 4642.8056, "coverage_na": 2324.6731, "coverage_4050": 1417.0199, "coverage_5060": 728.3567, "coverage_6070": 153.6675, "coverage_7080": 13.0884, "coverage_8090": 2.0, "coverage_90": 4.0, "noise4050n": 1512.0076, "noise5060n": 755.6377, "noise6070n": 206.6992, "noise7080n": 15.6896, "noise8090n": 1.2352, "noise90n": 3.5795, "noise4050p": 0.3052, "noise5060p": 0.1569, "noise6070p": 0.0331, "noise7080p": 0.0028, "noise8090p": 0.0004, "noise90p": 0.0009 }, "geometry": { "type": "MultiPolygon", "coordinates": [ [ [ [ -97.141902000092983, 32.563417000270654 ], [ -97.137490999798572, 32.563086000119668 ], [ -97.13616599987769, 32.563388000226425 ], [ -97.134992000140144, 32.56368999995216 ], [ -97.130721999519196, 32.565013000386912 ], [ -97.121462000305172, 32.56618600023095 ], [ -97.117495999754595, 32.567869999926103 ], [ -97.114446000197887, 32.56102799973246 ], [ -97.109317999499694, 32.549580000359136 ], [ -97.129034000271901, 32.549831999652575 ], [ -97.129896000311604, 32.549807999973801 ], [ -97.131840999589414, 32.550963999865779 ], [ -97.140511000436391, 32.556202999692402 ], [ -97.141800999838622, 32.558118000011369 ], [ -97.142189999962511, 32.559171999700233 ], [ -97.141902000092983, 32.563417000270654 ] ] ] ] } },
{ "type": "Feature", "properties": { "GEOID": "48439111311", "NAME": "Census Tract 1113.11, Tarrant County, Texas", "variable": "B01003_001", "estimate": 7366, "moe": 1019, "coverage_all": 4929.438, "coverage_na": 4487.4966, "coverage_4050": 147.9294, "coverage_5060": 246.6414, "coverage_6070": 47.3707, "coverage_7080": 0.0, "coverage_8090": 0.0, "coverage_90": 0.0, "noise4050n": 240.8003, "noise5060n": 422.342, "noise6070n": 72.898, "noise7080n": 0.0, "noise8090n": 0.0, "noise90n": 0.0, "noise4050p": 0.03, "noise5060p": 0.05, "noise6070p": 0.0096, "noise7080p": 0.0, "noise8090p": 0.0, "noise90p": 0.0 }, "geometry": { "type": "MultiPolygon", "coordinates": [ [ [ [ -97.116416000030668, 32.608227000238081 ], [ -97.10711400032055, 32.612740999587942 ], [ -97.106333999818446, 32.613110000403388 ], [ -97.105818999717656, 32.613350999933651 ], [ -97.101762000265552, 32.607226999980497 ], [ -97.100141000057974, 32.604779000172464 ], [ -97.099474999873038, 32.604463999992085 ], [ -97.099370999696802, 32.604508999642903 ], [ -97.095468000389033, 32.599195000389088 ], [ -97.093743999635777, 32.596600999998998 ], [ -97.090762000263908, 32.598022000333572 ], [ -97.083734000421515, 32.587549000230553 ], [ -97.083098000105693, 32.58656500028809 ], [ -97.082598999907731, 32.585211000027485 ], [ -97.084352000392343, 32.583743999935301 ], [ -97.088739999920833, 32.586261000275968 ], [ -97.091338000141533, 32.586356999806164 ], [ -97.091691999807423, 32.58723099956751 ], [ -97.093465000147006, 32.58827100008395 ], [ -97.094827999926949, 32.58804799961726 ], [ -97.096285000094554, 32.586640999623704 ], [ -97.10055099997895, 32.587231000378281 ], [ -97.101314000392208, 32.586981999682095 ], [ -97.102253999573833, 32.585241999991851 ], [ -97.100652000466781, 32.581859000063119 ], [ -97.102155999689941, 32.580878999955509 ], [ -97.102329000103325, 32.582839999850322 ], [ -97.102657000066387, 32.583857999957978 ], [ -97.103189000070557, 32.585167999746233 ], [ -97.106776000201492, 32.590261999562536 ], [ -97.107344999717654, 32.591697999715947 ], [ -97.107256999772559, 32.593839999998785 ], [ -97.107500000420487, 32.594328999732014 ], [ -97.107593999539105, 32.594461000449719 ], [ -97.110297000200063, 32.598573000323192 ], [ -97.115627000073758, 32.606635999604663 ], [ -97.116641000524012, 32.608123999570751 ], [ -97.116416000030668, 32.608227000238081 ] ] ] ] } },
{ "type": "Feature", "properties": { "GEOID": "48439111312", "NAME": "Census Tract 1113.12, Tarrant County, Texas", "variable": "B01003_001", "estimate": 3361, "moe": 269, "coverage_all": 11726.2982, "coverage_na": 8300.6373, "coverage_4050": 1531.8512, "coverage_5060": 1198.0234, "coverage_6070": 477.5991, "coverage_7080": 210.1872, "coverage_8090": 8.0, "coverage_90": 0.0, "noise4050n": 352.9242, "noise5060n": 282.8152, "noise6070n": 107.3099, "noise7080n": 47.201, "noise8090n": 1.7965, "noise90n": 0.0, "noise4050p": 0.1306, "noise5060p": 0.1022, "noise6070p": 0.0407, "noise7080p": 0.0179, "noise8090p": 0.0007, "noise90p": 0.0 }, "geometry": { "type": "MultiPolygon", "coordinates": [ [ [ [ -97.131926999972706, 32.583332999936189 ], [ -97.131911999569382, 32.583448999564609 ], [ -97.131334999791335, 32.583377999606569 ], [ -97.130224000137645, 32.583664999782215 ], [ -97.120087999853027, 32.588594000041766 ], [ -97.114682999838948, 32.591141000313939 ], [ -97.107593999539105, 32.594461000449719 ], [ -97.107500000420487, 32.594328999732014 ], [ -97.107256999772559, 32.593839999998785 ], [ -97.107344999717654, 32.591697999715947 ], [ -97.106776000201492, 32.590261999562536 ], [ -97.103189000070557, 32.585167999746233 ], [ -97.102657000066387, 32.583857999957978 ], [ -97.102329000103325, 32.582839999850322 ], [ -97.102155999689941, 32.580878999955509 ], [ -97.102309999572924, 32.577214000337328 ], [ -97.101732000149397, 32.576113000033551 ], [ -97.100485000454796, 32.573104999632555 ], [ -97.097504000464085, 32.56852999960315 ], [ -97.093297999783431, 32.570487000061057 ], [ -97.091776999571749, 32.568244000228432 ], [ -97.089686999484726, 32.565163999752848 ], [ -97.089544000054516, 32.564923000340464 ], [ -97.089489000314984, 32.564341999993275 ], [ -97.089742000150636, 32.563321999791732 ], [ -97.089796999520502, 32.562479000200895 ], [ -97.088283999633873, 32.562348000003212 ], [ -97.087416999686525, 32.562138999575787 ], [ -97.08784700004523, 32.560215000395125 ], [ -97.086615000033348, 32.558175000176924 ], [ -97.086024999474361, 32.5524460002677 ], [ -97.085089999559372, 32.549238999884572 ], [ -97.087053999581897, 32.549263000166398 ], [ -97.109317999499694, 32.549580000359136 ], [ -97.114446000197887, 32.56102799973246 ], [ -97.117495999754595, 32.567869999926103 ], [ -97.119992999952458, 32.57156699972947 ], [ -97.123542999524233, 32.574652000122995 ], [ -97.132222999908521, 32.581405999687057 ], [ -97.131926999972706, 32.583332999936189 ] ] ] ] } },
{ "type": "Feature", "properties": { "GEOID": "48439111314", "NAME": "Census Tract 1113.14, Tarrant County, Texas", "variable": "B01003_001", "estimate": 8133, "moe": 1411, "coverage_all": 5777.7022, "coverage_na": 4695.7408, "coverage_4050": 521.5711, "coverage_5060": 450.0063, "coverage_6070": 96.0474, "coverage_7080": 13.3367, "coverage_8090": 1.0, "coverage_90": 0.0, "noise4050n": 611.4299, "noise5060n": 570.2812, "noise6070n": 96.4301, "noise7080n": 13.3669, "noise8090n": 1.0023, "noise90n": 0.0, "noise4050p": 0.0903, "noise5060p": 0.0779, "noise6070p": 0.0166, "noise7080p": 0.0023, "noise8090p": 0.0002, "noise90p": 0.0 }, "geometry": { "type": "MultiPolygon", "coordinates": [ [ [ [ -97.087416999686525, 32.562138999575787 ], [ -97.082454000387017, 32.558981999900567 ], [ -97.077046999726193, 32.559743999903851 ], [ -97.076184999982701, 32.558841999838045 ], [ -97.076726999650973, 32.562011999632333 ], [ -97.073620000219108, 32.562404999580764 ], [ -97.071886999602214, 32.563805000118101 ], [ -97.071489000448111, 32.56277300030689 ], [ -97.070121000471801, 32.563649000130532 ], [ -97.069666999698953, 32.564968000240597 ], [ -97.071099999814322, 32.565128000430995 ], [ -97.069520000317766, 32.566771999859498 ], [ -97.065972000183862, 32.566651000350092 ], [ -97.063979000422506, 32.566550000101955 ], [ -97.061267999752602, 32.565375999575053 ], [ -97.05754299949588, 32.566008999712444 ], [ -97.05445899975156, 32.563933000441601 ], [ -97.053391000413001, 32.56397499978344 ], [ -97.053348999572648, 32.563973999700281 ], [ -97.053350000185148, 32.56365099968135 ], [ -97.049020999572377, 32.563045999578257 ], [ -97.048397999761491, 32.561249999977349 ], [ -97.046801000452419, 32.560015000223956 ], [ -97.047840000461051, 32.558528000348744 ], [ -97.052827000165422, 32.55658299976421 ], [ -97.053913000177815, 32.55561399957832 ], [ -97.055381000418066, 32.552420000062135 ], [ -97.054994000534379, 32.550568000332731 ], [ -97.053549999721866, 32.550285999561119 ], [ -97.052716999666913, 32.54884000006868 ], [ -97.058827000259029, 32.548914999569249 ], [ -97.065179000483667, 32.548993999575416 ], [ -97.066916999527109, 32.549015000408758 ], [ -97.077909999988591, 32.549150999557767 ], [ -97.085089999559372, 32.549238999884572 ], [ -97.086024999474361, 32.5524460002677 ], [ -97.086615000033348, 32.558175000176924 ], [ -97.08784700004523, 32.560215000395125 ], [ -97.087416999686525, 32.562138999575787 ] ] ] ] } },
{ "type": "Feature", "properties": { "GEOID": "48439111315", "NAME": "Census Tract 1113.15, Tarrant County, Texas", "variable": "B01003_001", "estimate": 4413, "moe": 538, "coverage_all": 2689.6189, "coverage_na": 2437.5071, "coverage_4050": 144.0643, "coverage_5060": 87.7977, "coverage_6070": 20.2498, "coverage_7080": 0.0, "coverage_8090": 0.0, "coverage_90": 0.0, "noise4050n": 245.8381, "noise5060n": 163.0613, "noise6070n": 36.5243, "noise7080n": 0.0, "noise8090n": 0.0, "noise90n": 0.0, "noise4050p": 0.0536, "noise5060p": 0.0326, "noise6070p": 0.0075, "noise7080p": 0.0, "noise8090p": 0.0, "noise90p": 0.0 }, "geometry": { "type": "MultiPolygon", "coordinates": [ [ [ [ -97.101762000265552, 32.607226999980497 ], [ -97.09690000040176, 32.605434999649653 ], [ -97.093985000316096, 32.604776000405735 ], [ -97.093559999499732, 32.604667000241982 ], [ -97.091157000015983, 32.604050999938543 ], [ -97.089420999500433, 32.604103000353398 ], [ -97.081911999750801, 32.60618899969738 ], [ -97.078920999670217, 32.608699999842052 ], [ -97.078381000351882, 32.609050000133642 ], [ -97.077757999983021, 32.606464999701302 ], [ -97.078771999811096, 32.590164999603353 ], [ -97.080468000098463, 32.589958000019813 ], [ -97.081067999788544, 32.589567999996397 ], [ -97.082736000277279, 32.588783000059337 ], [ -97.083253000220211, 32.588249000125586 ], [ -97.08309600006622, 32.58676900040215 ], [ -97.083734000421515, 32.587549000230553 ], [ -97.090762000263908, 32.598022000333572 ], [ -97.093743999635777, 32.596600999998998 ], [ -97.095468000389033, 32.599195000389088 ], [ -97.099370999696802, 32.604508999642903 ], [ -97.099474999873038, 32.604463999992085 ], [ -97.100141000057974, 32.604779000172464 ], [ -97.101762000265552, 32.607226999980497 ] ] ] ] } },
{ "type": "Feature", "properties": { "GEOID": "48439111316", "NAME": "Census Tract 1113.16, Tarrant County, Texas", "variable": "B01003_001", "estimate": 6683, "moe": 799, "coverage_all": 4556.2977, "coverage_na": 2551.8572, "coverage_4050": 1705.2764, "coverage_5060": 218.5649, "coverage_6070": 80.5992, "coverage_7080": 0.0, "coverage_8090": 0.0, "coverage_90": 0.0, "noise4050n": 1766.096, "noise5060n": 302.9294, "noise6070n": 123.7151, "noise7080n": 0.0, "noise8090n": 0.0, "noise90n": 0.0, "noise4050p": 0.3743, "noise5060p": 0.048, "noise6070p": 0.0177, "noise7080p": 0.0, "noise8090p": 0.0, "noise90p": 0.0 }, "geometry": { "type": "MultiPolygon", "coordinates": [ [ [ [ -97.105818999717656, 32.613350999933651 ], [ -97.099741999815947, 32.616428999715168 ], [ -97.099434999874774, 32.616874999563208 ], [ -97.09890299997231, 32.618464999703576 ], [ -97.098545000284616, 32.619612999983076 ], [ -97.098520999600808, 32.623304999836847 ], [ -97.097538000479673, 32.623666000334822 ], [ -97.087076999585562, 32.628618000102371 ], [ -97.083410999965579, 32.622959999561715 ], [ -97.082864000454549, 32.619877999975017 ], [ -97.082445000006246, 32.615081999785261 ], [ -97.082844000093885, 32.613550999573448 ], [ -97.081728999697305, 32.612906000433512 ], [ -97.078920999670217, 32.608699999842052 ], [ -97.081911999750801, 32.60618899969738 ], [ -97.089420999500433, 32.604103000353398 ], [ -97.091157000015983, 32.604050999938543 ], [ -97.093559999499732, 32.604667000241982 ], [ -97.093985000316096, 32.604776000405735 ], [ -97.09690000040176, 32.605434999649653 ], [ -97.101762000265552, 32.607226999980497 ], [ -97.105818999717656, 32.613350999933651 ] ] ] ] } },
{ "type": "Feature", "properties": { "GEOID": "48439111317", "NAME": "Census Tract 1113.17, Tarrant County, Texas", "variable": "B01003_001", "estimate": 4517, "moe": 851, "coverage_all": 27660.2606, "coverage_na": 26519.5173, "coverage_4050": 603.9736, "coverage_5060": 460.7343, "coverage_6070": 76.0187, "coverage_7080": 0.0167, "coverage_8090": 0.0, "coverage_90": 0.0, "noise4050n": 94.1323, "noise5060n": 79.7291, "noise6070n": 12.0171, "noise7080n": 0.0029, "noise8090n": 0.0, "noise90n": 0.0, "noise4050p": 0.0218, "noise5060p": 0.0167, "noise6070p": 0.0027, "noise7080p": 6.0467e-07, "noise8090p": 0.0, "noise90p": 0.0 }, "geometry": { "type": "MultiPolygon", "coordinates": [ [ [ [ -97.26493199998886, 32.603218000385887 ], [ -97.261965999897512, 32.604143000219047 ], [ -97.261075000524841, 32.606520999581733 ], [ -97.259450999667877, 32.607145000027344 ], [ -97.258084000104333, 32.608617000337659 ], [ -97.256779999764689, 32.611175000045662 ], [ -97.257413999597631, 32.615763999637998 ], [ -97.256624000266214, 32.616449999581548 ], [ -97.25704999974991, 32.618343000336928 ], [ -97.256345999950099, 32.619431000407332 ], [ -97.256738000093179, 32.621420000049007 ], [ -97.255263999776091, 32.623376000127585 ], [ -97.253989000038189, 32.623793000391885 ], [ -97.25271200014727, 32.623676000048036 ], [ -97.252740000485232, 32.611024000367472 ], [ -97.252645999803534, 32.610543000427391 ], [ -97.236595000199188, 32.610388000231588 ], [ -97.234384000004965, 32.610249000266485 ], [ -97.234283999523782, 32.610193000009232 ], [ -97.234050000114735, 32.6094670004438 ], [ -97.233791000318817, 32.608888000167809 ], [ -97.232462000202517, 32.607514000319838 ], [ -97.232910000241731, 32.592175999789262 ], [ -97.23277600045239, 32.590195999575954 ], [ -97.232929999556802, 32.576183000369667 ], [ -97.226645000394115, 32.576128999787677 ], [ -97.220069999615404, 32.576356000240068 ], [ -97.218828000245608, 32.576350999716269 ], [ -97.216902999847946, 32.575938000403944 ], [ -97.215778999604098, 32.575309999651225 ], [ -97.213984000522885, 32.574454000165289 ], [ -97.211296999848685, 32.574219999594121 ], [ -97.205765000007304, 32.573969000306548 ], [ -97.204876999862478, 32.574149000251829 ], [ -97.199272000330637, 32.576379999856904 ], [ -97.196129000052423, 32.577001999851767 ], [ -97.191269000266942, 32.577033000249564 ], [ -97.18922199979491, 32.577857000126826 ], [ -97.184609000485068, 32.57538100040582 ], [ -97.18333199951158, 32.576182999984816 ], [ -97.180602999553088, 32.572564000211734 ], [ -97.178023999945012, 32.570481000038114 ], [ -97.175070999766845, 32.569662999692689 ], [ -97.173978999469625, 32.568503000214534 ], [ -97.171352000454846, 32.56901700030182 ], [ -97.164802000128731, 32.565903999586162 ], [ -97.16498200043219, 32.565516999820247 ], [ -97.163705999740969, 32.565071000247549 ], [ -97.164289999713148, 32.564382000202521 ], [ -97.170706000418548, 32.56358400009664 ], [ -97.170851000408803, 32.562885000377058 ], [ -97.172054000010874, 32.563343999804403 ], [ -97.172248999988895, 32.563284999718974 ], [ -97.172602999714442, 32.563394000346889 ], [ -97.17265999947044, 32.563614999796108 ], [ -97.172811000093077, 32.563704999757014 ], [ -97.173245999994634, 32.563668999905779 ], [ -97.173571999976218, 32.563464000313175 ], [ -97.173743999534494, 32.563258000054304 ], [ -97.173658000031423, 32.562714999840395 ], [ -97.173551000509121, 32.562330000166618 ], [ -97.174183999600643, 32.560372000185758 ], [ -97.175943999559379, 32.559088999771113 ], [ -97.174512999710785, 32.555836000163573 ], [ -97.176519000479843, 32.55333000020638 ], [ -97.177003999672607, 32.550725999678818 ], [ -97.177039999522151, 32.550645999679759 ], [ -97.20553699971768, 32.551030999920833 ], [ -97.209236999723373, 32.551090000140547 ], [ -97.210853000514717, 32.551115999645617 ], [ -97.232798999599552, 32.551484000433639 ], [ -97.236436999787472, 32.551552000088726 ], [ -97.237122999724292, 32.551656000131331 ], [ -97.237408999473743, 32.551699999719894 ], [ -97.237527000144411, 32.552162999740204 ], [ -97.241688999848776, 32.558441999685627 ], [ -97.241742000137037, 32.558656000363719 ], [ -97.241691999799826, 32.565012000390588 ], [ -97.241661000537334, 32.570394000399922 ], [ -97.241481999663279, 32.579898000381554 ], [ -97.241462999628126, 32.582694999941751 ], [ -97.241500000257375, 32.582830999676531 ], [ -97.242319999892899, 32.583896999565901 ], [ -97.249860999650735, 32.58870400006527 ], [ -97.25197799956014, 32.591042000195742 ], [ -97.263149000156758, 32.600042999912333 ], [ -97.263353999498619, 32.600292999617231 ], [ -97.26493199998886, 32.603218000385887 ] ] ] ] } },
{ "type": "Feature", "properties": { "GEOID": "48439111318", "NAME": "Census Tract 1113.18, Tarrant County, Texas", "variable": "B01003_001", "estimate": 5965, "moe": 1063, "coverage_all": 20487.6223, "coverage_na": 17949.0078, "coverage_4050": 1323.3452, "coverage_5060": 843.2716, "coverage_6070": 320.0145, "coverage_7080": 38.9833, "coverage_8090": 12.0, "coverage_90": 1.0, "noise4050n": 579.004, "noise5060n": 341.3709, "noise6070n": 105.1131, "noise7080n": 14.6608, "noise8090n": 4.0497, "noise90n": 0.4288, "noise4050p": 0.0646, "noise5060p": 0.0412, "noise6070p": 0.0156, "noise7080p": 0.0019, "noise8090p": 0.0006, "noise90p": 0.0 }, "geometry": { "type": "MultiPolygon", "coordinates": [ [ [ [ -97.23277600045239, 32.590195999575954 ], [ -97.232910000241731, 32.592175999789262 ], [ -97.232462000202517, 32.607514000319838 ], [ -97.231094000176256, 32.606952000032635 ], [ -97.222029000355519, 32.607088000192412 ], [ -97.22101900007867, 32.607085999716247 ], [ -97.220140000419406, 32.607081000206016 ], [ -97.215368999534519, 32.607049000317112 ], [ -97.20793299949419, 32.607036000041845 ], [ -97.201378000339574, 32.606839999582114 ], [ -97.198223000126461, 32.605370000351776 ], [ -97.19303799997607, 32.605364999909256 ], [ -97.185533000292892, 32.608869999676173 ], [ -97.184955000157075, 32.60919499982063 ], [ -97.182130999784334, 32.607998000325296 ], [ -97.178386000438493, 32.605426999686031 ], [ -97.166941000470089, 32.588414000194135 ], [ -97.179765000381408, 32.582378000221183 ], [ -97.18244499950633, 32.581108000059153 ], [ -97.18922199979491, 32.577857000126826 ], [ -97.191269000266942, 32.577033000249564 ], [ -97.196129000052423, 32.577001999851767 ], [ -97.199272000330637, 32.576379999856904 ], [ -97.204876999862478, 32.574149000251829 ], [ -97.205765000007304, 32.573969000306548 ], [ -97.211296999848685, 32.574219999594121 ], [ -97.213984000522885, 32.574454000165289 ], [ -97.215778999604098, 32.575309999651225 ], [ -97.216902999847946, 32.575938000403944 ], [ -97.218828000245608, 32.576350999716269 ], [ -97.220069999615404, 32.576356000240068 ], [ -97.226645000394115, 32.576128999787677 ], [ -97.232929999556802, 32.576183000369667 ], [ -97.23277600045239, 32.590195999575954 ] ] ] ] } },
{ "type": "Feature", "properties": { "GEOID": "48439111319", "NAME": "Census Tract 1113.19, Tarrant County, Texas", "variable": "B01003_001", "estimate": 8482, "moe": 1759, "coverage_all": 10511.099, "coverage_na": 9578.447, "coverage_4050": 294.0313, "coverage_5060": 496.7823, "coverage_6070": 140.8384, "coverage_7080": 1.0, "coverage_8090": 0.0, "coverage_90": 0.0, "noise4050n": 242.7267, "noise5060n": 408.243, "noise6070n": 116.9134, "noise7080n": 0.8267, "noise8090n": 0.0, "noise90n": 0.0, "noise4050p": 0.028, "noise5060p": 0.0473, "noise6070p": 0.0134, "noise7080p": 0.0001, "noise8090p": 0.0, "noise90p": 0.0 }, "geometry": { "type": "MultiPolygon", "coordinates": [ [ [ [ -97.102155999689941, 32.580878999955509 ], [ -97.100652000466781, 32.581859000063119 ], [ -97.102253999573833, 32.585241999991851 ], [ -97.101314000392208, 32.586981999682095 ], [ -97.10055099997895, 32.587231000378281 ], [ -97.096285000094554, 32.586640999623704 ], [ -97.094827999926949, 32.58804799961726 ], [ -97.093465000147006, 32.58827100008395 ], [ -97.091691999807423, 32.58723099956751 ], [ -97.091338000141533, 32.586356999806164 ], [ -97.088739999920833, 32.586261000275968 ], [ -97.084352000392343, 32.583743999935301 ], [ -97.082598999907731, 32.585211000027485 ], [ -97.083098000105693, 32.58656500028809 ], [ -97.083734000421515, 32.587549000230553 ], [ -97.08309600006622, 32.58676900040215 ], [ -97.083253000220211, 32.588249000125586 ], [ -97.082736000277279, 32.588783000059337 ], [ -97.081067999788544, 32.589567999996397 ], [ -97.080468000098463, 32.589958000019813 ], [ -97.078771999811096, 32.590164999603353 ], [ -97.078725999771223, 32.590169000063717 ], [ -97.078516000390721, 32.590186999907274 ], [ -97.078751999765757, 32.586739999674819 ], [ -97.078877999579959, 32.586086000175335 ], [ -97.079071999586617, 32.585563000207635 ], [ -97.080519000101717, 32.583579999802097 ], [ -97.077076000145283, 32.581695999948664 ], [ -97.076853000192031, 32.581662000436843 ], [ -97.076432000028106, 32.581230000149176 ], [ -97.075958000245095, 32.580560000315621 ], [ -97.075581999985388, 32.57995299991174 ], [ -97.075443999613285, 32.579689000361796 ], [ -97.071648999731295, 32.580175000029357 ], [ -97.062414000393545, 32.584505999950537 ], [ -97.061338999910191, 32.584980999716294 ], [ -97.05762499986524, 32.578651000260827 ], [ -97.055262000144893, 32.575167000146571 ], [ -97.054743000296028, 32.574698999926554 ], [ -97.054538999577517, 32.5747779996303 ], [ -97.053430999784325, 32.573722999768016 ], [ -97.053347000400194, 32.573426999738416 ], [ -97.053348999572648, 32.563973999700281 ], [ -97.053391000413001, 32.56397499978344 ], [ -97.05445899975156, 32.563933000441601 ], [ -97.05754299949588, 32.566008999712444 ], [ -97.061267999752602, 32.565375999575053 ], [ -97.063979000422506, 32.566550000101955 ], [ -97.065972000183862, 32.566651000350092 ], [ -97.069520000317766, 32.566771999859498 ], [ -97.071099999814322, 32.565128000430995 ], [ -97.069666999698953, 32.564968000240597 ], [ -97.070121000471801, 32.563649000130532 ], [ -97.071489000448111, 32.56277300030689 ], [ -97.071886999602214, 32.563805000118101 ], [ -97.073620000219108, 32.562404999580764 ], [ -97.076726999650973, 32.562011999632333 ], [ -97.076184999982701, 32.558841999838045 ], [ -97.077046999726193, 32.559743999903851 ], [ -97.082454000387017, 32.558981999900567 ], [ -97.087416999686525, 32.562138999575787 ], [ -97.088283999633873, 32.562348000003212 ], [ -97.089796999520502, 32.562479000200895 ], [ -97.089742000150636, 32.563321999791732 ], [ -97.089489000314984, 32.564341999993275 ], [ -97.089544000054516, 32.564923000340464 ], [ -97.089686999484726, 32.565163999752848 ], [ -97.091776999571749, 32.568244000228432 ], [ -97.093297999783431, 32.570487000061057 ], [ -97.097504000464085, 32.56852999960315 ], [ -97.100485000454796, 32.573104999632555 ], [ -97.101732000149397, 32.576113000033551 ], [ -97.102309999572924, 32.577214000337328 ], [ -97.102155999689941, 32.580878999955509 ] ] ] ] } },
{ "type": "Feature", "properties": { "GEOID": "48439111320", "NAME": "Census Tract 1113.20, Tarrant County, Texas", "variable": "B01003_001", "estimate": 4584, "moe": 568, "coverage_all": 7540.1734, "coverage_na": 7264.8116, "coverage_4050": 66.3205, "coverage_5060": 209.0413, "coverage_6070": 0.0, "coverage_7080": 0.0, "coverage_8090": 0.0, "coverage_90": 0.0, "noise4050n": 40.3191, "noise5060n": 127.0853, "noise6070n": 0.0, "noise7080n": 0.0, "noise8090n": 0.0, "noise90n": 0.0, "noise4050p": 0.0088, "noise5060p": 0.0277, "noise6070p": 0.0, "noise7080p": 0.0, "noise8090p": 0.0, "noise90p": 0.0 }, "geometry": { "type": "MultiPolygon", "coordinates": [ [ [ [ -97.059870999797866, 32.585923999797139 ], [ -97.057034000284872, 32.586852000100016 ], [ -97.054890999574212, 32.588582000411712 ], [ -97.049770999918948, 32.590514000347454 ], [ -97.044763000311576, 32.591964000138219 ], [ -97.040449000510392, 32.5854819998696 ], [ -97.040071000470135, 32.585315000062891 ], [ -97.038066999769867, 32.586287999572541 ], [ -97.038290999971082, 32.573358999913083 ], [ -97.038404999863559, 32.566768000383483 ], [ -97.038523000317028, 32.559997999754664 ], [ -97.038684999486335, 32.548665999754739 ], [ -97.044529000525444, 32.5487399996289 ], [ -97.049831000245433, 32.548804000043695 ], [ -97.052716999666913, 32.54884000006868 ], [ -97.053549999721866, 32.550285999561119 ], [ -97.054994000534379, 32.550568000332731 ], [ -97.055381000418066, 32.552420000062135 ], [ -97.053913000177815, 32.55561399957832 ], [ -97.052827000165422, 32.55658299976421 ], [ -97.047840000461051, 32.558528000348744 ], [ -97.046801000452419, 32.560015000223956 ], [ -97.048397999761491, 32.561249999977349 ], [ -97.049020999572377, 32.563045999578257 ], [ -97.053350000185148, 32.56365099968135 ], [ -97.053348999572648, 32.563973999700281 ], [ -97.053347000400194, 32.573426999738416 ], [ -97.053430999784325, 32.573722999768016 ], [ -97.054538999577517, 32.5747779996303 ], [ -97.054743000296028, 32.574698999926554 ], [ -97.055262000144893, 32.575167000146571 ], [ -97.05762499986524, 32.578651000260827 ], [ -97.061338999910191, 32.584980999716294 ], [ -97.059870999797866, 32.585923999797139 ] ] ] ] } },
{ "type": "Feature", "properties": { "GEOID": "48439111402", "NAME": "Census Tract 1114.02, Tarrant County, Texas", "variable": "B01003_001", "estimate": 6933, "moe": 1374, "coverage_all": 3977.7515, "coverage_na": 3330.5369, "coverage_4050": 304.097, "coverage_5060": 221.0254, "coverage_6070": 69.1342, "coverage_7080": 44.8487, "coverage_8090": 8.1093, "coverage_90": 0.0, "noise4050n": 582.438, "noise5060n": 304.6925, "noise6070n": 84.1496, "noise7080n": 54.9324, "noise8090n": 9.793, "noise90n": 0.0, "noise4050p": 0.0764, "noise5060p": 0.0556, "noise6070p": 0.0174, "noise7080p": 0.0113, "noise8090p": 0.002, "noise90p": 0.0 }, "geometry": { "type": "MultiPolygon", "coordinates": [ [ [ [ -97.184495000375861, 32.646253999594819 ], [ -97.183227999850345, 32.646719999718663 ], [ -97.183203999736094, 32.649261999774836 ], [ -97.179457999701754, 32.649228999891861 ], [ -97.175545999500272, 32.649201999911647 ], [ -97.171102999723487, 32.649136000382214 ], [ -97.166943999575381, 32.648988999869673 ], [ -97.166165999701576, 32.648815000155146 ], [ -97.15802199956191, 32.648602999699584 ], [ -97.158124999677611, 32.641550000176544 ], [ -97.158127999568663, 32.640121000426603 ], [ -97.158294000235855, 32.634253999648372 ], [ -97.170577999497809, 32.634558000047626 ], [ -97.171129000455153, 32.634251000254395 ], [ -97.17115599996032, 32.633740000397012 ], [ -97.172946000209137, 32.634056000092379 ], [ -97.176441000303299, 32.633476999879349 ], [ -97.182465000303381, 32.642508999945626 ], [ -97.184958000374905, 32.646254000310705 ], [ -97.184495000375861, 32.646253999594819 ] ] ] ] } },
{ "type": "Feature", "properties": { "GEOID": "48439111405", "NAME": "Census Tract 1114.05, Tarrant County, Texas", "variable": "B01003_001", "estimate": 2489, "moe": 392, "coverage_all": 19764.6497, "coverage_na": 16003.348, "coverage_4050": 1936.0687, "coverage_5060": 1417.9595, "coverage_6070": 306.7214, "coverage_7080": 60.5521, "coverage_8090": 35.0, "coverage_90": 5.0, "noise4050n": 296.625, "noise5060n": 241.489, "noise6070n": 66.0794, "noise7080n": 6.425, "noise8090n": 5.2893, "noise90n": 0.3997, "noise4050p": 0.098, "noise5060p": 0.0717, "noise6070p": 0.0155, "noise7080p": 0.0031, "noise8090p": 0.0018, "noise90p": 0.0003 }, "geometry": { "type": "MultiPolygon", "coordinates": [ [ [ [ -97.253989000038189, 32.623793000391885 ], [ -97.25126400016967, 32.624656999847211 ], [ -97.249013999978558, 32.62636199958704 ], [ -97.248188999892562, 32.625880999601691 ], [ -97.247748999911735, 32.630397000332557 ], [ -97.246321999878617, 32.629782000066058 ], [ -97.246079000519686, 32.631655999937955 ], [ -97.243908999613609, 32.631510000054611 ], [ -97.243053000149445, 32.63168599981681 ], [ -97.243469999640482, 32.635509000374633 ], [ -97.241313000206773, 32.636753999810622 ], [ -97.240076999816011, 32.63690999980934 ], [ -97.239672000044166, 32.637777000388311 ], [ -97.242175000195374, 32.638437999669186 ], [ -97.242716000408663, 32.642032000079674 ], [ -97.243908000097008, 32.642093999719158 ], [ -97.244574999628725, 32.642528000442262 ], [ -97.247618000263145, 32.645530000265886 ], [ -97.248312000131705, 32.64671499960275 ], [ -97.247741000161426, 32.649025000373761 ], [ -97.244300999802732, 32.650553999756937 ], [ -97.24391500020505, 32.651153000025047 ], [ -97.243829000098629, 32.652769000032094 ], [ -97.242495000348526, 32.65451100039342 ], [ -97.241629000190656, 32.65491300011869 ], [ -97.241501999992664, 32.65497199973273 ], [ -97.237573999567743, 32.657240999715285 ], [ -97.235516999649121, 32.659989999689699 ], [ -97.237894000324502, 32.662238999839666 ], [ -97.238662000503382, 32.66296400030059 ], [ -97.239838000188428, 32.664232000156737 ], [ -97.241009999583156, 32.665087000340343 ], [ -97.241366000058065, 32.665348000336863 ], [ -97.238559000386942, 32.667425000233301 ], [ -97.233326999561527, 32.668126000410197 ], [ -97.231707999882801, 32.668076000100449 ], [ -97.23148299950212, 32.668074000074164 ], [ -97.223359000222075, 32.667956999892688 ], [ -97.223387999781082, 32.666971999693274 ], [ -97.223628999479217, 32.661831999909872 ], [ -97.224451999590372, 32.660792999702259 ], [ -97.225526999704414, 32.659874000035394 ], [ -97.225611999946125, 32.659797999993025 ], [ -97.225867000099356, 32.659540000300019 ], [ -97.226047000261801, 32.659345000399391 ], [ -97.226079999583931, 32.651105999989852 ], [ -97.224750999878083, 32.649866999734172 ], [ -97.221392000262966, 32.646676000315729 ], [ -97.220594000067493, 32.645930000158458 ], [ -97.205963999691335, 32.632120000426177 ], [ -97.205103999858665, 32.631316000386541 ], [ -97.202762000058556, 32.629095000129496 ], [ -97.200753999744975, 32.627203999970916 ], [ -97.194747999557364, 32.621510000391318 ], [ -97.192465000493215, 32.619318000028414 ], [ -97.195980999731475, 32.619422000403489 ], [ -97.20133199985213, 32.619422000080164 ], [ -97.201734999488295, 32.620323000027994 ], [ -97.201729000224148, 32.621685000437722 ], [ -97.202837999806462, 32.621685999614918 ], [ -97.220945999992637, 32.621771000254988 ], [ -97.220956999934415, 32.621046999999166 ], [ -97.221005999474841, 32.612310999607935 ], [ -97.221009000137329, 32.611444000062363 ], [ -97.22101900007867, 32.607085999716247 ], [ -97.222029000355519, 32.607088000192412 ], [ -97.231094000176256, 32.606952000032635 ], [ -97.232462000202517, 32.607514000319838 ], [ -97.233791000318817, 32.608888000167809 ], [ -97.234050000114735, 32.6094670004438 ], [ -97.234283999523782, 32.610193000009232 ], [ -97.234384000004965, 32.610249000266485 ], [ -97.236595000199188, 32.610388000231588 ], [ -97.252645999803534, 32.610543000427391 ], [ -97.252740000485232, 32.611024000367472 ], [ -97.25271200014727, 32.623676000048036 ], [ -97.253989000038189, 32.623793000391885 ] ] ] ] } },
{ "type": "Feature", "properties": { "GEOID": "48439111406", "NAME": "Census Tract 1114.06, Tarrant County, Texas", "variable": "B01003_001", "estimate": 4304, "moe": 557, "coverage_all": 8169.7359, "coverage_na": 7077.8763, "coverage_4050": 363.8498, "coverage_5060": 457.7219, "coverage_6070": 172.4835, "coverage_7080": 96.8044, "coverage_8090": 1.0, "coverage_90": 0.0, "noise4050n": 231.0023, "noise5060n": 274.3467, "noise6070n": 125.8203, "noise7080n": 89.5479, "noise8090n": 0.9299, "noise90n": 0.0, "noise4050p": 0.0445, "noise5060p": 0.056, "noise6070p": 0.0211, "noise7080p": 0.0118, "noise8090p": 0.0001, "noise90p": 0.0 }, "geometry": { "type": "MultiPolygon", "coordinates": [ [ [ [ -97.18098399951316, 32.608526999948488 ], [ -97.170549000452795, 32.6137050000114 ], [ -97.1695430002015, 32.613963999597892 ], [ -97.161188000088046, 32.614012999779519 ], [ -97.160828000176295, 32.614014999559245 ], [ -97.154713999671515, 32.613994999712091 ], [ -97.154671999673241, 32.616148999670919 ], [ -97.152112999784123, 32.616107000171311 ], [ -97.150266999736985, 32.616218999781047 ], [ -97.13975300005221, 32.616014000187647 ], [ -97.139855999810734, 32.61593799970467 ], [ -97.141719000034399, 32.613079000357729 ], [ -97.142242000053557, 32.611598000074373 ], [ -97.142368000356598, 32.61106299967993 ], [ -97.144462000168659, 32.602555999955179 ], [ -97.145246999577537, 32.600598999927875 ], [ -97.147286000050144, 32.597697000330172 ], [ -97.147518999778001, 32.597416999642526 ], [ -97.14929900020428, 32.594995999911141 ], [ -97.149897999554568, 32.594385999654421 ], [ -97.153899000425696, 32.591768999936029 ], [ -97.160482000523032, 32.591426999655596 ], [ -97.162137999503273, 32.590712999639841 ], [ -97.166941000470089, 32.588414000194135 ], [ -97.178386000438493, 32.605426999686031 ], [ -97.182130999784334, 32.607998000325296 ], [ -97.18098399951316, 32.608526999948488 ] ] ] ] } },
{ "type": "Feature", "properties": { "GEOID": "48439111407", "NAME": "Census Tract 1114.07, Tarrant County, Texas", "variable": "B01003_001", "estimate": 3447, "moe": 418, "coverage_all": 5947.3622, "coverage_na": 5298.3, "coverage_4050": 235.1638, "coverage_5060": 282.4602, "coverage_6070": 82.6103, "coverage_7080": 48.2427, "coverage_8090": 0.5852, "coverage_90": 0.0, "noise4050n": 126.6215, "noise5060n": 159.0495, "noise6070n": 42.9967, "noise7080n": 17.8404, "noise8090n": 0.2164, "noise90n": 0.0, "noise4050p": 0.0395, "noise5060p": 0.0475, "noise6070p": 0.0139, "noise7080p": 0.0081, "noise8090p": 0.0001, "noise90p": 0.0 }, "geometry": { "type": "MultiPolygon", "coordinates": [ [ [ [ -97.171176999644914, 32.627577999761421 ], [ -97.171175000004752, 32.629206000394021 ], [ -97.169660999857015, 32.62918799992778 ], [ -97.16709499951827, 32.627042999973789 ], [ -97.166577999962328, 32.626802999641754 ], [ -97.153976999853725, 32.626911000417117 ], [ -97.142197000497845, 32.626856999817456 ], [ -97.143686999865977, 32.631029999645705 ], [ -97.143261000065479, 32.634394000023654 ], [ -97.141287000402613, 32.637230000215709 ], [ -97.141132000072901, 32.640382999775376 ], [ -97.142622999528911, 32.641772999849998 ], [ -97.142904000007249, 32.643777000300425 ], [ -97.142366000132853, 32.644561999722065 ], [ -97.14604499979977, 32.64762899957114 ], [ -97.146362000007031, 32.648849999658111 ], [ -97.141337000415234, 32.64847100036426 ], [ -97.134251999962657, 32.648570000269146 ], [ -97.133524000335001, 32.645586000233855 ], [ -97.133467999504845, 32.644937000208074 ], [ -97.133493999488863, 32.644382000119379 ], [ -97.13560800018378, 32.634419000400406 ], [ -97.135967999551411, 32.632511000314338 ], [ -97.136034999622396, 32.62690000022755 ], [ -97.136115999708636, 32.624932999610941 ], [ -97.137906000195343, 32.619221000183622 ], [ -97.13975300005221, 32.616014000187647 ], [ -97.150266999736985, 32.616218999781047 ], [ -97.152112999784123, 32.616107000171311 ], [ -97.154671999673241, 32.616148999670919 ], [ -97.154713999671515, 32.613994999712091 ], [ -97.160828000176295, 32.614014999559245 ], [ -97.171217000165512, 32.62659800031004 ], [ -97.171176999644914, 32.627577999761421 ] ] ] ] } },
{ "type": "Feature", "properties": { "GEOID": "48439111408", "NAME": "Census Tract 1114.08, Tarrant County, Texas", "variable": "B01003_001", "estimate": 4102, "moe": 596, "coverage_all": 13262.8107, "coverage_na": 10759.493, "coverage_4050": 1372.5178, "coverage_5060": 870.9965, "coverage_6070": 173.7622, "coverage_7080": 78.7763, "coverage_8090": 7.2649, "coverage_90": 0.0, "noise4050n": 401.508, "noise5060n": 298.9061, "noise6070n": 80.8379, "noise7080n": 34.8338, "noise8090n": 3.4233, "noise90n": 0.0, "noise4050p": 0.1035, "noise5060p": 0.0657, "noise6070p": 0.0131, "noise7080p": 0.0059, "noise8090p": 0.0005, "noise90p": 0.0 }, "geometry": { "type": "MultiPolygon", "coordinates": [ [ [ [ -97.221009000137329, 32.611444000062363 ], [ -97.221005999474841, 32.612310999607935 ], [ -97.220956999934415, 32.621046999999166 ], [ -97.220945999992637, 32.621771000254988 ], [ -97.202837999806462, 32.621685999614918 ], [ -97.201729000224148, 32.621685000437722 ], [ -97.201734999488295, 32.620323000027994 ], [ -97.20133199985213, 32.619422000080164 ], [ -97.195980999731475, 32.619422000403489 ], [ -97.192465000493215, 32.619318000028414 ], [ -97.194747999557364, 32.621510000391318 ], [ -97.200753999744975, 32.627203999970916 ], [ -97.200646999816456, 32.627323000209749 ], [ -97.200064999565669, 32.629289000310628 ], [ -97.199633999644391, 32.630206000092812 ], [ -97.199634999735991, 32.630256999869793 ], [ -97.196633999932104, 32.630341000428778 ], [ -97.196635999481543, 32.631529999641323 ], [ -97.194546000120852, 32.631615000105249 ], [ -97.192939000219866, 32.631177000120026 ], [ -97.192932000293652, 32.633189999907422 ], [ -97.192888000259828, 32.634604999959912 ], [ -97.189219000238168, 32.634672000040439 ], [ -97.18884900048495, 32.640920999895918 ], [ -97.189113999705626, 32.643472999913691 ], [ -97.189003999531209, 32.646212000274041 ], [ -97.18582300028487, 32.646256000038832 ], [ -97.184958000374905, 32.646254000310705 ], [ -97.182465000303381, 32.642508999945626 ], [ -97.176441000303299, 32.633476999879349 ], [ -97.17207500031364, 32.627630000231591 ], [ -97.171217000165512, 32.62659800031004 ], [ -97.160828000176295, 32.614014999559245 ], [ -97.161188000088046, 32.614012999779519 ], [ -97.1695430002015, 32.613963999597892 ], [ -97.170549000452795, 32.6137050000114 ], [ -97.18098399951316, 32.608526999948488 ], [ -97.182130999784334, 32.607998000325296 ], [ -97.184955000157075, 32.60919499982063 ], [ -97.185533000292892, 32.608869999676173 ], [ -97.19303799997607, 32.605364999909256 ], [ -97.198223000126461, 32.605370000351776 ], [ -97.201378000339574, 32.606839999582114 ], [ -97.20793299949419, 32.607036000041845 ], [ -97.215368999534519, 32.607049000317112 ], [ -97.220140000419406, 32.607081000206016 ], [ -97.22101900007867, 32.607085999716247 ], [ -97.221009000137329, 32.611444000062363 ] ] ] ] } },
{ "type": "Feature", "properties": { "GEOID": "48439111409", "NAME": "Census Tract 1114.09, Tarrant County, Texas", "variable": "B01003_001", "estimate": 5300, "moe": 543, "coverage_all": 5125.7469, "coverage_na": 4705.1588, "coverage_4050": 184.2788, "coverage_5060": 195.0774, "coverage_6070": 22.9857, "coverage_7080": 18.2056, "coverage_8090": 0.0406, "coverage_90": 0.0, "noise4050n": 150.156, "noise5060n": 159.904, "noise6070n": 15.7942, "noise7080n": 12.5092, "noise8090n": 0.0279, "noise90n": 0.0, "noise4050p": 0.036, "noise5060p": 0.0381, "noise6070p": 0.0045, "noise7080p": 0.0036, "noise8090p": 7.9302e-06, "noise90p": 0.0 }, "geometry": { "type": "MultiPolygon", "coordinates": [ [ [ [ -97.172946000209137, 32.634056000092379 ], [ -97.17115599996032, 32.633740000397012 ], [ -97.171129000455153, 32.634251000254395 ], [ -97.170577999497809, 32.634558000047626 ], [ -97.158294000235855, 32.634253999648372 ], [ -97.158127999568663, 32.640121000426603 ], [ -97.158124999677611, 32.641550000176544 ], [ -97.15802199956191, 32.648602999699584 ], [ -97.150715000276406, 32.648694000139848 ], [ -97.149908999615761, 32.64866100022877 ], [ -97.147896000114471, 32.648681000293074 ], [ -97.146362000007031, 32.648849999658111 ], [ -97.14604499979977, 32.64762899957114 ], [ -97.142366000132853, 32.644561999722065 ], [ -97.142904000007249, 32.643777000300425 ], [ -97.142622999528911, 32.641772999849998 ], [ -97.141132000072901, 32.640382999775376 ], [ -97.141287000402613, 32.637230000215709 ], [ -97.143261000065479, 32.634394000023654 ], [ -97.143686999865977, 32.631029999645705 ], [ -97.142197000497845, 32.626856999817456 ], [ -97.153976999853725, 32.626911000417117 ], [ -97.166577999962328, 32.626802999641754 ], [ -97.16709499951827, 32.627042999973789 ], [ -97.169660999857015, 32.62918799992778 ], [ -97.171175000004752, 32.629206000394021 ], [ -97.171176999644914, 32.627577999761421 ], [ -97.171217000165512, 32.62659800031004 ], [ -97.17207500031364, 32.627630000231591 ], [ -97.176441000303299, 32.633476999879349 ], [ -97.172946000209137, 32.634056000092379 ] ] ] ] } },
{ "type": "Feature", "properties": { "GEOID": "48439111410", "NAME": "Census Tract 1114.10, Tarrant County, Texas", "variable": "B01003_001", "estimate": 3193, "moe": 546, "coverage_all": 2082.8859, "coverage_na": 1442.2378, "coverage_4050": 133.5519, "coverage_5060": 283.6193, "coverage_6070": 131.2666, "coverage_7080": 85.9919, "coverage_8090": 6.2184, "coverage_90": 0.0, "noise4050n": 163.3839, "noise5060n": 319.7106, "noise6070n": 174.1708, "noise7080n": 119.4651, "noise8090n": 8.7966, "noise90n": 0.0, "noise4050p": 0.0641, "noise5060p": 0.1362, "noise6070p": 0.063, "noise7080p": 0.0413, "noise8090p": 0.003, "noise90p": 0.0 }, "geometry": { "type": "MultiPolygon", "coordinates": [ [ [ [ -97.224451999590372, 32.660792999702259 ], [ -97.223628999479217, 32.661831999909872 ], [ -97.223387999781082, 32.666971999693274 ], [ -97.223359000222075, 32.667956999892688 ], [ -97.21951599986005, 32.668169999801862 ], [ -97.219083999475799, 32.668217000226541 ], [ -97.218670999704543, 32.668263000010249 ], [ -97.21333900032387, 32.669254999743742 ], [ -97.200519999491604, 32.672987000110432 ], [ -97.200238000316077, 32.673071000354604 ], [ -97.204138000490346, 32.668154000328713 ], [ -97.204571000003895, 32.667532000106732 ], [ -97.204866000183614, 32.667124000255932 ], [ -97.205048999662111, 32.666855000279305 ], [ -97.206453000387683, 32.664801999714165 ], [ -97.206775000130321, 32.664229000160113 ], [ -97.206889000430991, 32.661147000096072 ], [ -97.206877000316453, 32.658672999660794 ], [ -97.211767000447963, 32.658695999994158 ], [ -97.215757000396309, 32.660314000393036 ], [ -97.216338000416144, 32.660309999979653 ], [ -97.217042000377532, 32.660291999871745 ], [ -97.220036000460595, 32.660326000089 ], [ -97.221106999748599, 32.660439000131014 ], [ -97.224025000453963, 32.660434000042237 ], [ -97.224451999590372, 32.660792999702259 ] ] ] ] } },
{ "type": "Feature", "properties": { "GEOID": "48439111411", "NAME": "Census Tract 1114.11, Tarrant County, Texas", "variable": "B01003_001", "estimate": 5599, "moe": 527, "coverage_all": 6896.1393, "coverage_na": 6283.8772, "coverage_4050": 308.8481, "coverage_5060": 271.4627, "coverage_6070": 31.9513, "coverage_7080": 0.0, "coverage_8090": 0.0, "coverage_90": 0.0, "noise4050n": 200.8502, "noise5060n": 212.0673, "noise6070n": 37.4261, "noise7080n": 0.0, "noise8090n": 0.0, "noise90n": 0.0, "noise4050p": 0.0448, "noise5060p": 0.0394, "noise6070p": 0.0046, "noise7080p": 0.0, "noise8090p": 0.0, "noise90p": 0.0 }, "geometry": { "type": "MultiPolygon", "coordinates": [ [ [ [ -97.226047000261801, 32.659345000399391 ], [ -97.225867000099356, 32.659540000300019 ], [ -97.225611999946125, 32.659797999993025 ], [ -97.225526999704414, 32.659874000035394 ], [ -97.224451999590372, 32.660792999702259 ], [ -97.224025000453963, 32.660434000042237 ], [ -97.221106999748599, 32.660439000131014 ], [ -97.220036000460595, 32.660326000089 ], [ -97.217042000377532, 32.660291999871745 ], [ -97.216338000416144, 32.660309999979653 ], [ -97.215757000396309, 32.660314000393036 ], [ -97.211767000447963, 32.658695999994158 ], [ -97.206877000316453, 32.658672999660794 ], [ -97.206916999757752, 32.657822999945914 ], [ -97.208297999836901, 32.655716999998297 ], [ -97.208502000233153, 32.648943999797332 ], [ -97.208513999558747, 32.646775999570082 ], [ -97.196058000343854, 32.646733999701283 ], [ -97.194423999770436, 32.646455000432965 ], [ -97.193352000254592, 32.64621900008536 ], [ -97.189003999531209, 32.646212000274041 ], [ -97.189113999705626, 32.643472999913691 ], [ -97.18884900048495, 32.640920999895918 ], [ -97.189219000238168, 32.634672000040439 ], [ -97.192888000259828, 32.634604999959912 ], [ -97.192932000293652, 32.633189999907422 ], [ -97.192939000219866, 32.631177000120026 ], [ -97.194546000120852, 32.631615000105249 ], [ -97.196635999481543, 32.631529999641323 ], [ -97.196633999932104, 32.630341000428778 ], [ -97.199634999735991, 32.630256999869793 ], [ -97.199633999644391, 32.630206000092812 ], [ -97.200064999565669, 32.629289000310628 ], [ -97.200646999816456, 32.627323000209749 ], [ -97.200753999744975, 32.627203999970916 ], [ -97.202762000058556, 32.629095000129496 ], [ -97.205103999858665, 32.631316000386541 ], [ -97.205963999691335, 32.632120000426177 ], [ -97.220594000067493, 32.645930000158458 ], [ -97.221392000262966, 32.646676000315729 ], [ -97.224750999878083, 32.649866999734172 ], [ -97.226079999583931, 32.651105999989852 ], [ -97.226047000261801, 32.659345000399391 ] ] ] ] } },
{ "type": "Feature", "properties": { "GEOID": "48439111505", "NAME": "Census Tract 1115.05, Tarrant County, Texas", "variable": "B01003_001", "estimate": 4937, "moe": 757, "coverage_all": 2788.8248, "coverage_na": 1290.1031, "coverage_4050": 528.0664, "coverage_5060": 774.393, "coverage_6070": 157.5489, "coverage_7080": 35.7135, "coverage_8090": 3.0, "coverage_90": 0.0, "noise4050n": 903.839, "noise5060n": 1181.918, "noise6070n": 222.1836, "noise7080n": 50.365, "noise8090n": 4.2308, "noise90n": 0.0, "noise4050p": 0.1894, "noise5060p": 0.2777, "noise6070p": 0.0565, "noise7080p": 0.0128, "noise8090p": 0.0011, "noise90p": 0.0 }, "geometry": { "type": "MultiPolygon", "coordinates": [ [ [ [ -97.169345999997347, 32.732096999990823 ], [ -97.167762000380094, 32.732173000354422 ], [ -97.166499000255584, 32.732427000264863 ], [ -97.161282999527501, 32.735158000389227 ], [ -97.160763999748241, 32.735349999871282 ], [ -97.156797000433087, 32.736029999617848 ], [ -97.154530999550914, 32.736013000448267 ], [ -97.149136000111227, 32.735944999665989 ], [ -97.149138000421217, 32.734062999639129 ], [ -97.149110999611693, 32.731897999970961 ], [ -97.149084999518962, 32.729945999806411 ], [ -97.149119999614754, 32.722254000279918 ], [ -97.149133000366845, 32.721752999965027 ], [ -97.149126999837932, 32.721343999555586 ], [ -97.161164000482174, 32.721414999624422 ], [ -97.161530000463131, 32.721413999796994 ], [ -97.166269000477158, 32.721443999642368 ], [ -97.166394999914559, 32.731154999997706 ], [ -97.16810199993904, 32.731494999620217 ], [ -97.169423999794517, 32.731498000098114 ], [ -97.169345999997347, 32.732096999990823 ] ] ] ] } },
{ "type": "Feature", "properties": { "GEOID": "48439111506", "NAME": "Census Tract 1115.06, Tarrant County, Texas", "variable": "B01003_001", "estimate": 6944, "moe": 964, "coverage_all": 4805.4928, "coverage_na": 3857.8369, "coverage_4050": 383.0821, "coverage_5060": 434.4349, "coverage_6070": 115.0584, "coverage_7080": 15.0805, "coverage_8090": 0.0, "coverage_90": 0.0, "noise4050n": 530.604, "noise5060n": 680.6881, "noise6070n": 152.4238, "noise7080n": 19.1408, "noise8090n": 0.0, "noise90n": 0.0, "noise4050p": 0.0797, "noise5060p": 0.0904, "noise6070p": 0.0239, "noise7080p": 0.0031, "noise8090p": 0.0, "noise90p": 0.0 }, "geometry": { "type": "MultiPolygon", "coordinates": [ [ [ [ -97.173842999855751, 32.726410000035592 ], [ -97.172333999496487, 32.727705000150436 ], [ -97.17259899947689, 32.72811900002273 ], [ -97.171741999583162, 32.728458999755389 ], [ -97.171358000414855, 32.729027999893404 ], [ -97.170733999753438, 32.72956199968192 ], [ -97.170811000539757, 32.729979000289049 ], [ -97.171396000381932, 32.730366999651395 ], [ -97.171228000007886, 32.730673999672469 ], [ -97.170522999797114, 32.73052199970094 ], [ -97.170520999752512, 32.731496999999877 ], [ -97.169423999794517, 32.731498000098114 ], [ -97.16810199993904, 32.731494999620217 ], [ -97.166394999914559, 32.731154999997706 ], [ -97.166269000477158, 32.721443999642368 ], [ -97.161530000463131, 32.721413999796994 ], [ -97.161164000482174, 32.721414999624422 ], [ -97.149126999837932, 32.721343999555586 ], [ -97.149131999826082, 32.719638000419586 ], [ -97.149134000135078, 32.719145000128684 ], [ -97.14914499994542, 32.714030999797906 ], [ -97.149179000483116, 32.710735999698983 ], [ -97.149183999765782, 32.710106999810151 ], [ -97.149185999650086, 32.709794000060846 ], [ -97.14398000042172, 32.709677000227842 ], [ -97.143996999919779, 32.706707999767104 ], [ -97.149196000142936, 32.706792000126875 ], [ -97.161158000311133, 32.70681800029022 ], [ -97.162484999821913, 32.706809000378868 ], [ -97.166478000061375, 32.706786000051757 ], [ -97.171990999999608, 32.706767000217461 ], [ -97.170498000371339, 32.708966999868508 ], [ -97.172891000286981, 32.712303000249783 ], [ -97.172251000062232, 32.716119000099724 ], [ -97.17306899945828, 32.718306999604877 ], [ -97.172949999712728, 32.720260999788835 ], [ -97.173842999855751, 32.726410000035592 ] ] ] ] } },
{ "type": "Feature", "properties": { "GEOID": "48439111513", "NAME": "Census Tract 1115.13, Tarrant County, Texas", "variable": "B01003_001", "estimate": 4957, "moe": 1220, "coverage_all": 5342.6966, "coverage_na": 2845.0, "coverage_4050": 1522.4454, "coverage_5060": 619.2896, "coverage_6070": 285.9964, "coverage_7080": 69.5837, "coverage_8090": 0.3815, "coverage_90": 0.0, "noise4050n": 1256.1669, "noise5060n": 453.2771, "noise6070n": 224.1859, "noise7080n": 41.9975, "noise8090n": 0.2302, "noise90n": 0.0, "noise4050p": 0.285, "noise5060p": 0.1159, "noise6070p": 0.0535, "noise7080p": 0.013, "noise8090p": 0.0001, "noise90p": 0.0 }, "geometry": { "type": "MultiPolygon", "coordinates": [ [ [ [ -97.080251000136158, 32.677410999585703 ], [ -97.062761999931297, 32.677201999764456 ], [ -97.056137999898937, 32.677060999744832 ], [ -97.056139000394637, 32.67661399959028 ], [ -97.058834000446964, 32.6758860000458 ], [ -97.059836999564993, 32.673827999696407 ], [ -97.062026000049116, 32.670208999840348 ], [ -97.062183999943471, 32.66878200010683 ], [ -97.062222000018977, 32.66809500029683 ], [ -97.062867000464323, 32.668092000121518 ], [ -97.063302000426447, 32.668089999912638 ], [ -97.063751000064826, 32.661506999996384 ], [ -97.063373000458881, 32.6605819997949 ], [ -97.062515000331828, 32.652508999695506 ], [ -97.062540000136352, 32.651236000093512 ], [ -97.064171999625657, 32.648347000054422 ], [ -97.065917999517509, 32.648356000385014 ], [ -97.066479000226337, 32.648363999747794 ], [ -97.075112999658089, 32.648361999594606 ], [ -97.077046000388791, 32.648393000305482 ], [ -97.077119000404579, 32.652485999877243 ], [ -97.077109999987059, 32.655289000079812 ], [ -97.077113000156757, 32.658846999778042 ], [ -97.077112999781846, 32.660769999723549 ], [ -97.077109999783374, 32.662238999693948 ], [ -97.077505999570675, 32.664388000401473 ], [ -97.079930999981642, 32.66721100019182 ], [ -97.079885000218738, 32.676023000345879 ], [ -97.080251000136158, 32.677410999585703 ] ] ] ] } },
{ "type": "Feature", "properties": { "GEOID": "48439111514", "NAME": "Census Tract 1115.14, Tarrant County, Texas", "variable": "B01003_001", "estimate": 5993, "moe": 854, "coverage_all": 3954.9991, "coverage_na": 0.0, "coverage_4050": 1819.2419, "coverage_5060": 1873.1304, "coverage_6070": 241.2846, "coverage_7080": 21.3422, "coverage_8090": 0.0, "coverage_90": 0.0, "noise4050n": 3036.924, "noise5060n": 2582.5585, "noise6070n": 344.5882, "noise7080n": 28.9293, "noise8090n": 0.0, "noise90n": 0.0, "noise4050p": 0.46, "noise5060p": 0.4736, "noise6070p": 0.061, "noise7080p": 0.0054, "noise8090p": 0.0, "noise90p": 0.0 }, "geometry": { "type": "MultiPolygon", "coordinates": [ [ [ [ -97.092862999953908, 32.677566999619785 ], [ -97.080251000136158, 32.677410999585703 ], [ -97.079885000218738, 32.676023000345879 ], [ -97.079930999981642, 32.66721100019182 ], [ -97.077505999570675, 32.664388000401473 ], [ -97.077109999783374, 32.662238999693948 ], [ -97.077112999781846, 32.660769999723549 ], [ -97.077113000156757, 32.658846999778042 ], [ -97.077109999987059, 32.655289000079812 ], [ -97.077119000404579, 32.652485999877243 ], [ -97.077046000388791, 32.648393000305482 ], [ -97.077552999636097, 32.648415999586234 ], [ -97.078521000395114, 32.648382000005221 ], [ -97.079416999789274, 32.648240000116111 ], [ -97.080530999560651, 32.64778900012174 ], [ -97.080896999736893, 32.648040000236136 ], [ -97.081971999906287, 32.648440000166836 ], [ -97.082509000495321, 32.648534000416717 ], [ -97.088253999993682, 32.648593000234051 ], [ -97.088227000352134, 32.649668999835761 ], [ -97.08820799986124, 32.652813000281732 ], [ -97.088266999488937, 32.658619000154388 ], [ -97.088566000040345, 32.659245000440123 ], [ -97.09029599996164, 32.661324000157066 ], [ -97.090638999672521, 32.662688000436468 ], [ -97.09071500033518, 32.670587999697247 ], [ -97.091508999814238, 32.672146999993757 ], [ -97.09290399976156, 32.67460800001205 ], [ -97.092862999953908, 32.677566999619785 ] ] ] ] } },
{ "type": "Feature", "properties": { "GEOID": "48439111516", "NAME": "Census Tract 1115.16, Tarrant County, Texas", "variable": "B01003_001", "estimate": 7201, "moe": 1142, "coverage_all": 4833.4026, "coverage_na": 2015.6627, "coverage_4050": 2019.7832, "coverage_5060": 550.8542, "coverage_6070": 223.6594, "coverage_7080": 20.5904, "coverage_8090": 2.8527, "coverage_90": 0.0, "noise4050n": 3100.8264, "noise5060n": 792.7391, "noise6070n": 376.1841, "noise7080n": 20.389, "noise8090n": 1.7955, "noise90n": 0.0, "noise4050p": 0.4179, "noise5060p": 0.114, "noise6070p": 0.0463, "noise7080p": 0.0043, "noise8090p": 0.0006, "noise90p": 0.0 }, "geometry": { "type": "MultiPolygon", "coordinates": [ [ [ [ -97.134725000193555, 32.67531299995882 ], [ -97.134538999919783, 32.675333999885375 ], [ -97.117856000205776, 32.678133999920476 ], [ -97.115084999935647, 32.678252000030625 ], [ -97.115076000532227, 32.677660000341675 ], [ -97.115089000162172, 32.670447999612371 ], [ -97.115067999646669, 32.667895000278023 ], [ -97.115085999913603, 32.665490000414088 ], [ -97.115117000499652, 32.662844000391644 ], [ -97.11510800030041, 32.662395999599234 ], [ -97.115135000012316, 32.659799000444835 ], [ -97.115199999624352, 32.655236999593328 ], [ -97.119973999755189, 32.655265000340684 ], [ -97.134696000029194, 32.655409999591598 ], [ -97.134451999911178, 32.659643999585754 ], [ -97.134242999823485, 32.66314499969009 ], [ -97.134063999702036, 32.667495999798781 ], [ -97.134414999586085, 32.67041299987055 ], [ -97.135061000528111, 32.675268999817895 ], [ -97.134725000193555, 32.67531299995882 ] ] ] ] } },
{ "type": "Feature", "properties": { "GEOID": "48439111522", "NAME": "Census Tract 1115.22, Tarrant County, Texas", "variable": "B01003_001", "estimate": 6925, "moe": 1222, "coverage_all": 2888.7392, "coverage_na": 2025.3654, "coverage_4050": 541.4347, "coverage_5060": 248.0676, "coverage_6070": 66.0207, "coverage_7080": 7.8507, "coverage_8090": 0.0, "coverage_90": 0.0, "noise4050n": 1270.831, "noise5060n": 584.3575, "noise6070n": 118.203, "noise7080n": 11.3881, "noise8090n": 0.0, "noise90n": 0.0, "noise4050p": 0.1874, "noise5060p": 0.0859, "noise6070p": 0.0229, "noise7080p": 0.0027, "noise8090p": 0.0, "noise90p": 0.0 }, "geometry": { "type": "MultiPolygon", "coordinates": [ [ [ [ -97.097764999977514, 32.700189999829618 ], [ -97.09771800029479, 32.703597000084393 ], [ -97.097669000193179, 32.706234999799584 ], [ -97.089601000411236, 32.706200000432553 ], [ -97.080458999743087, 32.70613899965074 ], [ -97.080534000048956, 32.700777000124745 ], [ -97.080753999464449, 32.691545999757551 ], [ -97.085290000337281, 32.691590999959317 ], [ -97.088344000271434, 32.691636000205371 ], [ -97.089979000189743, 32.691644999843156 ], [ -97.091581000515276, 32.691662000278924 ], [ -97.097836000164662, 32.691736000041665 ], [ -97.097764999977514, 32.700189999829618 ] ] ] ] } },
{ "type": "Feature", "properties": { "GEOID": "48439111525", "NAME": "Census Tract 1115.25, Tarrant County, Texas", "variable": "B01003_001", "estimate": 6876, "moe": 1276, "coverage_all": 6007.4927, "coverage_na": 666.0, "coverage_4050": 2432.2295, "coverage_5060": 2331.9619, "coverage_6070": 347.6668, "coverage_7080": 98.2339, "coverage_8090": 131.4006, "coverage_90": 0.0, "noise4050n": 3368.5963, "noise5060n": 1904.5112, "noise6070n": 328.5626, "noise7080n": 94.9266, "noise8090n": 121.7747, "noise90n": 0.0, "noise4050p": 0.4049, "noise5060p": 0.3882, "noise6070p": 0.0579, "noise7080p": 0.0164, "noise8090p": 0.0219, "noise90p": 0.0 }, "geometry": { "type": "MultiPolygon", "coordinates": [ [ [ [ -97.135253999916515, 32.677915999992628 ], [ -97.134976000385379, 32.679211999906407 ], [ -97.134359000507615, 32.680879999756122 ], [ -97.13245099964432, 32.684388999618314 ], [ -97.129581000054486, 32.689557000405301 ], [ -97.12849500042114, 32.691512999655487 ], [ -97.127390999679875, 32.691195000112046 ], [ -97.124315999845891, 32.691197000185703 ], [ -97.121448999472207, 32.691442999721929 ], [ -97.115008999846296, 32.690965000263844 ], [ -97.108634000232868, 32.691036999666572 ], [ -97.106687999989632, 32.691496999684134 ], [ -97.105006999588866, 32.691786000284367 ], [ -97.097836000164662, 32.691736000041665 ], [ -97.097565999962313, 32.689970999968345 ], [ -97.095773000169487, 32.687274999631306 ], [ -97.095277999672646, 32.686033999974597 ], [ -97.095220999894181, 32.684437999588361 ], [ -97.094821000426919, 32.682338999965097 ], [ -97.093620999848582, 32.680649999950369 ], [ -97.09297700002584, 32.679199000186664 ], [ -97.092862999953908, 32.677566999619785 ], [ -97.098163999937526, 32.677629999705211 ], [ -97.099386999498989, 32.677644000072959 ], [ -97.103996999614509, 32.677723999911223 ], [ -97.115084999935647, 32.678252000030625 ], [ -97.117856000205776, 32.678133999920476 ], [ -97.134538999919783, 32.675333999885375 ], [ -97.134725000193555, 32.67531299995882 ], [ -97.135061000528111, 32.675268999817895 ], [ -97.135095000390351, 32.675584000207984 ], [ -97.135266000280097, 32.677057999616991 ], [ -97.135253999916515, 32.677915999992628 ] ] ] ] } },
{ "type": "Feature", "properties": { "GEOID": "48439111526", "NAME": "Census Tract 1115.26, Tarrant County, Texas", "variable": "B01003_001", "estimate": 4645, "moe": 761, "coverage_all": 2408.11, "coverage_na": 1812.69, "coverage_4050": 383.9772, "coverage_5060": 192.7979, "coverage_6070": 17.0641, "coverage_7080": 1.5807, "coverage_8090": 0.0, "coverage_90": 0.0, "noise4050n": 618.17, "noise5060n": 341.0908, "noise6070n": 24.4833, "noise7080n": 2.268, "noise8090n": 0.0, "noise90n": 0.0, "noise4050p": 0.1595, "noise5060p": 0.0801, "noise6070p": 0.0071, "noise7080p": 0.0007, "noise8090p": 0.0, "noise90p": 0.0 }, "geometry": { "type": "MultiPolygon", "coordinates": [ [ [ [ -97.149216000231334, 32.703128000023042 ], [ -97.149196000142936, 32.706792000126875 ], [ -97.143996999919779, 32.706707999767104 ], [ -97.143859999582062, 32.706707000275905 ], [ -97.141116000310546, 32.706704000354677 ], [ -97.140599000404265, 32.706677000121338 ], [ -97.139472999613972, 32.706657000383807 ], [ -97.138031000306952, 32.706660000104364 ], [ -97.137884000255781, 32.706659999859873 ], [ -97.136875000081261, 32.706608999912461 ], [ -97.132721999549119, 32.706559000088603 ], [ -97.131998000539284, 32.706547000334147 ], [ -97.127891000177655, 32.706527000165529 ], [ -97.117433999875217, 32.70643700039664 ], [ -97.118303999640872, 32.705242999943302 ], [ -97.119593000485111, 32.703535999837875 ], [ -97.12276400036464, 32.699294999965915 ], [ -97.131871000420887, 32.699474999912447 ], [ -97.135821000159851, 32.699512000200485 ], [ -97.13686399955948, 32.69952299979397 ], [ -97.149343999955832, 32.699529999994539 ], [ -97.149216000231334, 32.703128000023042 ] ] ] ] } },
{ "type": "Feature", "properties": { "GEOID": "48439111529", "NAME": "Census Tract 1115.29, Tarrant County, Texas", "variable": "B01003_001", "estimate": 3742, "moe": 277, "coverage_all": 2374.5549, "coverage_na": 2133.0046, "coverage_4050": 114.2446, "coverage_5060": 127.3056, "coverage_6070": 0.0, "coverage_7080": 0.0, "coverage_8090": 0.0, "coverage_90": 0.0, "noise4050n": 179.9801, "noise5060n": 200.6084, "noise6070n": 0.0, "noise7080n": 0.0, "noise8090n": 0.0, "noise90n": 0.0, "noise4050p": 0.0481, "noise5060p": 0.0536, "noise6070p": 0.0, "noise7080p": 0.0, "noise8090p": 0.0, "noise90p": 0.0 }, "geometry": { "type": "MultiPolygon", "coordinates": [ [ [ [ -97.184384000277959, 32.69257199970658 ], [ -97.184241999878026, 32.692748999997129 ], [ -97.179445999788996, 32.69872300028684 ], [ -97.179302999739676, 32.699226000367318 ], [ -97.179283000059371, 32.701535000184109 ], [ -97.179249999829963, 32.706869999665848 ], [ -97.177532999876433, 32.70687399992709 ], [ -97.171990999999608, 32.706767000217461 ], [ -97.171935000352121, 32.705137000296723 ], [ -97.169553999547119, 32.705545999911244 ], [ -97.167594000155063, 32.701146000022867 ], [ -97.167817999809685, 32.695739999850439 ], [ -97.168911999628307, 32.695071000291364 ], [ -97.169470000458219, 32.693474000067134 ], [ -97.171242000373567, 32.690356000395326 ], [ -97.173291999586027, 32.689821999866972 ], [ -97.173993000180175, 32.689833000273623 ], [ -97.18643600052755, 32.690027000197752 ], [ -97.184384000277959, 32.69257199970658 ] ] ] ] } },
{ "type": "Feature", "properties": { "GEOID": "48439111530", "NAME": "Census Tract 1115.30, Tarrant County, Texas", "variable": "B01003_001", "estimate": 5600, "moe": 438, "coverage_all": 5683.8098, "coverage_na": 4584.8867, "coverage_4050": 367.4874, "coverage_5060": 531.7238, "coverage_6070": 188.8845, "coverage_7080": 10.2785, "coverage_8090": 0.5488, "coverage_90": 0.0, "noise4050n": 332.9307, "noise5060n": 486.6146, "noise6070n": 177.606, "noise7080n": 8.8933, "noise8090n": 0.4784, "noise90n": 0.0, "noise4050p": 0.0647, "noise5060p": 0.0936, "noise6070p": 0.0332, "noise7080p": 0.0018, "noise8090p": 0.0001, "noise90p": 0.0 }, "geometry": { "type": "MultiPolygon", "coordinates": [ [ [ [ -97.166632000191868, 32.668080000126814 ], [ -97.166650000454297, 32.674987000241323 ], [ -97.157564000382422, 32.674541999786001 ], [ -97.149494999919895, 32.674394000238543 ], [ -97.143154000124923, 32.674361999948538 ], [ -97.135061000528111, 32.675268999817895 ], [ -97.134414999586085, 32.67041299987055 ], [ -97.134063999702036, 32.667495999798781 ], [ -97.134242999823485, 32.66314499969009 ], [ -97.134451999911178, 32.659643999585754 ], [ -97.136921000389506, 32.659651999969412 ], [ -97.149430999692072, 32.659656000078627 ], [ -97.149615999854063, 32.659656999696367 ], [ -97.150185000252947, 32.65966099999406 ], [ -97.157516999948442, 32.659677999744794 ], [ -97.163610999926277, 32.658336999879779 ], [ -97.166802999855989, 32.658329999773656 ], [ -97.166632000191868, 32.668080000126814 ] ] ] ] } },
{ "type": "Feature", "properties": { "GEOID": "48439111531", "NAME": "Census Tract 1115.31, Tarrant County, Texas", "variable": "B01003_001", "estimate": 4438, "moe": 320, "coverage_all": 3822.1525, "coverage_na": 3069.1133, "coverage_4050": 271.9453, "coverage_5060": 341.6712, "coverage_6070": 136.9421, "coverage_7080": 2.4806, "coverage_8090": 0.0, "coverage_90": 0.0, "noise4050n": 299.8665, "noise5060n": 402.1661, "noise6070n": 150.6454, "noise7080n": 2.832, "noise8090n": 0.0, "noise90n": 0.0, "noise4050p": 0.0711, "noise5060p": 0.0894, "noise6070p": 0.0358, "noise7080p": 0.0006, "noise8090p": 0.0, "noise90p": 0.0 }, "geometry": { "type": "MultiPolygon", "coordinates": [ [ [ [ -97.193198000242717, 32.675081999920515 ], [ -97.186462000047726, 32.676104999767297 ], [ -97.177414000063123, 32.675894000248014 ], [ -97.166650000454297, 32.674987000241323 ], [ -97.166632000191868, 32.668080000126814 ], [ -97.166802999855989, 32.658329999773656 ], [ -97.174135000046007, 32.658478999800067 ], [ -97.1755169998018, 32.658937999957011 ], [ -97.180441999785984, 32.663652000372636 ], [ -97.182975999723325, 32.665268999871031 ], [ -97.183438999708002, 32.665443999749002 ], [ -97.188330999861279, 32.667333000095574 ], [ -97.191385000183629, 32.669935999550113 ], [ -97.193008999784439, 32.672335999916719 ], [ -97.193198000242717, 32.675081999920515 ] ] ] ] } },
{ "type": "Feature", "properties": { "GEOID": "48439111532", "NAME": "Census Tract 1115.32, Tarrant County, Texas", "variable": "B01003_001", "estimate": 6908, "moe": 824, "coverage_all": 5359.0123, "coverage_na": 4133.4223, "coverage_4050": 419.4963, "coverage_5060": 539.5794, "coverage_6070": 169.5167, "coverage_7080": 82.1139, "coverage_8090": 14.8836, "coverage_90": 0.0, "noise4050n": 596.6931, "noise5060n": 707.5564, "noise6070n": 251.3683, "noise7080n": 121.5855, "noise8090n": 21.8079, "noise90n": 0.0, "noise4050p": 0.0783, "noise5060p": 0.1007, "noise6070p": 0.0316, "noise7080p": 0.0153, "noise8090p": 0.0028, "noise90p": 0.0 }, "geometry": { "type": "MultiPolygon", "coordinates": [ [ [ [ -97.208502000233153, 32.648943999797332 ], [ -97.208297999836901, 32.655716999998297 ], [ -97.206916999757752, 32.657822999945914 ], [ -97.206877000316453, 32.658672999660794 ], [ -97.206889000430991, 32.661147000096072 ], [ -97.206775000130321, 32.664229000160113 ], [ -97.206453000387683, 32.664801999714165 ], [ -97.205048999662111, 32.666855000279305 ], [ -97.204866000183614, 32.667124000255932 ], [ -97.204571000003895, 32.667532000106732 ], [ -97.204138000490346, 32.668154000328713 ], [ -97.200238000316077, 32.673071000354604 ], [ -97.193376000125156, 32.675043000003683 ], [ -97.193198000242717, 32.675081999920515 ], [ -97.193008999784439, 32.672335999916719 ], [ -97.191385000183629, 32.669935999550113 ], [ -97.188330999861279, 32.667333000095574 ], [ -97.183438999708002, 32.665443999749002 ], [ -97.184618000299892, 32.663121999759191 ], [ -97.187212000313792, 32.662509000333849 ], [ -97.188709000274116, 32.660389999578754 ], [ -97.192044999591772, 32.659737000310884 ], [ -97.193034999464402, 32.658017999767573 ], [ -97.193520999868397, 32.656738999679988 ], [ -97.187502000005964, 32.649895999909781 ], [ -97.184958000374905, 32.646254000310705 ], [ -97.18582300028487, 32.646256000038832 ], [ -97.189003999531209, 32.646212000274041 ], [ -97.193352000254592, 32.64621900008536 ], [ -97.194423999770436, 32.646455000432965 ], [ -97.196058000343854, 32.646733999701283 ], [ -97.208513999558747, 32.646775999570082 ], [ -97.208502000233153, 32.648943999797332 ] ] ] ] } },
{ "type": "Feature", "properties": { "GEOID": "48439111533", "NAME": "Census Tract 1115.33, Tarrant County, Texas", "variable": "B01003_001", "estimate": 5799, "moe": 900, "coverage_all": 3581.5022, "coverage_na": 2958.5854, "coverage_4050": 287.3451, "coverage_5060": 215.8392, "coverage_6070": 118.7162, "coverage_7080": 1.0164, "coverage_8090": 0.0, "coverage_90": 0.0, "noise4050n": 464.9277, "noise5060n": 351.8598, "noise6070n": 193.6991, "noise7080n": 1.7177, "noise8090n": 0.0, "noise90n": 0.0, "noise4050p": 0.0802, "noise5060p": 0.0603, "noise6070p": 0.0331, "noise7080p": 0.0003, "noise8090p": 0.0, "noise90p": 0.0 }, "geometry": { "type": "MultiPolygon", "coordinates": [ [ [ [ -97.166802999855989, 32.658329999773656 ], [ -97.163610999926277, 32.658336999879779 ], [ -97.157516999948442, 32.659677999744794 ], [ -97.150185000252947, 32.65966099999406 ], [ -97.149615999854063, 32.659656999696367 ], [ -97.149430999692072, 32.659656000078627 ], [ -97.136921000389506, 32.659651999969412 ], [ -97.134451999911178, 32.659643999585754 ], [ -97.134696000029194, 32.655409999591598 ], [ -97.134892999967363, 32.651284999964716 ], [ -97.134251999962657, 32.648570000269146 ], [ -97.141337000415234, 32.64847100036426 ], [ -97.146362000007031, 32.648849999658111 ], [ -97.147896000114471, 32.648681000293074 ], [ -97.149908999615761, 32.64866100022877 ], [ -97.150715000276406, 32.648694000139848 ], [ -97.15802199956191, 32.648602999699584 ], [ -97.158463999731836, 32.650008000356578 ], [ -97.166882999847132, 32.656052000326753 ], [ -97.166802999855989, 32.658329999773656 ] ] ] ] } },
{ "type": "Feature", "properties": { "GEOID": "48439111534", "NAME": "Census Tract 1115.34, Tarrant County, Texas", "variable": "B01003_001", "estimate": 6547, "moe": 690, "coverage_all": 3778.4034, "coverage_na": 3113.8026, "coverage_4050": 244.6103, "coverage_5060": 243.1421, "coverage_6070": 131.9649, "coverage_7080": 37.0534, "coverage_8090": 7.8302, "coverage_90": 0.0, "noise4050n": 425.7352, "noise5060n": 399.5482, "noise6070n": 216.5741, "noise7080n": 87.9439, "noise8090n": 18.5844, "noise90n": 0.0, "noise4050p": 0.0647, "noise5060p": 0.0644, "noise6070p": 0.0349, "noise7080p": 0.0098, "noise8090p": 0.0021, "noise90p": 0.0 }, "geometry": { "type": "MultiPolygon", "coordinates": [ [ [ [ -97.193034999464402, 32.658017999767573 ], [ -97.192044999591772, 32.659737000310884 ], [ -97.188709000274116, 32.660389999578754 ], [ -97.187212000313792, 32.662509000333849 ], [ -97.184618000299892, 32.663121999759191 ], [ -97.183438999708002, 32.665443999749002 ], [ -97.182975999723325, 32.665268999871031 ], [ -97.180441999785984, 32.663652000372636 ], [ -97.1755169998018, 32.658937999957011 ], [ -97.174135000046007, 32.658478999800067 ], [ -97.166802999855989, 32.658329999773656 ], [ -97.166882999847132, 32.656052000326753 ], [ -97.158463999731836, 32.650008000356578 ], [ -97.15802199956191, 32.648602999699584 ], [ -97.166165999701576, 32.648815000155146 ], [ -97.166943999575381, 32.648988999869673 ], [ -97.171102999723487, 32.649136000382214 ], [ -97.175545999500272, 32.649201999911647 ], [ -97.179457999701754, 32.649228999891861 ], [ -97.183203999736094, 32.649261999774836 ], [ -97.183227999850345, 32.646719999718663 ], [ -97.184495000375861, 32.646253999594819 ], [ -97.184958000374905, 32.646254000310705 ], [ -97.187502000005964, 32.649895999909781 ], [ -97.193520999868397, 32.656738999679988 ], [ -97.193034999464402, 32.658017999767573 ] ] ] ] } },
{ "type": "Feature", "properties": { "GEOID": "48439111536", "NAME": "Census Tract 1115.36, Tarrant County, Texas", "variable": "B01003_001", "estimate": 3799, "moe": 646, "coverage_all": 4354.4782, "coverage_na": 3763.6084, "coverage_4050": 299.2706, "coverage_5060": 278.0767, "coverage_6070": 13.5225, "coverage_7080": 0.0, "coverage_8090": 0.0, "coverage_90": 0.0, "noise4050n": 509.2091, "noise5060n": 316.7738, "noise6070n": 8.217, "noise7080n": 0.0, "noise8090n": 0.0, "noise90n": 0.0, "noise4050p": 0.0687, "noise5060p": 0.0639, "noise6070p": 0.0031, "noise7080p": 0.0, "noise8090p": 0.0, "noise90p": 0.0 }, "geometry": { "type": "MultiPolygon", "coordinates": [ [ [ [ -97.062122999986741, 32.703291000404207 ], [ -97.061122999525196, 32.706048999683574 ], [ -97.058982999629563, 32.706078999931847 ], [ -97.053447999552247, 32.706081999928159 ], [ -97.047573999602548, 32.706035999839791 ], [ -97.044135000329376, 32.706016000380984 ], [ -97.043379000234154, 32.706104999785609 ], [ -97.036077000158826, 32.70612500010246 ], [ -97.036295000340857, 32.69322699962045 ], [ -97.036327000188919, 32.691321000235412 ], [ -97.044100000245081, 32.691381000091042 ], [ -97.055356000386098, 32.691543999890158 ], [ -97.058533999844684, 32.691541000011327 ], [ -97.060706000039914, 32.691581000366085 ], [ -97.061792000179025, 32.691491000172249 ], [ -97.062083000290642, 32.695302000091857 ], [ -97.062128000122527, 32.703042000320252 ], [ -97.062122999986741, 32.703291000404207 ] ] ] ] } },
{ "type": "Feature", "properties": { "GEOID": "48439111538", "NAME": "Census Tract 1115.38, Tarrant County, Texas", "variable": "B01003_001", "estimate": 5888, "moe": 988, "coverage_all": 2768.9264, "coverage_na": 1989.0024, "coverage_4050": 312.1906, "coverage_5060": 328.6242, "coverage_6070": 131.8528, "coverage_7080": 6.0854, "coverage_8090": 1.171, "coverage_90": 0.0, "noise4050n": 679.8731, "noise5060n": 656.4684, "noise6070n": 202.3611, "noise7080n": 8.7092, "noise8090n": 1.6759, "noise90n": 0.0, "noise4050p": 0.1127, "noise5060p": 0.1187, "noise6070p": 0.0476, "noise7080p": 0.0022, "noise8090p": 0.0004, "noise90p": 0.0 }, "geometry": { "type": "MultiPolygon", "coordinates": [ [ [ [ -97.062026000049116, 32.670208999840348 ], [ -97.059836999564993, 32.673827999696407 ], [ -97.058834000446964, 32.6758860000458 ], [ -97.056139000394637, 32.67661399959028 ], [ -97.056137999898937, 32.677060999744832 ], [ -97.055472000458465, 32.67704000026918 ], [ -97.044453999689637, 32.676234000248137 ], [ -97.036578999913161, 32.6759120002054 ], [ -97.036739999757501, 32.666273999911589 ], [ -97.04152199971368, 32.666210000053553 ], [ -97.042946999865364, 32.665810000346923 ], [ -97.046220999942634, 32.665277000372377 ], [ -97.05020999956578, 32.665367999798043 ], [ -97.052687000225205, 32.665986999642421 ], [ -97.057717000320864, 32.668397000046824 ], [ -97.062183999943471, 32.66878200010683 ], [ -97.062026000049116, 32.670208999840348 ] ] ] ] } },
{ "type": "Feature", "properties": { "GEOID": "48439111540", "NAME": "Census Tract 1115.40, Tarrant County, Texas", "variable": "B01003_001", "estimate": 6577, "moe": 786, "coverage_all": 6797.4026, "coverage_na": 155.6037, "coverage_4050": 1833.7339, "coverage_5060": 2564.9814, "coverage_6070": 1742.8177, "coverage_7080": 443.2424, "coverage_8090": 57.0235, "coverage_90": 0.0, "noise4050n": 2813.4911, "noise5060n": 1739.0657, "noise6070n": 1267.9416, "noise7080n": 359.4759, "noise8090n": 44.911, "noise90n": 0.0, "noise4050p": 0.2698, "noise5060p": 0.3773, "noise6070p": 0.2564, "noise7080p": 0.0652, "noise8090p": 0.0084, "noise90p": 0.0 }, "geometry": { "type": "MultiPolygon", "coordinates": [ [ [ [ -97.115117000499652, 32.662844000391644 ], [ -97.115085999913603, 32.665490000414088 ], [ -97.115067999646669, 32.667895000278023 ], [ -97.115089000162172, 32.670447999612371 ], [ -97.115076000532227, 32.677660000341675 ], [ -97.115084999935647, 32.678252000030625 ], [ -97.103996999614509, 32.677723999911223 ], [ -97.099386999498989, 32.677644000072959 ], [ -97.098163999937526, 32.677629999705211 ], [ -97.092862999953908, 32.677566999619785 ], [ -97.09290399976156, 32.67460800001205 ], [ -97.091508999814238, 32.672146999993757 ], [ -97.09071500033518, 32.670587999697247 ], [ -97.090638999672521, 32.662688000436468 ], [ -97.09029599996164, 32.661324000157066 ], [ -97.088566000040345, 32.659245000440123 ], [ -97.088266999488937, 32.658619000154388 ], [ -97.08820799986124, 32.652813000281732 ], [ -97.088227000352134, 32.649668999835761 ], [ -97.091690000506603, 32.650903000034234 ], [ -97.094130999923806, 32.648840000231793 ], [ -97.096898999699093, 32.648878000409475 ], [ -97.099011999812788, 32.649699000008113 ], [ -97.10223199947329, 32.649378000119192 ], [ -97.102218999491967, 32.653310999930881 ], [ -97.107779999734831, 32.653344999928116 ], [ -97.107685999761628, 32.656637000046722 ], [ -97.107015999893392, 32.657912000029818 ], [ -97.105726000434146, 32.660153000245799 ], [ -97.110209999592215, 32.661891999977456 ], [ -97.11510800030041, 32.662395999599234 ], [ -97.115117000499652, 32.662844000391644 ] ] ] ] } },
{ "type": "Feature", "properties": { "GEOID": "48439111541", "NAME": "Census Tract 1115.41, Tarrant County, Texas", "variable": "B01003_001", "estimate": 3937, "moe": 637, "coverage_all": 2100.8274, "coverage_na": 1153.3963, "coverage_4050": 655.4865, "coverage_5060": 189.0813, "coverage_6070": 100.7906, "coverage_7080": 2.0726, "coverage_8090": 0.0, "coverage_90": 0.0, "noise4050n": 1231.0708, "noise5060n": 351.7663, "noise6070n": 188.2022, "noise7080n": 3.7771, "noise8090n": 0.0, "noise90n": 0.0, "noise4050p": 0.312, "noise5060p": 0.09, "noise6070p": 0.048, "noise7080p": 0.001, "noise8090p": 0.0, "noise90p": 0.0 }, "geometry": { "type": "MultiPolygon", "coordinates": [ [ [ [ -97.115799000471114, 32.648308000227729 ], [ -97.115450999995389, 32.650026999978479 ], [ -97.115235999793313, 32.651055000007432 ], [ -97.115221000378227, 32.652039000334007 ], [ -97.115208999666976, 32.65338500010737 ], [ -97.115199999624352, 32.655236999593328 ], [ -97.115135000012316, 32.659799000444835 ], [ -97.11510800030041, 32.662395999599234 ], [ -97.110209999592215, 32.661891999977456 ], [ -97.105726000434146, 32.660153000245799 ], [ -97.107015999893392, 32.657912000029818 ], [ -97.107685999761628, 32.656637000046722 ], [ -97.107779999734831, 32.653344999928116 ], [ -97.102218999491967, 32.653310999930881 ], [ -97.10223199947329, 32.649378000119192 ], [ -97.102259999497676, 32.644798999798411 ], [ -97.115279000045206, 32.64471700044357 ], [ -97.115544999638502, 32.644714000071112 ], [ -97.115799000471114, 32.648308000227729 ] ] ] ] } },
{ "type": "Feature", "properties": { "GEOID": "48439111542", "NAME": "Census Tract 1115.42, Tarrant County, Texas", "variable": "B01003_001", "estimate": 5994, "moe": 576, "coverage_all": 2756.7008, "coverage_na": 1180.871, "coverage_4050": 1359.6597, "coverage_5060": 207.4449, "coverage_6070": 8.7252, "coverage_7080": 0.0, "coverage_8090": 0.0, "coverage_90": 0.0, "noise4050n": 2683.1713, "noise5060n": 426.0297, "noise6070n": 18.7202, "noise7080n": 0.0, "noise8090n": 0.0, "noise90n": 0.0, "noise4050p": 0.4932, "noise5060p": 0.0753, "noise6070p": 0.0032, "noise7080p": 0.0, "noise8090p": 0.0, "noise90p": 0.0 }, "geometry": { "type": "MultiPolygon", "coordinates": [ [ [ [ -97.115544999638502, 32.644714000071112 ], [ -97.115279000045206, 32.64471700044357 ], [ -97.102259999497676, 32.644798999798411 ], [ -97.102220000144769, 32.638945000277374 ], [ -97.102233999826154, 32.63827099961189 ], [ -97.10246300018882, 32.634027000420865 ], [ -97.102657000228021, 32.629713999557374 ], [ -97.101387000030442, 32.627602999649838 ], [ -97.100873000067935, 32.626837000324741 ], [ -97.101431999648014, 32.626610999734886 ], [ -97.106768000431771, 32.626500000296133 ], [ -97.107231999545661, 32.626538999934645 ], [ -97.115515000161352, 32.626668999947057 ], [ -97.115431000001493, 32.629161999981037 ], [ -97.115338000001046, 32.634111999783748 ], [ -97.115320000268028, 32.639954000264389 ], [ -97.11533900048012, 32.641752999763142 ], [ -97.115318000026221, 32.642819999898968 ], [ -97.115321999790197, 32.643441999702844 ], [ -97.115544999638502, 32.644714000071112 ] ] ] ] } },
{ "type": "Feature", "properties": { "GEOID": "48439111543", "NAME": "Census Tract 1115.43, Tarrant County, Texas", "variable": "B01003_001", "estimate": 8097, "moe": 1805, "coverage_all": 2276.9596, "coverage_na": 1029.5367, "coverage_4050": 954.4467, "coverage_5060": 181.9229, "coverage_6070": 106.664, "coverage_7080": 4.3893, "coverage_8090": 0.0, "coverage_90": 0.0, "noise4050n": 3829.7465, "noise5060n": 605.2211, "noise6070n": 336.5888, "noise7080n": 11.346, "noise8090n": 0.0, "noise90n": 0.0, "noise4050p": 0.4192, "noise5060p": 0.0799, "noise6070p": 0.0468, "noise7080p": 0.0019, "noise8090p": 0.0, "noise90p": 0.0 }, "geometry": { "type": "MultiPolygon", "coordinates": [ [ [ [ -97.134696000029194, 32.655409999591598 ], [ -97.119973999755189, 32.655265000340684 ], [ -97.115199999624352, 32.655236999593328 ], [ -97.115208999666976, 32.65338500010737 ], [ -97.115221000378227, 32.652039000334007 ], [ -97.115235999793313, 32.651055000007432 ], [ -97.115450999995389, 32.650026999978479 ], [ -97.115799000471114, 32.648308000227729 ], [ -97.115544999638502, 32.644714000071112 ], [ -97.116437999649193, 32.64478199984309 ], [ -97.120333000473494, 32.644876999996036 ], [ -97.122350999472744, 32.644813000386442 ], [ -97.123650000017392, 32.645087999874008 ], [ -97.124465000360956, 32.645562999679619 ], [ -97.125365000126251, 32.644949999925466 ], [ -97.127553999473264, 32.644902999760163 ], [ -97.133467999504845, 32.644937000208074 ], [ -97.133524000335001, 32.645586000233855 ], [ -97.134251999962657, 32.648570000269146 ], [ -97.134892999967363, 32.651284999964716 ], [ -97.134696000029194, 32.655409999591598 ] ] ] ] } },
{ "type": "Feature", "properties": { "GEOID": "48439111544", "NAME": "Census Tract 1115.44, Tarrant County, Texas", "variable": "B01003_001", "estimate": 8298, "moe": 1233, "coverage_all": 4145.8104, "coverage_na": 2830.2333, "coverage_4050": 954.9511, "coverage_5060": 289.1667, "coverage_6070": 71.4593, "coverage_7080": 0.0, "coverage_8090": 0.0, "coverage_90": 0.0, "noise4050n": 2400.2228, "noise5060n": 512.794, "noise6070n": 142.2909, "noise7080n": 0.0, "noise8090n": 0.0, "noise90n": 0.0, "noise4050p": 0.2303, "noise5060p": 0.0697, "noise6070p": 0.0172, "noise7080p": 0.0, "noise8090p": 0.0, "noise90p": 0.0 }, "geometry": { "type": "MultiPolygon", "coordinates": [ [ [ [ -97.135967999551411, 32.632511000314338 ], [ -97.13560800018378, 32.634419000400406 ], [ -97.133493999488863, 32.644382000119379 ], [ -97.133467999504845, 32.644937000208074 ], [ -97.127553999473264, 32.644902999760163 ], [ -97.125365000126251, 32.644949999925466 ], [ -97.124465000360956, 32.645562999679619 ], [ -97.123650000017392, 32.645087999874008 ], [ -97.122350999472744, 32.644813000386442 ], [ -97.120333000473494, 32.644876999996036 ], [ -97.116437999649193, 32.64478199984309 ], [ -97.115544999638502, 32.644714000071112 ], [ -97.115321999790197, 32.643441999702844 ], [ -97.115318000026221, 32.642819999898968 ], [ -97.11533900048012, 32.641752999763142 ], [ -97.115320000268028, 32.639954000264389 ], [ -97.115338000001046, 32.634111999783748 ], [ -97.115431000001493, 32.629161999981037 ], [ -97.115515000161352, 32.626668999947057 ], [ -97.123723999938875, 32.626701000334435 ], [ -97.136034999622396, 32.62690000022755 ], [ -97.135967999551411, 32.632511000314338 ] ] ] ] } },
{ "type": "Feature", "properties": { "GEOID": "48439111545", "NAME": "Census Tract 1115.45, Tarrant County, Texas", "variable": "B01003_001", "estimate": 2212, "moe": 385, "coverage_all": 5876.2616, "coverage_na": 5656.9673, "coverage_4050": 130.7606, "coverage_5060": 88.5336, "coverage_6070": 0.0, "coverage_7080": 0.0, "coverage_8090": 0.0, "coverage_90": 0.0, "noise4050n": 49.9209, "noise5060n": 33.1084, "noise6070n": 0.0, "noise7080n": 0.0, "noise8090n": 0.0, "noise90n": 0.0, "noise4050p": 0.0223, "noise5060p": 0.0151, "noise6070p": 0.0, "noise7080p": 0.0, "noise8090p": 0.0, "noise90p": 0.0 }, "geometry": { "type": "MultiPolygon", "coordinates": [ [ [ [ -97.171242000373567, 32.690356000395326 ], [ -97.169470000458219, 32.693474000067134 ], [ -97.168911999628307, 32.695071000291364 ], [ -97.167817999809685, 32.695739999850439 ], [ -97.167594000155063, 32.701146000022867 ], [ -97.169553999547119, 32.705545999911244 ], [ -97.171935000352121, 32.705137000296723 ], [ -97.171990999999608, 32.706767000217461 ], [ -97.166478000061375, 32.706786000051757 ], [ -97.162484999821913, 32.706809000378868 ], [ -97.161158000311133, 32.70681800029022 ], [ -97.149196000142936, 32.706792000126875 ], [ -97.149216000231334, 32.703128000023042 ], [ -97.149343999955832, 32.699529999994539 ], [ -97.149398999503518, 32.692217000382207 ], [ -97.149451999629562, 32.688463999903426 ], [ -97.149450999540591, 32.688089000337428 ], [ -97.149450999802326, 32.6861490000719 ], [ -97.149474999901599, 32.685046000058257 ], [ -97.149585999706673, 32.677763999597431 ], [ -97.154523000305886, 32.6777459995984 ], [ -97.159926999719161, 32.680163000409166 ], [ -97.164370999774789, 32.68017699960302 ], [ -97.164401000037529, 32.68732299973729 ], [ -97.168808999976704, 32.687518999836129 ], [ -97.169079999977455, 32.68992499992892 ], [ -97.1697229998788, 32.689798000419799 ], [ -97.173291999586027, 32.689821999866972 ], [ -97.171242000373567, 32.690356000395326 ] ] ] ] } },
{ "type": "Feature", "properties": { "GEOID": "48439111546", "NAME": "Census Tract 1115.46, Tarrant County, Texas", "variable": "B01003_001", "estimate": 7341, "moe": 1735, "coverage_all": 5334.8905, "coverage_na": 3835.3534, "coverage_4050": 416.9003, "coverage_5060": 567.4584, "coverage_6070": 239.139, "coverage_7080": 113.8233, "coverage_8090": 162.2161, "coverage_90": 0.0, "noise4050n": 606.4773, "noise5060n": 825.8992, "noise6070n": 341.0489, "noise7080n": 164.1254, "noise8090n": 240.9475, "noise90n": 0.0, "noise4050p": 0.0781, "noise5060p": 0.1064, "noise6070p": 0.0448, "noise7080p": 0.0213, "noise8090p": 0.0304, "noise90p": 0.0 }, "geometry": { "type": "MultiPolygon", "coordinates": [ [ [ [ -97.199880999889658, 32.673508000403011 ], [ -97.199415999859298, 32.674086999554852 ], [ -97.198765000052788, 32.674914000445952 ], [ -97.19602999954175, 32.678376000341181 ], [ -97.19616100020049, 32.680041000196447 ], [ -97.195334000334825, 32.679056999716444 ], [ -97.193334999912224, 32.681531000048231 ], [ -97.18643600052755, 32.690027000197752 ], [ -97.173993000180175, 32.689833000273623 ], [ -97.173291999586027, 32.689821999866972 ], [ -97.1697229998788, 32.689798000419799 ], [ -97.169079999977455, 32.68992499992892 ], [ -97.168808999976704, 32.687518999836129 ], [ -97.164401000037529, 32.68732299973729 ], [ -97.164370999774789, 32.68017699960302 ], [ -97.159926999719161, 32.680163000409166 ], [ -97.154523000305886, 32.6777459995984 ], [ -97.149585999706673, 32.677763999597431 ], [ -97.149494999919895, 32.674394000238543 ], [ -97.157564000382422, 32.674541999786001 ], [ -97.166650000454297, 32.674987000241323 ], [ -97.177414000063123, 32.675894000248014 ], [ -97.186462000047726, 32.676104999767297 ], [ -97.193198000242717, 32.675081999920515 ], [ -97.193376000125156, 32.675043000003683 ], [ -97.200238000316077, 32.673071000354604 ], [ -97.199880999889658, 32.673508000403011 ] ] ] ] } },
{ "type": "Feature", "properties": { "GEOID": "48439111551", "NAME": "Census Tract 1115.51, Tarrant County, Texas", "variable": "B01003_001", "estimate": 7618, "moe": 1403, "coverage_all": 3956.0623, "coverage_na": 3479.2329, "coverage_4050": 135.9421, "coverage_5060": 197.3653, "coverage_6070": 110.0947, "coverage_7080": 33.4273, "coverage_8090": 0.0, "coverage_90": 0.0, "noise4050n": 255.244, "noise5060n": 371.1574, "noise6070n": 200.5581, "noise7080n": 58.1136, "noise8090n": 0.0, "noise90n": 0.0, "noise4050p": 0.0344, "noise5060p": 0.0499, "noise6070p": 0.0278, "noise7080p": 0.0084, "noise8090p": 0.0, "noise90p": 0.0 }, "geometry": { "type": "MultiPolygon", "coordinates": [ [ [ [ -97.147286000050144, 32.597697000330172 ], [ -97.145246999577537, 32.600598999927875 ], [ -97.144462000168659, 32.602555999955179 ], [ -97.142368000356598, 32.61106299967993 ], [ -97.142242000053557, 32.611598000074373 ], [ -97.140993999762941, 32.611470999887906 ], [ -97.13511300051924, 32.611465999652481 ], [ -97.125740999575484, 32.611434999781338 ], [ -97.120316000238859, 32.613878000288935 ], [ -97.120101999849453, 32.613552999627295 ], [ -97.117615999810042, 32.609836999738071 ], [ -97.117279000193847, 32.609487999979812 ], [ -97.116416000030668, 32.608227000238081 ], [ -97.116641000524012, 32.608123999570751 ], [ -97.115627000073758, 32.606635999604663 ], [ -97.121365999861013, 32.603894000366431 ], [ -97.12492599950933, 32.602194000234554 ], [ -97.12736599988969, 32.601008000077265 ], [ -97.131509000224042, 32.599077999758173 ], [ -97.142966000152569, 32.593491000329571 ], [ -97.143578000292251, 32.593125000252009 ], [ -97.143861000297349, 32.592986000256992 ], [ -97.147518999778001, 32.597416999642526 ], [ -97.147286000050144, 32.597697000330172 ] ] ] ] } },
{ "type": "Feature", "properties": { "GEOID": "48439111552", "NAME": "Census Tract 1115.52, Tarrant County, Texas", "variable": "B01003_001", "estimate": 3294, "moe": 329, "coverage_all": 2936.0813, "coverage_na": 2081.1579, "coverage_4050": 546.048, "coverage_5060": 281.53, "coverage_6070": 24.7414, "coverage_7080": 2.604, "coverage_8090": 0.0, "coverage_90": 0.0, "noise4050n": 599.9546, "noise5060n": 311.4094, "noise6070n": 27.4982, "noise7080n": 2.8941, "noise8090n": 0.0, "noise90n": 0.0, "noise4050p": 0.186, "noise5060p": 0.0959, "noise6070p": 0.0084, "noise7080p": 0.0009, "noise8090p": 0.0, "noise90p": 0.0 }, "geometry": { "type": "MultiPolygon", "coordinates": [ [ [ [ -97.149450999802326, 32.6861490000719 ], [ -97.149450999540591, 32.688089000337428 ], [ -97.149451999629562, 32.688463999903426 ], [ -97.149398999503518, 32.692217000382207 ], [ -97.149343999955832, 32.699529999994539 ], [ -97.13686399955948, 32.69952299979397 ], [ -97.135821000159851, 32.699512000200485 ], [ -97.131871000420887, 32.699474999912447 ], [ -97.12276400036464, 32.699294999965915 ], [ -97.128047000205811, 32.692112999627078 ], [ -97.12849500042114, 32.691512999655487 ], [ -97.129371999556284, 32.691913000148716 ], [ -97.129917999620687, 32.692039000404492 ], [ -97.135075000264749, 32.692154000240627 ], [ -97.138705999959839, 32.692163000156668 ], [ -97.138718000488623, 32.689684000311757 ], [ -97.138751999976435, 32.688929000399291 ], [ -97.138728999775196, 32.686366000301597 ], [ -97.13846600003221, 32.684881999957646 ], [ -97.149474999901599, 32.685046000058257 ], [ -97.149450999802326, 32.6861490000719 ] ] ] ] } },
{ "type": "Feature", "properties": { "GEOID": "48439111553", "NAME": "Census Tract 1115.53, Tarrant County, Texas", "variable": "B01003_001", "estimate": 4179, "moe": 692, "coverage_all": 2519.7497, "coverage_na": 1544.4024, "coverage_4050": 439.6402, "coverage_5060": 356.3693, "coverage_6070": 91.4228, "coverage_7080": 41.2235, "coverage_8090": 46.6916, "coverage_90": 0.0, "noise4050n": 1075.8303, "noise5060n": 618.1514, "noise6070n": 147.9061, "noise7080n": 45.4095, "noise8090n": 44.7045, "noise90n": 0.0, "noise4050p": 0.1745, "noise5060p": 0.1414, "noise6070p": 0.0363, "noise7080p": 0.0164, "noise8090p": 0.0185, "noise90p": 0.0 }, "geometry": { "type": "MultiPolygon", "coordinates": [ [ [ [ -97.149585999706673, 32.677763999597431 ], [ -97.149474999901599, 32.685046000058257 ], [ -97.13846600003221, 32.684881999957646 ], [ -97.138728999775196, 32.686366000301597 ], [ -97.138751999976435, 32.688929000399291 ], [ -97.138718000488623, 32.689684000311757 ], [ -97.138705999959839, 32.692163000156668 ], [ -97.135075000264749, 32.692154000240627 ], [ -97.129917999620687, 32.692039000404492 ], [ -97.129371999556284, 32.691913000148716 ], [ -97.12849500042114, 32.691512999655487 ], [ -97.129581000054486, 32.689557000405301 ], [ -97.13245099964432, 32.684388999618314 ], [ -97.134359000507615, 32.680879999756122 ], [ -97.134976000385379, 32.679211999906407 ], [ -97.135253999916515, 32.677915999992628 ], [ -97.135266000280097, 32.677057999616991 ], [ -97.135095000390351, 32.675584000207984 ], [ -97.135061000528111, 32.675268999817895 ], [ -97.143154000124923, 32.674361999948538 ], [ -97.149494999919895, 32.674394000238543 ], [ -97.149585999706673, 32.677763999597431 ] ] ] ] } },
{ "type": "Feature", "properties": { "GEOID": "48439111554", "NAME": "Census Tract 1115.54, Tarrant County, Texas", "variable": "B01003_001", "estimate": 4260, "moe": 906, "coverage_all": 2871.4113, "coverage_na": 2237.3513, "coverage_4050": 274.136, "coverage_5060": 240.3768, "coverage_6070": 73.8091, "coverage_7080": 45.738, "coverage_8090": 0.0, "coverage_90": 0.0, "noise4050n": 417.3326, "noise5060n": 346.5024, "noise6070n": 117.7025, "noise7080n": 48.8175, "noise8090n": 0.0, "noise90n": 0.0, "noise4050p": 0.0955, "noise5060p": 0.0837, "noise6070p": 0.0257, "noise7080p": 0.0159, "noise8090p": 0.0, "noise90p": 0.0 }, "geometry": { "type": "MultiPolygon", "coordinates": [ [ [ [ -97.063302000426447, 32.668089999912638 ], [ -97.062867000464323, 32.668092000121518 ], [ -97.062222000018977, 32.66809500029683 ], [ -97.062183999943471, 32.66878200010683 ], [ -97.057717000320864, 32.668397000046824 ], [ -97.052687000225205, 32.665986999642421 ], [ -97.05020999956578, 32.665367999798043 ], [ -97.046220999942634, 32.665277000372377 ], [ -97.042946999865364, 32.665810000346923 ], [ -97.04152199971368, 32.666210000053553 ], [ -97.036739999757501, 32.666273999911589 ], [ -97.036823999935706, 32.659489000353219 ], [ -97.039942999925472, 32.657292000297382 ], [ -97.040813999834072, 32.656185999704597 ], [ -97.041581999816003, 32.65471599956814 ], [ -97.043135000440998, 32.651657000192188 ], [ -97.046258000311326, 32.654134999709228 ], [ -97.051380000053015, 32.654607999600607 ], [ -97.052596999494881, 32.655608000079148 ], [ -97.055010999568665, 32.660288999998663 ], [ -97.057548000298723, 32.661633999913526 ], [ -97.058795000530708, 32.66177200038225 ], [ -97.062304000247366, 32.661633000405956 ], [ -97.063291999607429, 32.661564000218469 ], [ -97.063751000064826, 32.661506999996384 ], [ -97.063302000426447, 32.668089999912638 ] ] ] ] } },
{ "type": "Feature", "properties": { "GEOID": "48439111555", "NAME": "Census Tract 1115.55, Tarrant County, Texas", "variable": "B01003_001", "estimate": 4733, "moe": 1065, "coverage_all": 2890.119, "coverage_na": 1670.4051, "coverage_4050": 595.8538, "coverage_5060": 352.0623, "coverage_6070": 205.4286, "coverage_7080": 66.3692, "coverage_8090": 0.0, "coverage_90": 0.0, "noise4050n": 900.6705, "noise5060n": 404.1679, "noise6070n": 235.3381, "noise7080n": 68.4156, "noise8090n": 0.0, "noise90n": 0.0, "noise4050p": 0.2062, "noise5060p": 0.1218, "noise6070p": 0.0711, "noise7080p": 0.023, "noise8090p": 0.0, "noise90p": 0.0 }, "geometry": { "type": "MultiPolygon", "coordinates": [ [ [ [ -97.064171999625657, 32.648347000054422 ], [ -97.062540000136352, 32.651236000093512 ], [ -97.062515000331828, 32.652508999695506 ], [ -97.063373000458881, 32.6605819997949 ], [ -97.063751000064826, 32.661506999996384 ], [ -97.063291999607429, 32.661564000218469 ], [ -97.062304000247366, 32.661633000405956 ], [ -97.058795000530708, 32.66177200038225 ], [ -97.057548000298723, 32.661633999913526 ], [ -97.055010999568665, 32.660288999998663 ], [ -97.052596999494881, 32.655608000079148 ], [ -97.051380000053015, 32.654607999600607 ], [ -97.046258000311326, 32.654134999709228 ], [ -97.043135000440998, 32.651657000192188 ], [ -97.041581999816003, 32.65471599956814 ], [ -97.040813999834072, 32.656185999704597 ], [ -97.039942999925472, 32.657292000297382 ], [ -97.036823999935706, 32.659489000353219 ], [ -97.036906999614644, 32.655158000090196 ], [ -97.037062999685645, 32.645873000320996 ], [ -97.040504999664378, 32.647613000173791 ], [ -97.043548000343165, 32.647877000052851 ], [ -97.043864000039235, 32.647870999818984 ], [ -97.044133999865323, 32.647876000270806 ], [ -97.04699000036382, 32.647910999973931 ], [ -97.051253999956273, 32.647367999758785 ], [ -97.05641599957373, 32.647376999711334 ], [ -97.057586000435393, 32.647887999682276 ], [ -97.058981000129847, 32.648337999885726 ], [ -97.059932000489155, 32.648452000016611 ], [ -97.063860000492753, 32.648417999752361 ], [ -97.064171999625657, 32.648347000054422 ] ] ] ] } },
{ "type": "Feature", "properties": { "GEOID": "48439111556", "NAME": "Census Tract 1115.56, Tarrant County, Texas", "variable": "B01003_001", "estimate": 4695, "moe": 793, "coverage_all": 1698.0353, "coverage_na": 1005.0, "coverage_4050": 316.5535, "coverage_5060": 225.0114, "coverage_6070": 97.3176, "coverage_7080": 42.1528, "coverage_8090": 12.0, "coverage_90": 0.0, "noise4050n": 839.1969, "noise5060n": 636.171, "noise6070n": 289.429, "noise7080n": 125.3653, "noise8090n": 35.6888, "noise90n": 0.0, "noise4050p": 0.1864, "noise5060p": 0.1325, "noise6070p": 0.0573, "noise7080p": 0.0248, "noise8090p": 0.0071, "noise90p": 0.0 }, "geometry": { "type": "MultiPolygon", "coordinates": [ [ [ [ -97.072147999716535, 32.691608000015123 ], [ -97.07207900032833, 32.695202999835125 ], [ -97.071982999811297, 32.705292000139622 ], [ -97.071833999583646, 32.706041000421244 ], [ -97.06774899978744, 32.706029999900778 ], [ -97.064045000138023, 32.706055999823207 ], [ -97.062945000179639, 32.70607999960211 ], [ -97.062597999550107, 32.706077000027953 ], [ -97.061122999525196, 32.706048999683574 ], [ -97.062122999986741, 32.703291000404207 ], [ -97.062128000122527, 32.703042000320252 ], [ -97.062083000290642, 32.695302000091857 ], [ -97.061792000179025, 32.691491000172249 ], [ -97.062383000039532, 32.691516999702209 ], [ -97.062752999988803, 32.691499999831883 ], [ -97.065960999743083, 32.691430999837387 ], [ -97.06756799983792, 32.691436999847177 ], [ -97.072165999950286, 32.691480999973585 ], [ -97.072147999716535, 32.691608000015123 ] ] ] ] } },
{ "type": "Feature", "properties": { "GEOID": "48439111557", "NAME": "Census Tract 1115.57, Tarrant County, Texas", "variable": "B01003_001", "estimate": 2454, "moe": 394, "coverage_all": 1435.4594, "coverage_na": 1102.6346, "coverage_4050": 222.2016, "coverage_5060": 110.6233, "coverage_6070": 0.0, "coverage_7080": 0.0, "coverage_8090": 0.0, "coverage_90": 0.0, "noise4050n": 379.8733, "noise5060n": 188.541, "noise6070n": 0.0, "noise7080n": 0.0, "noise8090n": 0.0, "noise90n": 0.0, "noise4050p": 0.1548, "noise5060p": 0.0771, "noise6070p": 0.0, "noise7080p": 0.0, "noise8090p": 0.0, "noise90p": 0.0 }, "geometry": { "type": "MultiPolygon", "coordinates": [ [ [ [ -97.080534000048956, 32.700777000124745 ], [ -97.080458999743087, 32.70613899965074 ], [ -97.07971500045204, 32.706059999956551 ], [ -97.071833999583646, 32.706041000421244 ], [ -97.071982999811297, 32.705292000139622 ], [ -97.07207900032833, 32.695202999835125 ], [ -97.072147999716535, 32.691608000015123 ], [ -97.072165999950286, 32.691480999973585 ], [ -97.076190000359347, 32.691516000133831 ], [ -97.080493000202949, 32.691545999649385 ], [ -97.080753999464449, 32.691545999757551 ], [ -97.080534000048956, 32.700777000124745 ] ] ] ] } },
{ "type": "Feature", "properties": { "GEOID": "48439111558", "NAME": "Census Tract 1115.58, Tarrant County, Texas", "variable": "B01003_001", "estimate": 6670, "moe": 894, "coverage_all": 2605.5978, "coverage_na": 548.1844, "coverage_4050": 1669.5265, "coverage_5060": 372.313, "coverage_6070": 15.4246, "coverage_7080": 0.1493, "coverage_8090": 0.0, "coverage_90": 0.0, "noise4050n": 4491.6637, "noise5060n": 1092.2389, "noise6070n": 39.9227, "noise7080n": 0.2849, "noise8090n": 0.0, "noise90n": 0.0, "noise4050p": 0.6407, "noise5060p": 0.1429, "noise6070p": 0.0059, "noise7080p": 0.0001, "noise8090p": 0.0, "noise90p": 0.0 }, "geometry": { "type": "MultiPolygon", "coordinates": [ [ [ [ -97.114862999999175, 32.703296000136781 ], [ -97.114673000054424, 32.705457999622809 ], [ -97.114648000077878, 32.706187000370278 ], [ -97.113436000243638, 32.705927000130686 ], [ -97.112094999953371, 32.706066000304993 ], [ -97.111375000370558, 32.706296999576168 ], [ -97.108726000084403, 32.706329999897186 ], [ -97.097669000193179, 32.706234999799584 ], [ -97.09771800029479, 32.703597000084393 ], [ -97.097764999977514, 32.700189999829618 ], [ -97.097836000164662, 32.691736000041665 ], [ -97.105006999588866, 32.691786000284367 ], [ -97.106687999989632, 32.691496999684134 ], [ -97.107271999681544, 32.6929149999117 ], [ -97.108446000180649, 32.694579999938881 ], [ -97.110654999934624, 32.694521000431614 ], [ -97.114763999617679, 32.695506999624165 ], [ -97.11500599959939, 32.695514999648388 ], [ -97.114862999999175, 32.703296000136781 ] ] ] ] } },
{ "type": "Feature", "properties": { "GEOID": "48439111559", "NAME": "Census Tract 1115.59, Tarrant County, Texas", "variable": "B01003_001", "estimate": 1667, "moe": 475, "coverage_all": 1765.119, "coverage_na": 189.4507, "coverage_4050": 1347.3664, "coverage_5060": 180.2864, "coverage_6070": 42.2002, "coverage_7080": 5.8153, "coverage_8090": 0.0, "coverage_90": 0.0, "noise4050n": 1283.7319, "noise5060n": 193.5024, "noise6070n": 33.7584, "noise7080n": 4.6461, "noise8090n": 0.0, "noise90n": 0.0, "noise4050p": 0.7633, "noise5060p": 0.1021, "noise6070p": 0.0239, "noise7080p": 0.0033, "noise8090p": 0.0, "noise90p": 0.0 }, "geometry": { "type": "MultiPolygon", "coordinates": [ [ [ [ -97.128047000205811, 32.692112999627078 ], [ -97.12276400036464, 32.699294999965915 ], [ -97.119593000485111, 32.703535999837875 ], [ -97.118303999640872, 32.705242999943302 ], [ -97.117433999875217, 32.70643700039664 ], [ -97.115464000037861, 32.706401000413869 ], [ -97.114648000077878, 32.706187000370278 ], [ -97.114673000054424, 32.705457999622809 ], [ -97.114862999999175, 32.703296000136781 ], [ -97.11500599959939, 32.695514999648388 ], [ -97.114763999617679, 32.695506999624165 ], [ -97.110654999934624, 32.694521000431614 ], [ -97.108446000180649, 32.694579999938881 ], [ -97.107271999681544, 32.6929149999117 ], [ -97.106687999989632, 32.691496999684134 ], [ -97.108634000232868, 32.691036999666572 ], [ -97.115008999846296, 32.690965000263844 ], [ -97.121448999472207, 32.691442999721929 ], [ -97.124315999845891, 32.691197000185703 ], [ -97.127390999679875, 32.691195000112046 ], [ -97.12849500042114, 32.691512999655487 ], [ -97.128047000205811, 32.692112999627078 ] ] ] ] } },
{ "type": "Feature", "properties": { "GEOID": "48439111560", "NAME": "Census Tract 1115.60, Tarrant County, Texas", "variable": "B01003_001", "estimate": 6842, "moe": 1922, "coverage_all": 3832.2984, "coverage_na": 0.0, "coverage_4050": 1469.4652, "coverage_5060": 2197.7196, "coverage_6070": 165.1136, "coverage_7080": 0.0, "coverage_8090": 0.0, "coverage_90": 0.0, "noise4050n": 2531.1224, "noise5060n": 3985.5083, "noise6070n": 325.3693, "noise7080n": 0.0, "noise8090n": 0.0, "noise90n": 0.0, "noise4050p": 0.3834, "noise5060p": 0.5735, "noise6070p": 0.0431, "noise7080p": 0.0, "noise8090p": 0.0, "noise90p": 0.0 }, "geometry": { "type": "MultiPolygon", "coordinates": [ [ [ [ -97.10246300018882, 32.634027000420865 ], [ -97.102233999826154, 32.63827099961189 ], [ -97.102220000144769, 32.638945000277374 ], [ -97.102259999497676, 32.644798999798411 ], [ -97.10223199947329, 32.649378000119192 ], [ -97.099011999812788, 32.649699000008113 ], [ -97.096898999699093, 32.648878000409475 ], [ -97.094130999923806, 32.648840000231793 ], [ -97.091690000506603, 32.650903000034234 ], [ -97.088227000352134, 32.649668999835761 ], [ -97.088253999993682, 32.648593000234051 ], [ -97.088255000480814, 32.641259999662196 ], [ -97.088308000139392, 32.639403999995686 ], [ -97.088433999606821, 32.638830999601971 ], [ -97.089035000095038, 32.636927000382357 ], [ -97.089089999846195, 32.635761999990464 ], [ -97.089104999727098, 32.634087999896551 ], [ -97.088694999896319, 32.631091999585934 ], [ -97.087076999585562, 32.628618000102371 ], [ -97.097538000479673, 32.623666000334822 ], [ -97.098520999600808, 32.623304999836847 ], [ -97.100873000067935, 32.626837000324741 ], [ -97.101387000030442, 32.627602999649838 ], [ -97.102657000228021, 32.629713999557374 ], [ -97.10246300018882, 32.634027000420865 ] ] ] ] } },
{ "type": "Feature", "properties": { "GEOID": "48439111561", "NAME": "Census Tract 1115.61, Tarrant County, Texas", "variable": "B01003_001", "estimate": 4866, "moe": 682, "coverage_all": 2570.6473, "coverage_na": 176.0, "coverage_4050": 1189.996, "coverage_5060": 1146.3085, "coverage_6070": 58.3428, "coverage_7080": 0.0, "coverage_8090": 0.0, "coverage_90": 0.0, "noise4050n": 2163.4597, "noise5060n": 2295.816, "noise6070n": 150.2014, "noise7080n": 0.0, "noise8090n": 0.0, "noise90n": 0.0, "noise4050p": 0.4629, "noise5060p": 0.4459, "noise6070p": 0.0227, "noise7080p": 0.0, "noise8090p": 0.0, "noise90p": 0.0 }, "geometry": { "type": "MultiPolygon", "coordinates": [ [ [ [ -97.089089999846195, 32.635761999990464 ], [ -97.089035000095038, 32.636927000382357 ], [ -97.088433999606821, 32.638830999601971 ], [ -97.088308000139392, 32.639403999995686 ], [ -97.088255000480814, 32.641259999662196 ], [ -97.088253999993682, 32.648593000234051 ], [ -97.082509000495321, 32.648534000416717 ], [ -97.081971999906287, 32.648440000166836 ], [ -97.080896999736893, 32.648040000236136 ], [ -97.080530999560651, 32.64778900012174 ], [ -97.079416999789274, 32.648240000116111 ], [ -97.078521000395114, 32.648382000005221 ], [ -97.077552999636097, 32.648415999586234 ], [ -97.077046000388791, 32.648393000305482 ], [ -97.076674000527532, 32.64544299998461 ], [ -97.075331999686227, 32.643734999699944 ], [ -97.075162000531805, 32.643208999946083 ], [ -97.075134999922568, 32.641189999627215 ], [ -97.075285000473727, 32.636001000434788 ], [ -97.075141999692136, 32.634391999971548 ], [ -97.079891999543747, 32.632145000066295 ], [ -97.081499999477813, 32.631282999849951 ], [ -97.087076999585562, 32.628618000102371 ], [ -97.088694999896319, 32.631091999585934 ], [ -97.089104999727098, 32.634087999896551 ], [ -97.089089999846195, 32.635761999990464 ] ] ] ] } },
{ "type": "Feature", "properties": { "GEOID": "48439111562", "NAME": "Census Tract 1115.62, Tarrant County, Texas", "variable": "B01003_001", "estimate": 6534, "moe": 1540, "coverage_all": 4579.6113, "coverage_na": 2754.346, "coverage_4050": 1532.1268, "coverage_5060": 291.5608, "coverage_6070": 1.5777, "coverage_7080": 0.0, "coverage_8090": 0.0, "coverage_90": 0.0, "noise4050n": 2341.6518, "noise5060n": 435.7621, "noise6070n": 2.0316, "noise7080n": 0.0, "noise8090n": 0.0, "noise90n": 0.0, "noise4050p": 0.3346, "noise5060p": 0.0637, "noise6070p": 0.0003, "noise7080p": 0.0, "noise8090p": 0.0, "noise90p": 0.0 }, "geometry": { "type": "MultiPolygon", "coordinates": [ [ [ [ -97.087076999585562, 32.628618000102371 ], [ -97.081499999477813, 32.631282999849951 ], [ -97.079891999543747, 32.632145000066295 ], [ -97.075141999692136, 32.634391999971548 ], [ -97.075285000473727, 32.636001000434788 ], [ -97.075134999922568, 32.641189999627215 ], [ -97.075162000531805, 32.643208999946083 ], [ -97.075331999686227, 32.643734999699944 ], [ -97.076674000527532, 32.64544299998461 ], [ -97.077046000388791, 32.648393000305482 ], [ -97.075112999658089, 32.648361999594606 ], [ -97.066479000226337, 32.648363999747794 ], [ -97.065917999517509, 32.648356000385014 ], [ -97.064171999625657, 32.648347000054422 ], [ -97.063606999975107, 32.645738999675167 ], [ -97.063766000166439, 32.643494000260453 ], [ -97.064654999875273, 32.638229000412707 ], [ -97.06555000021568, 32.635534999677738 ], [ -97.065627000367911, 32.634832999771234 ], [ -97.065645000533664, 32.634572000433273 ], [ -97.066320000355418, 32.632259000274999 ], [ -97.070264000008947, 32.626968999787351 ], [ -97.071987000443187, 32.624865999860795 ], [ -97.075532999853351, 32.620137999721379 ], [ -97.076619999687892, 32.617759999872689 ], [ -97.077517000276416, 32.611760999694937 ], [ -97.078381000351882, 32.609050000133642 ], [ -97.078920999670217, 32.608699999842052 ], [ -97.081728999697305, 32.612906000433512 ], [ -97.082844000093885, 32.613550999573448 ], [ -97.082445000006246, 32.615081999785261 ], [ -97.082864000454549, 32.619877999975017 ], [ -97.083410999965579, 32.622959999561715 ], [ -97.087076999585562, 32.628618000102371 ] ] ] ] } },
{ "type": "Feature", "properties": { "GEOID": "48439111563", "NAME": "Census Tract 1115.63, Tarrant County, Texas", "variable": "B01003_001", "estimate": 4381, "moe": 597, "coverage_all": 3979.208, "coverage_na": 3046.7063, "coverage_4050": 360.1809, "coverage_5060": 376.2342, "coverage_6070": 137.5317, "coverage_7080": 58.5549, "coverage_8090": 0.0, "coverage_90": 0.0, "noise4050n": 373.1995, "noise5060n": 404.4709, "noise6070n": 138.4135, "noise7080n": 60.7819, "noise8090n": 0.0, "noise90n": 0.0, "noise4050p": 0.0905, "noise5060p": 0.0946, "noise6070p": 0.0346, "noise7080p": 0.0147, "noise8090p": 0.0, "noise90p": 0.0 }, "geometry": { "type": "MultiPolygon", "coordinates": [ [ [ [ -97.06555000021568, 32.635534999677738 ], [ -97.064654999875273, 32.638229000412707 ], [ -97.063766000166439, 32.643494000260453 ], [ -97.063606999975107, 32.645738999675167 ], [ -97.064171999625657, 32.648347000054422 ], [ -97.063860000492753, 32.648417999752361 ], [ -97.059932000489155, 32.648452000016611 ], [ -97.058981000129847, 32.648337999885726 ], [ -97.057586000435393, 32.647887999682276 ], [ -97.05641599957373, 32.647376999711334 ], [ -97.051253999956273, 32.647367999758785 ], [ -97.04699000036382, 32.647910999973931 ], [ -97.044133999865323, 32.647876000270806 ], [ -97.043864000039235, 32.647870999818984 ], [ -97.043548000343165, 32.647877000052851 ], [ -97.040504999664378, 32.647613000173791 ], [ -97.037062999685645, 32.645873000320996 ], [ -97.037072000513547, 32.645435999706137 ], [ -97.037209999513266, 32.638371000336221 ], [ -97.038950999988202, 32.637753000322576 ], [ -97.04466500021995, 32.634839000052658 ], [ -97.049420999985429, 32.632736999800699 ], [ -97.05159700011383, 32.632993999621291 ], [ -97.055372999635935, 32.634735999696794 ], [ -97.059153000236861, 32.634866000162695 ], [ -97.061878000517211, 32.635741000336971 ], [ -97.065341000155271, 32.635563999679292 ], [ -97.06555000021568, 32.635534999677738 ] ] ] ] } },
{ "type": "Feature", "properties": { "GEOID": "48439111564", "NAME": "Census Tract 1115.64, Tarrant County, Texas", "variable": "B01003_001", "estimate": 4306, "moe": 626, "coverage_all": 11736.4812, "coverage_na": 10385.5822, "coverage_4050": 507.237, "coverage_5060": 476.9321, "coverage_6070": 245.4494, "coverage_7080": 121.2804, "coverage_8090": 0.0, "coverage_90": 0.0, "noise4050n": 179.073, "noise5060n": 186.1046, "noise6070n": 105.2858, "noise7080n": 31.6826, "noise8090n": 0.0, "noise90n": 0.0, "noise4050p": 0.0432, "noise5060p": 0.0406, "noise6070p": 0.0209, "noise7080p": 0.0103, "noise8090p": 0.0, "noise90p": 0.0 }, "geometry": { "type": "MultiPolygon", "coordinates": [ [ [ [ -97.078771999811096, 32.590164999603353 ], [ -97.077757999983021, 32.606464999701302 ], [ -97.078381000351882, 32.609050000133642 ], [ -97.077517000276416, 32.611760999694937 ], [ -97.076619999687892, 32.617759999872689 ], [ -97.075532999853351, 32.620137999721379 ], [ -97.071987000443187, 32.624865999860795 ], [ -97.070264000008947, 32.626968999787351 ], [ -97.066320000355418, 32.632259000274999 ], [ -97.065645000533664, 32.634572000433273 ], [ -97.065627000367911, 32.634832999771234 ], [ -97.06555000021568, 32.635534999677738 ], [ -97.065341000155271, 32.635563999679292 ], [ -97.061878000517211, 32.635741000336971 ], [ -97.059153000236861, 32.634866000162695 ], [ -97.055372999635935, 32.634735999696794 ], [ -97.05159700011383, 32.632993999621291 ], [ -97.049420999985429, 32.632736999800699 ], [ -97.04466500021995, 32.634839000052658 ], [ -97.038950999988202, 32.637753000322576 ], [ -97.037209999513266, 32.638371000336221 ], [ -97.037327999677501, 32.630806000205261 ], [ -97.037455000166062, 32.622841000094972 ], [ -97.038989000194618, 32.622976000046826 ], [ -97.0391189998724, 32.622968999848148 ], [ -97.044979999923541, 32.621323000133643 ], [ -97.049511000422584, 32.618239999869076 ], [ -97.058303999577916, 32.609107999867028 ], [ -97.058980999724469, 32.604365000025489 ], [ -97.061482999760074, 32.602286999676863 ], [ -97.059876000370082, 32.599266000187932 ], [ -97.061117999922701, 32.596696999686799 ], [ -97.064181000256028, 32.594527000327481 ], [ -97.065991999553503, 32.595293999745877 ], [ -97.067797999725371, 32.594276999626452 ], [ -97.068217999629184, 32.595052000360177 ], [ -97.06929700002523, 32.594159999621702 ], [ -97.071604000136944, 32.595075000220987 ], [ -97.072695999906358, 32.593044000221504 ], [ -97.075386999850792, 32.592313999609665 ], [ -97.073786000225581, 32.592065999889257 ], [ -97.074671000045171, 32.590484999701893 ], [ -97.074728000029694, 32.590577999652965 ], [ -97.075894999804987, 32.590618000105621 ], [ -97.076447000396229, 32.590295000007188 ], [ -97.076817999464595, 32.59027699969257 ], [ -97.078516000390721, 32.590186999907274 ], [ -97.078725999771223, 32.590169000063717 ], [ -97.078771999811096, 32.590164999603353 ] ] ] ] } },
{ "type": "Feature", "properties": { "GEOID": "48439111565", "NAME": "Census Tract 1115.65, Tarrant County, Texas", "variable": "B01003_001", "estimate": 5159, "moe": 592, "coverage_all": 4851.4692, "coverage_na": 4454.4369, "coverage_4050": 123.774, "coverage_5060": 225.8887, "coverage_6070": 40.7805, "coverage_7080": 6.589, "coverage_8090": 0.0, "coverage_90": 0.0, "noise4050n": 141.9669, "noise5060n": 252.4337, "noise6070n": 71.4586, "noise7080n": 11.5457, "noise8090n": 0.0, "noise90n": 0.0, "noise4050p": 0.0255, "noise5060p": 0.0466, "noise6070p": 0.0084, "noise7080p": 0.0014, "noise8090p": 0.0, "noise90p": 0.0 }, "geometry": { "type": "MultiPolygon", "coordinates": [ [ [ [ -97.079071999586617, 32.585563000207635 ], [ -97.078877999579959, 32.586086000175335 ], [ -97.078751999765757, 32.586739999674819 ], [ -97.078516000390721, 32.590186999907274 ], [ -97.076817999464595, 32.59027699969257 ], [ -97.076447000396229, 32.590295000007188 ], [ -97.075894999804987, 32.590618000105621 ], [ -97.074728000029694, 32.590577999652965 ], [ -97.074671000045171, 32.590484999701893 ], [ -97.073786000225581, 32.592065999889257 ], [ -97.075386999850792, 32.592313999609665 ], [ -97.072695999906358, 32.593044000221504 ], [ -97.071604000136944, 32.595075000220987 ], [ -97.06929700002523, 32.594159999621702 ], [ -97.068217999629184, 32.595052000360177 ], [ -97.067797999725371, 32.594276999626452 ], [ -97.065991999553503, 32.595293999745877 ], [ -97.064181000256028, 32.594527000327481 ], [ -97.061117999922701, 32.596696999686799 ], [ -97.059876000370082, 32.599266000187932 ], [ -97.061482999760074, 32.602286999676863 ], [ -97.058980999724469, 32.604365000025489 ], [ -97.058303999577916, 32.609107999867028 ], [ -97.057551000124462, 32.608317000253052 ], [ -97.054385999761735, 32.606090999654228 ], [ -97.047684000200206, 32.596344999894932 ], [ -97.04508700036132, 32.592437999692564 ], [ -97.044763000311576, 32.591964000138219 ], [ -97.049770999918948, 32.590514000347454 ], [ -97.054890999574212, 32.588582000411712 ], [ -97.057034000284872, 32.586852000100016 ], [ -97.059870999797866, 32.585923999797139 ], [ -97.061338999910191, 32.584980999716294 ], [ -97.062414000393545, 32.584505999950537 ], [ -97.071648999731295, 32.580175000029357 ], [ -97.075443999613285, 32.579689000361796 ], [ -97.075581999985388, 32.57995299991174 ], [ -97.075958000245095, 32.580560000315621 ], [ -97.076432000028106, 32.581230000149176 ], [ -97.076853000192031, 32.581662000436843 ], [ -97.077076000145283, 32.581695999948664 ], [ -97.080519000101717, 32.583579999802097 ], [ -97.079071999586617, 32.585563000207635 ] ] ] ] } },
{ "type": "Feature", "properties": { "GEOID": "48439111566", "NAME": "Census Tract 1115.66, Tarrant County, Texas", "variable": "B01003_001", "estimate": 6823, "moe": 1874, "coverage_all": 5056.4897, "coverage_na": 4678.3012, "coverage_4050": 169.5632, "coverage_5060": 165.8378, "coverage_6070": 42.7875, "coverage_7080": 0.0, "coverage_8090": 0.0, "coverage_90": 0.0, "noise4050n": 222.3705, "noise5060n": 225.064, "noise6070n": 63.2295, "noise7080n": 0.0, "noise8090n": 0.0, "noise90n": 0.0, "noise4050p": 0.0335, "noise5060p": 0.0328, "noise6070p": 0.0085, "noise7080p": 0.0, "noise8090p": 0.0, "noise90p": 0.0 }, "geometry": { "type": "MultiPolygon", "coordinates": [ [ [ [ -97.058303999577916, 32.609107999867028 ], [ -97.049511000422584, 32.618239999869076 ], [ -97.044979999923541, 32.621323000133643 ], [ -97.0391189998724, 32.622968999848148 ], [ -97.038989000194618, 32.622976000046826 ], [ -97.037455000166062, 32.622841000094972 ], [ -97.03753100044139, 32.618467000244003 ], [ -97.037623000286615, 32.612774000414596 ], [ -97.038066999769867, 32.586287999572541 ], [ -97.040071000470135, 32.585315000062891 ], [ -97.040449000510392, 32.5854819998696 ], [ -97.044763000311576, 32.591964000138219 ], [ -97.04508700036132, 32.592437999692564 ], [ -97.047684000200206, 32.596344999894932 ], [ -97.054385999761735, 32.606090999654228 ], [ -97.057551000124462, 32.608317000253052 ], [ -97.058303999577916, 32.609107999867028 ] ] ] ] } },
{ "type": "Feature", "properties": { "GEOID": "48439111567", "NAME": "Census Tract 1115.67, Tarrant County, Texas", "variable": "B01003_001", "estimate": 9371, "moe": 2523, "coverage_all": 3867.4858, "coverage_na": 3544.8481, "coverage_4050": 106.3228, "coverage_5060": 157.6903, "coverage_6070": 58.6246, "coverage_7080": 0.0, "coverage_8090": 0.0, "coverage_90": 0.0, "noise4050n": 280.45, "noise5060n": 321.0666, "noise6070n": 94.1321, "noise7080n": 0.0, "noise8090n": 0.0, "noise90n": 0.0, "noise4050p": 0.0275, "noise5060p": 0.0408, "noise6070p": 0.0152, "noise7080p": 0.0, "noise8090p": 0.0, "noise90p": 0.0 }, "geometry": { "type": "MultiPolygon", "coordinates": [ [ [ [ -97.141719000034399, 32.613079000357729 ], [ -97.139855999810734, 32.61593799970467 ], [ -97.13975300005221, 32.616014000187647 ], [ -97.137906000195343, 32.619221000183622 ], [ -97.136115999708636, 32.624932999610941 ], [ -97.136034999622396, 32.62690000022755 ], [ -97.123723999938875, 32.626701000334435 ], [ -97.115515000161352, 32.626668999947057 ], [ -97.115556000102032, 32.619263000082661 ], [ -97.115652000370488, 32.618283999786314 ], [ -97.117019999662546, 32.614770999763415 ], [ -97.117916999627397, 32.611855000180043 ], [ -97.117615999810042, 32.609836999738071 ], [ -97.120101999849453, 32.613552999627295 ], [ -97.120316000238859, 32.613878000288935 ], [ -97.125740999575484, 32.611434999781338 ], [ -97.13511300051924, 32.611465999652481 ], [ -97.140993999762941, 32.611470999887906 ], [ -97.142242000053557, 32.611598000074373 ], [ -97.141719000034399, 32.613079000357729 ] ] ] ] } },
{ "type": "Feature", "properties": { "GEOID": "48439111568", "NAME": "Census Tract 1115.68, Tarrant County, Texas", "variable": "B01003_001", "estimate": 7802, "moe": 1211, "coverage_all": 2829.3003, "coverage_na": 2211.2961, "coverage_4050": 466.4005, "coverage_5060": 143.4993, "coverage_6070": 8.1044, "coverage_7080": 0.0, "coverage_8090": 0.0, "coverage_90": 0.0, "noise4050n": 1180.0739, "noise5060n": 435.8935, "noise6070n": 26.625, "noise7080n": 0.0, "noise8090n": 0.0, "noise90n": 0.0, "noise4050p": 0.1648, "noise5060p": 0.0507, "noise6070p": 0.0029, "noise7080p": 0.0, "noise8090p": 0.0, "noise90p": 0.0 }, "geometry": { "type": "MultiPolygon", "coordinates": [ [ [ [ -97.117916999627397, 32.611855000180043 ], [ -97.117019999662546, 32.614770999763415 ], [ -97.115652000370488, 32.618283999786314 ], [ -97.115556000102032, 32.619263000082661 ], [ -97.115515000161352, 32.626668999947057 ], [ -97.107231999545661, 32.626538999934645 ], [ -97.106768000431771, 32.626500000296133 ], [ -97.101431999648014, 32.626610999734886 ], [ -97.100873000067935, 32.626837000324741 ], [ -97.098520999600808, 32.623304999836847 ], [ -97.098545000284616, 32.619612999983076 ], [ -97.09890299997231, 32.618464999703576 ], [ -97.099434999874774, 32.616874999563208 ], [ -97.099741999815947, 32.616428999715168 ], [ -97.105818999717656, 32.613350999933651 ], [ -97.106333999818446, 32.613110000403388 ], [ -97.10711400032055, 32.612740999587942 ], [ -97.116416000030668, 32.608227000238081 ], [ -97.117279000193847, 32.609487999979812 ], [ -97.117615999810042, 32.609836999738071 ], [ -97.117916999627397, 32.611855000180043 ] ] ] ] } },
{ "type": "Feature", "properties": { "GEOID": "48439111569", "NAME": "Census Tract 1115.69, Tarrant County, Texas", "variable": "B01003_001", "estimate": 4006, "moe": 564, "coverage_all": 2375.33, "coverage_na": 368.0, "coverage_4050": 1435.285, "coverage_5060": 332.7282, "coverage_6070": 160.0729, "coverage_7080": 39.1652, "coverage_8090": 40.0788, "coverage_90": 0.0, "noise4050n": 2586.2628, "noise5060n": 509.7068, "noise6070n": 243.5788, "noise7080n": 59.0258, "noise8090n": 55.9963, "noise90n": 0.0, "noise4050p": 0.6042, "noise5060p": 0.1401, "noise6070p": 0.0674, "noise7080p": 0.0165, "noise8090p": 0.0169, "noise90p": 0.0 }, "geometry": { "type": "MultiPolygon", "coordinates": [ [ [ [ -97.097836000164662, 32.691736000041665 ], [ -97.091581000515276, 32.691662000278924 ], [ -97.089979000189743, 32.691644999843156 ], [ -97.088344000271434, 32.691636000205371 ], [ -97.085290000337281, 32.691590999959317 ], [ -97.080753999464449, 32.691545999757551 ], [ -97.080634999586877, 32.686953999719115 ], [ -97.080677000426164, 32.684375999680164 ], [ -97.080732999520592, 32.679258999587098 ], [ -97.080251000136158, 32.677410999585703 ], [ -97.092862999953908, 32.677566999619785 ], [ -97.09297700002584, 32.679199000186664 ], [ -97.093620999848582, 32.680649999950369 ], [ -97.094821000426919, 32.682338999965097 ], [ -97.095220999894181, 32.684437999588361 ], [ -97.095277999672646, 32.686033999974597 ], [ -97.095773000169487, 32.687274999631306 ], [ -97.097565999962313, 32.689970999968345 ], [ -97.097836000164662, 32.691736000041665 ] ] ] ] } },
{ "type": "Feature", "properties": { "GEOID": "48439111570", "NAME": "Census Tract 1115.70, Tarrant County, Texas", "variable": "B01003_001", "estimate": 5466, "moe": 1195, "coverage_all": 3211.4346, "coverage_na": 967.0, "coverage_4050": 1303.4703, "coverage_5060": 407.2461, "coverage_6070": 268.9219, "coverage_7080": 173.092, "coverage_8090": 91.7042, "coverage_90": 0.0, "noise4050n": 2519.4942, "noise5060n": 471.8699, "noise6070n": 162.9318, "noise7080n": 97.0342, "noise8090n": 51.4088, "noise90n": 0.0, "noise4050p": 0.4059, "noise5060p": 0.1268, "noise6070p": 0.0837, "noise7080p": 0.0539, "noise8090p": 0.0286, "noise90p": 0.0 }, "geometry": { "type": "MultiPolygon", "coordinates": [ [ [ [ -97.080753999464449, 32.691545999757551 ], [ -97.080493000202949, 32.691545999649385 ], [ -97.076190000359347, 32.691516000133831 ], [ -97.072165999950286, 32.691480999973585 ], [ -97.06756799983792, 32.691436999847177 ], [ -97.065960999743083, 32.691430999837387 ], [ -97.062752999988803, 32.691499999831883 ], [ -97.062383000039532, 32.691516999702209 ], [ -97.061792000179025, 32.691491000172249 ], [ -97.061960000203229, 32.689565000046869 ], [ -97.061865999608813, 32.687667999911767 ], [ -97.061895000305142, 32.68402399971891 ], [ -97.06100500043209, 32.681184999682927 ], [ -97.060869000387143, 32.679797000298997 ], [ -97.060081000441755, 32.678878000161653 ], [ -97.059335999782419, 32.678569999676988 ], [ -97.056137000220815, 32.677779999765853 ], [ -97.056137999898937, 32.677060999744832 ], [ -97.062761999931297, 32.677201999764456 ], [ -97.080251000136158, 32.677410999585703 ], [ -97.080732999520592, 32.679258999587098 ], [ -97.080677000426164, 32.684375999680164 ], [ -97.080634999586877, 32.686953999719115 ], [ -97.080753999464449, 32.691545999757551 ] ] ] ] } },
{ "type": "Feature", "properties": { "GEOID": "48439111571", "NAME": "Census Tract 1115.71, Tarrant County, Texas", "variable": "B01003_001", "estimate": 3185, "moe": 752, "coverage_all": 2844.6409, "coverage_na": 2244.9849, "coverage_4050": 239.2877, "coverage_5060": 239.2388, "coverage_6070": 53.0803, "coverage_7080": 31.7475, "coverage_8090": 36.3016, "coverage_90": 0.0, "noise4050n": 306.8714, "noise5060n": 334.4958, "noise6070n": 50.5447, "noise7080n": 25.7505, "noise8090n": 29.4443, "noise90n": 0.0, "noise4050p": 0.0841, "noise5060p": 0.0841, "noise6070p": 0.0187, "noise7080p": 0.0112, "noise8090p": 0.0128, "noise90p": 0.0 }, "geometry": { "type": "MultiPolygon", "coordinates": [ [ [ [ -97.061960000203229, 32.689565000046869 ], [ -97.061792000179025, 32.691491000172249 ], [ -97.060706000039914, 32.691581000366085 ], [ -97.058533999844684, 32.691541000011327 ], [ -97.055356000386098, 32.691543999890158 ], [ -97.044100000245081, 32.691381000091042 ], [ -97.044249999660565, 32.690101000295414 ], [ -97.044339000311766, 32.684095000063685 ], [ -97.04433899963847, 32.683983999719146 ], [ -97.044453999689637, 32.676234000248137 ], [ -97.055472000458465, 32.67704000026918 ], [ -97.056137999898937, 32.677060999744832 ], [ -97.056137000220815, 32.677779999765853 ], [ -97.059335999782419, 32.678569999676988 ], [ -97.060081000441755, 32.678878000161653 ], [ -97.060869000387143, 32.679797000298997 ], [ -97.06100500043209, 32.681184999682927 ], [ -97.061895000305142, 32.68402399971891 ], [ -97.061865999608813, 32.687667999911767 ], [ -97.061960000203229, 32.689565000046869 ] ] ] ] } },
{ "type": "Feature", "properties": { "GEOID": "48439111572", "NAME": "Census Tract 1115.72, Tarrant County, Texas", "variable": "B01003_001", "estimate": 2646, "moe": 322, "coverage_all": 1392.7562, "coverage_na": 1105.2882, "coverage_4050": 75.4442, "coverage_5060": 143.0398, "coverage_6070": 26.0692, "coverage_7080": 18.6335, "coverage_8090": 24.2812, "coverage_90": 0.0, "noise4050n": 122.8838, "noise5060n": 262.3145, "noise6070n": 37.1129, "noise7080n": 26.5271, "noise8090n": 34.5673, "noise90n": 0.0, "noise4050p": 0.0542, "noise5060p": 0.1027, "noise6070p": 0.0187, "noise7080p": 0.0134, "noise8090p": 0.0174, "noise90p": 0.0 }, "geometry": { "type": "MultiPolygon", "coordinates": [ [ [ [ -97.04433899963847, 32.683983999719146 ], [ -97.044339000311766, 32.684095000063685 ], [ -97.044249999660565, 32.690101000295414 ], [ -97.044100000245081, 32.691381000091042 ], [ -97.036327000188919, 32.691321000235412 ], [ -97.036442999915181, 32.684083000388227 ], [ -97.03657400009449, 32.676205999852037 ], [ -97.036578999913161, 32.6759120002054 ], [ -97.044453999689637, 32.676234000248137 ], [ -97.04433899963847, 32.683983999719146 ] ] ] ] } },
{ "type": "Feature", "properties": { "GEOID": "48439113003", "NAME": "Census Tract 1130.03, Tarrant County, Texas", "variable": "B01003_001", "estimate": 1030, "moe": 178, "coverage_all": 9777.8452, "coverage_na": 0.0, "coverage_4050": 919.5011, "coverage_5060": 8310.2144, "coverage_6070": 337.7714, "coverage_7080": 186.2237, "coverage_8090": 24.1346, "coverage_90": 0.0, "noise4050n": 96.8604, "noise5060n": 875.3995, "noise6070n": 35.5809, "noise7080n": 19.6168, "noise8090n": 2.5423, "noise90n": 0.0, "noise4050p": 0.094, "noise5060p": 0.8499, "noise6070p": 0.0345, "noise7080p": 0.019, "noise8090p": 0.0025, "noise90p": 0.0 }, "geometry": { "type": "MultiPolygon", "coordinates": [ [ [ [ -97.062922999979179, 32.7638510001036 ], [ -97.062900000241171, 32.764339000302179 ], [ -97.062853000221324, 32.765211999939503 ], [ -97.062602000527846, 32.767194999560914 ], [ -97.061715999676551, 32.773829000431284 ], [ -97.062297000506817, 32.773844000202132 ], [ -97.061269999770246, 32.779019999670908 ], [ -97.059469999474231, 32.785357000009732 ], [ -97.057067999491892, 32.793348999794048 ], [ -97.056011000356548, 32.797001000413417 ], [ -97.054689000148116, 32.801209000282959 ], [ -97.054336999497735, 32.802503999581994 ], [ -97.053962000071834, 32.805460999929352 ], [ -97.05484599949601, 32.810354999926716 ], [ -97.056575000067937, 32.813645000341872 ], [ -97.0549160002235, 32.815396999846477 ], [ -97.053900000533204, 32.814940000065079 ], [ -97.053658000043626, 32.812501999680741 ], [ -97.050209999576865, 32.81109700013355 ], [ -97.048928999771476, 32.811339000398483 ], [ -97.049082000321334, 32.813900000430692 ], [ -97.048111999508151, 32.813266000323665 ], [ -97.046318000502893, 32.809098000097258 ], [ -97.044625000249013, 32.807941999756125 ], [ -97.042867999503386, 32.809191000159466 ], [ -97.041830999779734, 32.808670999686939 ], [ -97.041155999703705, 32.807133000305782 ], [ -97.037695999469292, 32.806566999633645 ], [ -97.036946000082693, 32.804998000244161 ], [ -97.036595999640625, 32.802634999640205 ], [ -97.037167000339707, 32.799352999908677 ], [ -97.036662000485094, 32.79733900042919 ], [ -97.03509199975106, 32.796712999586667 ], [ -97.034888000211481, 32.793647000245308 ], [ -97.035498000288229, 32.792908000385104 ], [ -97.037150999498323, 32.793195999915675 ], [ -97.035667999694567, 32.789555999811924 ], [ -97.034710999552331, 32.788481999558485 ], [ -97.034713000077133, 32.788412000368645 ], [ -97.034754999544646, 32.786033999641063 ], [ -97.034770999625408, 32.785026999714212 ], [ -97.034934000102879, 32.779928999645193 ], [ -97.042963000423015, 32.779949999862559 ], [ -97.042929999590811, 32.770370000278739 ], [ -97.04597199960898, 32.771429000298703 ], [ -97.054380999674848, 32.772250000410523 ], [ -97.054864000184025, 32.765579999839389 ], [ -97.054536999776317, 32.764297000437892 ], [ -97.056718999619221, 32.764331000136565 ], [ -97.059719999662178, 32.76434899962883 ], [ -97.059720000353195, 32.764329999900198 ], [ -97.06110999972158, 32.763257999673861 ], [ -97.062951999924067, 32.763005000296126 ], [ -97.062922999979179, 32.7638510001036 ] ] ] ] } },
{ "type": "Feature", "properties": { "GEOID": "48439113004", "NAME": "Census Tract 1130.04, Tarrant County, Texas", "variable": "B01003_001", "estimate": 2646, "moe": 703, "coverage_all": 2809.2984, "coverage_na": 0.0, "coverage_4050": 1980.5949, "coverage_5060": 815.9645, "coverage_6070": 6.7896, "coverage_7080": 4.3838, "coverage_8090": 1.5656, "coverage_90": 0.0, "noise4050n": 2055.8817, "noise5060n": 582.2053, "noise6070n": 4.2175, "noise7080n": 2.7231, "noise8090n": 0.9725, "noise90n": 0.0, "noise4050p": 0.705, "noise5060p": 0.2905, "noise6070p": 0.0024, "noise7080p": 0.0016, "noise8090p": 0.0006, "noise90p": 0.0 }, "geometry": { "type": "MultiPolygon", "coordinates": [ [ [ [ -97.054864000184025, 32.765579999839389 ], [ -97.054380999674848, 32.772250000410523 ], [ -97.04597199960898, 32.771429000298703 ], [ -97.042929999590811, 32.770370000278739 ], [ -97.042963000423015, 32.779949999862559 ], [ -97.034934000102879, 32.779928999645193 ], [ -97.035114000008676, 32.765371999857109 ], [ -97.035170999770926, 32.759693000016078 ], [ -97.037086000158325, 32.759651999559182 ], [ -97.037377999796618, 32.759646999567479 ], [ -97.037276999465774, 32.761248000062317 ], [ -97.037342000195466, 32.76131100014549 ], [ -97.039103000449373, 32.761329000121023 ], [ -97.039448000179377, 32.761406000184174 ], [ -97.045596000364668, 32.761420000280999 ], [ -97.045587999576313, 32.761535999765023 ], [ -97.045581000490387, 32.762112000373257 ], [ -97.045837000406607, 32.764308000326459 ], [ -97.048201999975433, 32.764329999701324 ], [ -97.052899000375433, 32.764341999812117 ], [ -97.053437999592632, 32.764342000068794 ], [ -97.053839000256744, 32.764318000017894 ], [ -97.054536999776317, 32.764297000437892 ], [ -97.054864000184025, 32.765579999839389 ] ] ] ] } },
{ "type": "Feature", "properties": { "GEOID": "48439113005", "NAME": "Census Tract 1130.05, Tarrant County, Texas", "variable": "B01003_001", "estimate": 2159, "moe": 523, "coverage_all": 8166.6461, "coverage_na": 0.0, "coverage_4050": 1723.7842, "coverage_5060": 5451.91, "coverage_6070": 639.4295, "coverage_7080": 295.9692, "coverage_8090": 52.5532, "coverage_90": 3.0, "noise4050n": 455.7134, "noise5060n": 1441.3106, "noise6070n": 169.0447, "noise7080n": 78.2448, "noise8090n": 13.8934, "noise90n": 0.7931, "noise4050p": 0.2111, "noise5060p": 0.6676, "noise6070p": 0.0783, "noise7080p": 0.0362, "noise8090p": 0.0064, "noise90p": 0.0004 }, "geometry": { "type": "MultiPolygon", "coordinates": [ [ [ [ -97.063447000446189, 32.759522999844457 ], [ -97.063443999839521, 32.759762999984858 ], [ -97.063449999472653, 32.763733000311532 ], [ -97.062922999979179, 32.7638510001036 ], [ -97.062951999924067, 32.763005000296126 ], [ -97.06110999972158, 32.763257999673861 ], [ -97.059720000353195, 32.764329999900198 ], [ -97.059719999662178, 32.76434899962883 ], [ -97.056718999619221, 32.764331000136565 ], [ -97.054536999776317, 32.764297000437892 ], [ -97.053839000256744, 32.764318000017894 ], [ -97.053437999592632, 32.764342000068794 ], [ -97.052899000375433, 32.764341999812117 ], [ -97.048201999975433, 32.764329999701324 ], [ -97.045837000406607, 32.764308000326459 ], [ -97.045581000490387, 32.762112000373257 ], [ -97.045587999576313, 32.761535999765023 ], [ -97.045596000364668, 32.761420000280999 ], [ -97.039448000179377, 32.761406000184174 ], [ -97.039103000449373, 32.761329000121023 ], [ -97.037342000195466, 32.76131100014549 ], [ -97.037276999465774, 32.761248000062317 ], [ -97.037377999796618, 32.759646999567479 ], [ -97.037086000158325, 32.759651999559182 ], [ -97.035170999770926, 32.759693000016078 ], [ -97.035167000343264, 32.759368000198471 ], [ -97.035191000395201, 32.757098000146691 ], [ -97.035517999530512, 32.739708999564101 ], [ -97.035521999675538, 32.739451000359182 ], [ -97.035528000318564, 32.739128000390856 ], [ -97.045771000268701, 32.737870000016315 ], [ -97.045896999470642, 32.737775999825949 ], [ -97.046024000253098, 32.737758999871247 ], [ -97.0493219999438, 32.737332999745789 ], [ -97.049321000197807, 32.737425999865948 ], [ -97.062319000402425, 32.735763000244653 ], [ -97.062578000448028, 32.735731999559299 ], [ -97.062591000322172, 32.735809000190891 ], [ -97.062731999633939, 32.74241300013891 ], [ -97.062721999863456, 32.742804000326934 ], [ -97.062720999846817, 32.743009000359613 ], [ -97.062736000100131, 32.748955999654989 ], [ -97.06346699997313, 32.757623000039928 ], [ -97.063447000446189, 32.759522999844457 ] ] ] ] } },
{ "type": "Feature", "properties": { "GEOID": "48439113006", "NAME": "Census Tract 1130.06, Tarrant County, Texas", "variable": "B01003_001", "estimate": 1307, "moe": 434, "coverage_all": 891.6239, "coverage_na": 0.0, "coverage_4050": 629.233, "coverage_5060": 262.3909, "coverage_6070": 0.0, "coverage_7080": 0.0, "coverage_8090": 0.0, "coverage_90": 0.0, "noise4050n": 922.3704, "noise5060n": 384.6296, "noise6070n": 0.0, "noise7080n": 0.0, "noise8090n": 0.0, "noise90n": 0.0, "noise4050p": 0.7057, "noise5060p": 0.2943, "noise6070p": 0.0, "noise7080p": 0.0, "noise8090p": 0.0, "noise90p": 0.0 }, "geometry": { "type": "MultiPolygon", "coordinates": [ [ [ [ -97.056362999845348, 32.735227000189276 ], [ -97.049348999621785, 32.735111000033704 ], [ -97.046025999809018, 32.735111000104069 ], [ -97.046052000331045, 32.731088000014445 ], [ -97.044404999792221, 32.727808999902969 ], [ -97.045866999604172, 32.727188000396623 ], [ -97.045855000231171, 32.727906000362537 ], [ -97.0511719998415, 32.727987000344235 ], [ -97.056663000002274, 32.728424999560403 ], [ -97.056362999845348, 32.735227000189276 ] ] ] ] } },
{ "type": "Feature", "properties": { "GEOID": "48439113007", "NAME": "Census Tract 1130.07, Tarrant County, Texas", "variable": "B01003_001", "estimate": 2975, "moe": 604, "coverage_all": 4037.6891, "coverage_na": 265.18, "coverage_4050": 2338.528, "coverage_5060": 1311.7347, "coverage_6070": 106.9619, "coverage_7080": 13.2845, "coverage_8090": 2.0, "coverage_90": 0.0, "noise4050n": 1576.7048, "noise5060n": 1110.3845, "noise6070n": 85.3254, "noise7080n": 11.0008, "noise8090n": 1.9304, "noise90n": 0.0, "noise4050p": 0.5792, "noise5060p": 0.3249, "noise6070p": 0.0265, "noise7080p": 0.0033, "noise8090p": 0.0005, "noise90p": 0.0 }, "geometry": { "type": "MultiPolygon", "coordinates": [ [ [ [ -97.047586000469636, 32.72063300025151 ], [ -97.045913999862762, 32.720623000105462 ], [ -97.045866999604172, 32.727188000396623 ], [ -97.044404999792221, 32.727808999902969 ], [ -97.046052000331045, 32.731088000014445 ], [ -97.046025999809018, 32.735111000104069 ], [ -97.04602999983851, 32.73668599996634 ], [ -97.046024000253098, 32.737758999871247 ], [ -97.045896999470642, 32.737775999825949 ], [ -97.045771000268701, 32.737870000016315 ], [ -97.035528000318564, 32.739128000390856 ], [ -97.035752000419464, 32.725955999584393 ], [ -97.035840000083979, 32.720597999779741 ], [ -97.035995999681163, 32.711096999681189 ], [ -97.036017000520587, 32.709780000001984 ], [ -97.036077000158826, 32.70612500010246 ], [ -97.043379000234154, 32.706104999785609 ], [ -97.044135000329376, 32.706016000380984 ], [ -97.047573999602548, 32.706035999839791 ], [ -97.047573999805309, 32.70612100031363 ], [ -97.047586000469636, 32.72063300025151 ] ] ] ] } },
{ "type": "Feature", "properties": { "GEOID": "48439113102", "NAME": "Census Tract 1131.02, Tarrant County, Texas", "variable": "B01003_001", "estimate": 4838, "moe": 640, "coverage_all": 13354.9273, "coverage_na": 1104.7117, "coverage_4050": 9913.8531, "coverage_5060": 1772.3489, "coverage_6070": 442.384, "coverage_7080": 97.1125, "coverage_8090": 21.5832, "coverage_90": 2.9338, "noise4050n": 3992.9729, "noise5060n": 600.3398, "noise6070n": 132.7913, "noise7080n": 27.5431, "noise8090n": 4.439, "noise90n": 1.4644, "noise4050p": 0.7423, "noise5060p": 0.1327, "noise6070p": 0.0331, "noise7080p": 0.0073, "noise8090p": 0.0016, "noise90p": 0.0002 }, "geometry": { "type": "MultiPolygon", "coordinates": [ [ [ [ -97.140172999969309, 32.797417999561773 ], [ -97.140163000284318, 32.80353000039095 ], [ -97.131197000516678, 32.802864000010366 ], [ -97.125333000178131, 32.802816000278241 ], [ -97.121877999877782, 32.803505999750008 ], [ -97.110087999530961, 32.806279000259849 ], [ -97.103702999639381, 32.807749000208851 ], [ -97.099516999589895, 32.808759999675729 ], [ -97.099420999869793, 32.805781000397424 ], [ -97.097905000221743, 32.799802000302741 ], [ -97.097595999791849, 32.796697999606124 ], [ -97.097275000263551, 32.790065999881293 ], [ -97.096002999972654, 32.786010999591262 ], [ -97.095349000483424, 32.78448899969122 ], [ -97.09534799998687, 32.783672999749129 ], [ -97.097036000116304, 32.777370999592357 ], [ -97.097073000118058, 32.775334999635128 ], [ -97.100190999574565, 32.775424999905312 ], [ -97.102235999777051, 32.775412999639236 ], [ -97.106436999971066, 32.775436000372906 ], [ -97.106437999701384, 32.777809999782868 ], [ -97.109202000011393, 32.778082999684742 ], [ -97.111041000103199, 32.776884000060505 ], [ -97.114171000508648, 32.777382000440468 ], [ -97.1141879996283, 32.775677000246041 ], [ -97.114153999825561, 32.774152999798609 ], [ -97.11733699958063, 32.773311000338339 ], [ -97.119067999605207, 32.773311000273971 ], [ -97.119048999911811, 32.775607999614095 ], [ -97.116551999974149, 32.780765999717829 ], [ -97.116494000492821, 32.7822349998875 ], [ -97.120819000245078, 32.781903000438703 ], [ -97.123452000347044, 32.779981000232226 ], [ -97.12482300042663, 32.779272999835165 ], [ -97.125474000477723, 32.779128000259881 ], [ -97.126154000045005, 32.779087999792516 ], [ -97.131511999501285, 32.779108999844716 ], [ -97.133570999739888, 32.779274999967249 ], [ -97.13527700037595, 32.778666000019754 ], [ -97.138590000237684, 32.779270999670565 ], [ -97.139402999669684, 32.779275000182359 ], [ -97.139944999903634, 32.779395000136475 ], [ -97.140110000028315, 32.788386999728779 ], [ -97.140166000104031, 32.793900999810703 ], [ -97.140172999969309, 32.797417999561773 ] ] ] ] } },
{ "type": "Feature", "properties": { "GEOID": "48439113104", "NAME": "Census Tract 1131.04, Tarrant County, Texas", "variable": "B01003_001", "estimate": 3806, "moe": 451, "coverage_all": 1392.1183, "coverage_na": 0.0, "coverage_4050": 1136.1246, "coverage_5060": 225.174, "coverage_6070": 30.8197, "coverage_7080": 0.0, "coverage_8090": 0.0, "coverage_90": 0.0, "noise4050n": 3112.0886, "noise5060n": 577.1818, "noise6070n": 116.7296, "noise7080n": 0.0, "noise8090n": 0.0, "noise90n": 0.0, "noise4050p": 0.8161, "noise5060p": 0.1617, "noise6070p": 0.0221, "noise7080p": 0.0, "noise8090p": 0.0, "noise90p": 0.0 }, "geometry": { "type": "MultiPolygon", "coordinates": [ [ [ [ -97.097036000116304, 32.777370999592357 ], [ -97.09534799998687, 32.783672999749129 ], [ -97.095349000483424, 32.78448899969122 ], [ -97.094249000220643, 32.78447800028362 ], [ -97.091742000038437, 32.783546999656338 ], [ -97.087085999504851, 32.780978999590488 ], [ -97.086154000468454, 32.780268000123591 ], [ -97.083062000448209, 32.776981000139308 ], [ -97.081473000247655, 32.776127999622126 ], [ -97.080389000426877, 32.775937000232283 ], [ -97.077042000042695, 32.776009999930061 ], [ -97.074608000040783, 32.777398999835683 ], [ -97.073913000093953, 32.776669000347198 ], [ -97.073624000417936, 32.774538000180151 ], [ -97.080806000492785, 32.774002999764306 ], [ -97.083080000033149, 32.773192000250013 ], [ -97.084068999523637, 32.772950000213768 ], [ -97.085342000204193, 32.773023000413318 ], [ -97.087165999663199, 32.774037000242743 ], [ -97.09158300038186, 32.775289999654724 ], [ -97.097073000118058, 32.775334999635128 ], [ -97.097036000116304, 32.777370999592357 ] ] ] ] } },
{ "type": "Feature", "properties": { "GEOID": "48439113107", "NAME": "Census Tract 1131.07, Tarrant County, Texas", "variable": "B01003_001", "estimate": 2040, "moe": 251, "coverage_all": 1840.7019, "coverage_na": 0.0, "coverage_4050": 1596.685, "coverage_5060": 181.7803, "coverage_6070": 35.7384, "coverage_7080": 24.699, "coverage_8090": 1.7992, "coverage_90": 0.0, "noise4050n": 1794.5369, "noise5060n": 191.459, "noise6070n": 31.8889, "noise7080n": 20.6136, "noise8090n": 1.5016, "noise90n": 0.0, "noise4050p": 0.8674, "noise5060p": 0.0988, "noise6070p": 0.0194, "noise7080p": 0.0134, "noise8090p": 0.001, "noise90p": 0.0 }, "geometry": { "type": "MultiPolygon", "coordinates": [ [ [ [ -97.123452000347044, 32.779981000232226 ], [ -97.120819000245078, 32.781903000438703 ], [ -97.116494000492821, 32.7822349998875 ], [ -97.116551999974149, 32.780765999717829 ], [ -97.119048999911811, 32.775607999614095 ], [ -97.119067999605207, 32.773311000273971 ], [ -97.11733699958063, 32.773311000338339 ], [ -97.114153999825561, 32.774152999798609 ], [ -97.114210999928915, 32.772511000391873 ], [ -97.114449000285575, 32.759961000045912 ], [ -97.123060000233437, 32.75992300035788 ], [ -97.122964000311939, 32.764834000153016 ], [ -97.122979000010616, 32.77286899963768 ], [ -97.122911999820886, 32.773320999578488 ], [ -97.123024000449732, 32.779177999699648 ], [ -97.123452000347044, 32.779981000232226 ] ] ] ] } },
{ "type": "Feature", "properties": { "GEOID": "48439113108", "NAME": "Census Tract 1131.08, Tarrant County, Texas", "variable": "B01003_001", "estimate": 4593, "moe": 462, "coverage_all": 6160.6911, "coverage_na": 109.0193, "coverage_4050": 5299.1793, "coverage_5060": 491.4369, "coverage_6070": 193.4788, "coverage_7080": 59.3666, "coverage_8090": 8.2102, "coverage_90": 0.0, "noise4050n": 3923.1334, "noise5060n": 386.9236, "noise6070n": 150.225, "noise7080n": 50.7944, "noise8090n": 7.0247, "noise90n": 0.0, "noise4050p": 0.8602, "noise5060p": 0.0798, "noise6070p": 0.0314, "noise7080p": 0.0096, "noise8090p": 0.0013, "noise90p": 0.0 }, "geometry": { "type": "MultiPolygon", "coordinates": [ [ [ [ -97.152812000292911, 32.768290000000327 ], [ -97.152313000271974, 32.769365999875504 ], [ -97.151945000515923, 32.769731000272145 ], [ -97.151516999551333, 32.769853999989714 ], [ -97.150821000281894, 32.770843000360024 ], [ -97.150406999478108, 32.771215000181215 ], [ -97.149947999520364, 32.771323999956778 ], [ -97.149306999566988, 32.771198000236787 ], [ -97.148800999949373, 32.771368999603965 ], [ -97.148724000084869, 32.771436000053704 ], [ -97.148640999600516, 32.771552000382826 ], [ -97.148567000007631, 32.771769000436898 ], [ -97.148556999689433, 32.771962999602209 ], [ -97.148575999971456, 32.772024999960713 ], [ -97.148612000082252, 32.772123999866565 ], [ -97.149048000372403, 32.773169999867633 ], [ -97.149363999660295, 32.776148000196969 ], [ -97.147830000097542, 32.778872000057255 ], [ -97.145718999915061, 32.778256999729756 ], [ -97.145417000392541, 32.781409999666629 ], [ -97.143112999774075, 32.780040000145434 ], [ -97.142047000516143, 32.782691000047791 ], [ -97.142824999660135, 32.78493700015003 ], [ -97.141929999461297, 32.787427999778281 ], [ -97.140110000028315, 32.788386999728779 ], [ -97.139944999903634, 32.779395000136475 ], [ -97.139402999669684, 32.779275000182359 ], [ -97.138590000237684, 32.779270999670565 ], [ -97.13527700037595, 32.778666000019754 ], [ -97.133570999739888, 32.779274999967249 ], [ -97.131511999501285, 32.779108999844716 ], [ -97.126154000045005, 32.779087999792516 ], [ -97.125474000477723, 32.779128000259881 ], [ -97.12482300042663, 32.779272999835165 ], [ -97.123452000347044, 32.779981000232226 ], [ -97.123024000449732, 32.779177999699648 ], [ -97.122911999820886, 32.773320999578488 ], [ -97.122979000010616, 32.77286899963768 ], [ -97.122964000311939, 32.764834000153016 ], [ -97.123060000233437, 32.75992300035788 ], [ -97.131584000474291, 32.759922999942674 ], [ -97.136650000376591, 32.759896999557029 ], [ -97.14899399950275, 32.760181000411514 ], [ -97.149736999892369, 32.760205000439811 ], [ -97.149743000176173, 32.760978000034299 ], [ -97.14920299982019, 32.764224999762078 ], [ -97.149178000123584, 32.767207000317143 ], [ -97.149408000019434, 32.767736000122596 ], [ -97.149797000096015, 32.767729999562633 ], [ -97.150463999586421, 32.769175999807821 ], [ -97.152357999498747, 32.76724299968641 ], [ -97.152812000292911, 32.768290000000327 ] ] ] ] } },
{ "type": "Feature", "properties": { "GEOID": "48439113109", "NAME": "Census Tract 1131.09, Tarrant County, Texas", "variable": "B01003_001", "estimate": 3877, "moe": 502, "coverage_all": 2785.2529, "coverage_na": 0.0, "coverage_4050": 2030.0302, "coverage_5060": 585.1521, "coverage_6070": 109.5107, "coverage_7080": 55.6027, "coverage_8090": 4.9573, "coverage_90": 0.0, "noise4050n": 2761.5874, "noise5060n": 877.6903, "noise6070n": 146.3193, "noise7080n": 84.2423, "noise8090n": 7.1606, "noise90n": 0.0, "noise4050p": 0.7288, "noise5060p": 0.2101, "noise6070p": 0.0393, "noise7080p": 0.02, "noise8090p": 0.0018, "noise90p": 0.0 }, "geometry": { "type": "MultiPolygon", "coordinates": [ [ [ [ -97.085342000204193, 32.773023000413318 ], [ -97.084068999523637, 32.772950000213768 ], [ -97.083080000033149, 32.773192000250013 ], [ -97.080806000492785, 32.774002999764306 ], [ -97.073624000417936, 32.774538000180151 ], [ -97.073647999986449, 32.76708000007514 ], [ -97.069153999902497, 32.767250000045337 ], [ -97.068467000358979, 32.767287000267523 ], [ -97.06350299965824, 32.767217000127431 ], [ -97.063160000091855, 32.767212999921064 ], [ -97.062602000527846, 32.767194999560914 ], [ -97.062853000221324, 32.765211999939503 ], [ -97.062900000241171, 32.764339000302179 ], [ -97.062922999979179, 32.7638510001036 ], [ -97.063449999472653, 32.763733000311532 ], [ -97.063443999839521, 32.759762999984858 ], [ -97.066519000413095, 32.75976800032219 ], [ -97.075818000419844, 32.759852000381386 ], [ -97.085329000289533, 32.760067000416115 ], [ -97.085303000424119, 32.763576000435506 ], [ -97.085349999528702, 32.764505000068361 ], [ -97.085342000204193, 32.773023000413318 ] ] ] ] } },
{ "type": "Feature", "properties": { "GEOID": "48439113110", "NAME": "Census Tract 1131.10, Tarrant County, Texas", "variable": "B01003_001", "estimate": 4785, "moe": 739, "coverage_all": 1994.8604, "coverage_na": 0.0, "coverage_4050": 1673.3477, "coverage_5060": 223.2288, "coverage_6070": 85.6965, "coverage_7080": 12.4424, "coverage_8090": 0.1449, "coverage_90": 0.0, "noise4050n": 3935.6952, "noise5060n": 587.3803, "noise6070n": 229.1637, "noise7080n": 32.3837, "noise8090n": 0.3772, "noise90n": 0.0, "noise4050p": 0.8388, "noise5060p": 0.1119, "noise6070p": 0.043, "noise7080p": 0.0062, "noise8090p": 0.0001, "noise90p": 0.0 }, "geometry": { "type": "MultiPolygon", "coordinates": [ [ [ [ -97.097073000118058, 32.775334999635128 ], [ -97.09158300038186, 32.775289999654724 ], [ -97.087165999663199, 32.774037000242743 ], [ -97.085342000204193, 32.773023000413318 ], [ -97.085349999528702, 32.764505000068361 ], [ -97.085303000424119, 32.763576000435506 ], [ -97.085329000289533, 32.760067000416115 ], [ -97.097017999746384, 32.759941000187204 ], [ -97.097026999934968, 32.765736999598907 ], [ -97.097015000194446, 32.769153000181369 ], [ -97.096989999805416, 32.770328000027966 ], [ -97.097073000118058, 32.775334999635128 ] ] ] ] } },
{ "type": "Feature", "properties": { "GEOID": "48439113112", "NAME": "Census Tract 1131.12, Tarrant County, Texas", "variable": "B01003_001", "estimate": 2204, "moe": 556, "coverage_all": 1983.201, "coverage_na": 0.0, "coverage_4050": 1647.0013, "coverage_5060": 257.9967, "coverage_6070": 61.0974, "coverage_7080": 13.9975, "coverage_8090": 3.108, "coverage_90": 0.0, "noise4050n": 1876.4805, "noise5060n": 261.3338, "noise6070n": 51.7088, "noise7080n": 11.8466, "noise8090n": 2.6304, "noise90n": 0.0, "noise4050p": 0.8305, "noise5060p": 0.1301, "noise6070p": 0.0308, "noise7080p": 0.0071, "noise8090p": 0.0016, "noise90p": 0.0 }, "geometry": { "type": "MultiPolygon", "coordinates": [ [ [ [ -97.114210999928915, 32.772511000391873 ], [ -97.114153999825561, 32.774152999798609 ], [ -97.1141879996283, 32.775677000246041 ], [ -97.114171000508648, 32.777382000440468 ], [ -97.111041000103199, 32.776884000060505 ], [ -97.109202000011393, 32.778082999684742 ], [ -97.106437999701384, 32.777809999782868 ], [ -97.106436999971066, 32.775436000372906 ], [ -97.105085000299539, 32.772573000014354 ], [ -97.105146000487323, 32.769744999804615 ], [ -97.105267999671526, 32.767741000121752 ], [ -97.105613999519235, 32.767151000256312 ], [ -97.105035000409615, 32.766132999998675 ], [ -97.104235000049073, 32.765281999950865 ], [ -97.102543000259161, 32.764007000095333 ], [ -97.101652999875668, 32.762580000446036 ], [ -97.101838999486148, 32.759915999976343 ], [ -97.114449000285575, 32.759961000045912 ], [ -97.114210999928915, 32.772511000391873 ] ] ] ] } },
{ "type": "Feature", "properties": { "GEOID": "48439113115", "NAME": "Census Tract 1131.15, Tarrant County, Texas", "variable": "B01003_001", "estimate": 3799, "moe": 690, "coverage_all": 1267.5688, "coverage_na": 0.0, "coverage_4050": 982.3129, "coverage_5060": 211.6743, "coverage_6070": 38.6032, "coverage_7080": 31.0234, "coverage_8090": 3.9549, "coverage_90": 0.0, "noise4050n": 3063.6749, "noise5060n": 579.7443, "noise6070n": 83.5578, "noise7080n": 63.8795, "noise8090n": 8.1435, "noise90n": 0.0, "noise4050p": 0.775, "noise5060p": 0.167, "noise6070p": 0.0305, "noise7080p": 0.0245, "noise8090p": 0.0031, "noise90p": 0.0 }, "geometry": { "type": "MultiPolygon", "coordinates": [ [ [ [ -97.074017999847271, 32.778272999820018 ], [ -97.072943000466068, 32.779225999635301 ], [ -97.072151999682802, 32.778896000283432 ], [ -97.066082999939695, 32.778935999704935 ], [ -97.0690439999007, 32.774460999687442 ], [ -97.067751000203771, 32.774315999774061 ], [ -97.065829999612163, 32.774303000101057 ], [ -97.06498999945866, 32.774302999577216 ], [ -97.062666000034838, 32.773677000368671 ], [ -97.062660999969921, 32.773855000001909 ], [ -97.062297000506817, 32.773844000202132 ], [ -97.061715999676551, 32.773829000431284 ], [ -97.062602000527846, 32.767194999560914 ], [ -97.063160000091855, 32.767212999921064 ], [ -97.06350299965824, 32.767217000127431 ], [ -97.068467000358979, 32.767287000267523 ], [ -97.069153999902497, 32.767250000045337 ], [ -97.073647999986449, 32.76708000007514 ], [ -97.073624000417936, 32.774538000180151 ], [ -97.073913000093953, 32.776669000347198 ], [ -97.074608000040783, 32.777398999835683 ], [ -97.074017999847271, 32.778272999820018 ] ] ] ] } },
{ "type": "Feature", "properties": { "GEOID": "48439113116", "NAME": "Census Tract 1131.16, Tarrant County, Texas", "variable": "B01003_001", "estimate": 3928, "moe": 595, "coverage_all": 960.3398, "coverage_na": 0.0, "coverage_4050": 498.1021, "coverage_5060": 397.8989, "coverage_6070": 54.4821, "coverage_7080": 8.6829, "coverage_8090": 1.1738, "coverage_90": 0.0, "noise4050n": 1979.2055, "noise5060n": 1637.2311, "noise6070n": 258.8779, "noise7080n": 45.8061, "noise8090n": 6.8794, "noise90n": 0.0, "noise4050p": 0.5187, "noise5060p": 0.4143, "noise6070p": 0.0567, "noise7080p": 0.009, "noise8090p": 0.0012, "noise90p": 0.0 }, "geometry": { "type": "MultiPolygon", "coordinates": [ [ [ [ -97.072943000466068, 32.779225999635301 ], [ -97.067547000109187, 32.783644999663991 ], [ -97.06486899965256, 32.784669999878481 ], [ -97.062646999977346, 32.785174999579539 ], [ -97.062112000157782, 32.785288999795462 ], [ -97.05994900030656, 32.785366000010853 ], [ -97.059469999474231, 32.785357000009732 ], [ -97.061269999770246, 32.779019999670908 ], [ -97.062297000506817, 32.773844000202132 ], [ -97.062660999969921, 32.773855000001909 ], [ -97.062666000034838, 32.773677000368671 ], [ -97.06498999945866, 32.774302999577216 ], [ -97.065829999612163, 32.774303000101057 ], [ -97.067751000203771, 32.774315999774061 ], [ -97.0690439999007, 32.774460999687442 ], [ -97.066082999939695, 32.778935999704935 ], [ -97.072151999682802, 32.778896000283432 ], [ -97.072943000466068, 32.779225999635301 ] ] ] ] } },
{ "type": "Feature", "properties": { "GEOID": "48439113117", "NAME": "Census Tract 1131.17, Tarrant County, Texas", "variable": "B01003_001", "estimate": 1928, "moe": 218, "coverage_all": 529.8843, "coverage_na": 0.0, "coverage_4050": 462.6976, "coverage_5060": 61.3571, "coverage_6070": 5.8296, "coverage_7080": 0.0, "coverage_8090": 0.0, "coverage_90": 0.0, "noise4050n": 1677.6405, "noise5060n": 224.1947, "noise6070n": 26.1647, "noise7080n": 0.0, "noise8090n": 0.0, "noise90n": 0.0, "noise4050p": 0.8732, "noise5060p": 0.1158, "noise6070p": 0.011, "noise7080p": 0.0, "noise8090p": 0.0, "noise90p": 0.0 }, "geometry": { "type": "MultiPolygon", "coordinates": [ [ [ [ -97.106436999971066, 32.775436000372906 ], [ -97.102235999777051, 32.775412999639236 ], [ -97.100190999574565, 32.775424999905312 ], [ -97.097073000118058, 32.775334999635128 ], [ -97.096989999805416, 32.770328000027966 ], [ -97.099200999732219, 32.770270999908647 ], [ -97.101096999620125, 32.7697870001399 ], [ -97.101829000105994, 32.769714999683337 ], [ -97.105146000487323, 32.769744999804615 ], [ -97.105085000299539, 32.772573000014354 ], [ -97.106436999971066, 32.775436000372906 ] ] ] ] } },
{ "type": "Feature", "properties": { "GEOID": "48439113118", "NAME": "Census Tract 1131.18, Tarrant County, Texas", "variable": "B01003_001", "estimate": 3062, "moe": 1060, "coverage_all": 760.9939, "coverage_na": 0.0, "coverage_4050": 583.4463, "coverage_5060": 136.4888, "coverage_6070": 30.5297, "coverage_7080": 8.4516, "coverage_8090": 2.0775, "coverage_90": 0.0, "noise4050n": 2438.7537, "noise5060n": 493.9858, "noise6070n": 96.113, "noise7080n": 26.6073, "noise8090n": 6.5402, "noise90n": 0.0, "noise4050p": 0.7667, "noise5060p": 0.1794, "noise6070p": 0.0401, "noise7080p": 0.0111, "noise8090p": 0.0027, "noise90p": 0.0 }, "geometry": { "type": "MultiPolygon", "coordinates": [ [ [ [ -97.105267999671526, 32.767741000121752 ], [ -97.105146000487323, 32.769744999804615 ], [ -97.101829000105994, 32.769714999683337 ], [ -97.101096999620125, 32.7697870001399 ], [ -97.099200999732219, 32.770270999908647 ], [ -97.096989999805416, 32.770328000027966 ], [ -97.097015000194446, 32.769153000181369 ], [ -97.097026999934968, 32.765736999598907 ], [ -97.097017999746384, 32.759941000187204 ], [ -97.101838999486148, 32.759915999976343 ], [ -97.101652999875668, 32.762580000446036 ], [ -97.102543000259161, 32.764007000095333 ], [ -97.104235000049073, 32.765281999950865 ], [ -97.105035000409615, 32.766132999998675 ], [ -97.105613999519235, 32.767151000256312 ], [ -97.105267999671526, 32.767741000121752 ] ] ] ] } },
{ "type": "Feature", "properties": { "GEOID": "48439113119", "NAME": "Census Tract 1131.19, Tarrant County, Texas", "variable": "B01003_001", "estimate": 3864, "moe": 738, "coverage_all": 2779.1762, "coverage_na": 0.0, "coverage_4050": 1495.3398, "coverage_5060": 1115.269, "coverage_6070": 166.5674, "coverage_7080": 2.0, "coverage_8090": 0.0, "coverage_90": 0.0, "noise4050n": 2175.5751, "noise5060n": 1425.957, "noise6070n": 258.5246, "noise7080n": 3.9434, "noise8090n": 0.0, "noise90n": 0.0, "noise4050p": 0.5381, "noise5060p": 0.4013, "noise6070p": 0.0599, "noise7080p": 0.0007, "noise8090p": 0.0, "noise90p": 0.0 }, "geometry": { "type": "MultiPolygon", "coordinates": [ [ [ [ -97.096002999972654, 32.786010999591262 ], [ -97.092185999465258, 32.786632999717199 ], [ -97.088774000522363, 32.78800500004008 ], [ -97.089174000189232, 32.785160999730486 ], [ -97.088480999981726, 32.784028000231665 ], [ -97.086470999654054, 32.78289900029084 ], [ -97.084079000289449, 32.783078999991787 ], [ -97.08295599984298, 32.78162600026252 ], [ -97.081807000505535, 32.782786000278087 ], [ -97.081629000034368, 32.784537000279457 ], [ -97.080431000335864, 32.78478200024697 ], [ -97.078521000165182, 32.783317999820959 ], [ -97.075194000080458, 32.784010999902669 ], [ -97.073472999458261, 32.785296999569987 ], [ -97.073772999790492, 32.787729999710123 ], [ -97.073412999495019, 32.790746000124152 ], [ -97.070708000096488, 32.791018000380824 ], [ -97.069544999536959, 32.792849999664291 ], [ -97.069066999938315, 32.794925000020505 ], [ -97.067546999837361, 32.79393100033181 ], [ -97.066402999685721, 32.796297000296299 ], [ -97.064143999811577, 32.79625300021933 ], [ -97.063687000138628, 32.798235999806437 ], [ -97.065345999934294, 32.799753000270883 ], [ -97.063355999970867, 32.800282999882299 ], [ -97.062681000229645, 32.802113999713299 ], [ -97.062700999702841, 32.79678600005694 ], [ -97.062289999775331, 32.796426000038046 ], [ -97.062624999901615, 32.796023000134213 ], [ -97.062625000354956, 32.795769 ], [ -97.062585000260668, 32.791033999573152 ], [ -97.062646999977346, 32.785174999579539 ], [ -97.06486899965256, 32.784669999878481 ], [ -97.067547000109187, 32.783644999663991 ], [ -97.072943000466068, 32.779225999635301 ], [ -97.074017999847271, 32.778272999820018 ], [ -97.074608000040783, 32.777398999835683 ], [ -97.077042000042695, 32.776009999930061 ], [ -97.080389000426877, 32.775937000232283 ], [ -97.081473000247655, 32.776127999622126 ], [ -97.083062000448209, 32.776981000139308 ], [ -97.086154000468454, 32.780268000123591 ], [ -97.087085999504851, 32.780978999590488 ], [ -97.091742000038437, 32.783546999656338 ], [ -97.094249000220643, 32.78447800028362 ], [ -97.095349000483424, 32.78448899969122 ], [ -97.096002999972654, 32.786010999591262 ] ] ] ] } },
{ "type": "Feature", "properties": { "GEOID": "48439113120", "NAME": "Census Tract 1131.20, Tarrant County, Texas", "variable": "B01003_001", "estimate": 3302, "moe": 1444, "coverage_all": 10739.7407, "coverage_na": 0.0, "coverage_4050": 4417.7426, "coverage_5060": 5842.5693, "coverage_6070": 356.6716, "coverage_7080": 102.173, "coverage_8090": 15.4409, "coverage_90": 5.1434, "noise4050n": 1673.6992, "noise5060n": 1423.9429, "noise6070n": 148.4406, "noise7080n": 46.5428, "noise8090n": 7.4583, "noise90n": 1.9162, "noise4050p": 0.4113, "noise5060p": 0.544, "noise6070p": 0.0332, "noise7080p": 0.0095, "noise8090p": 0.0014, "noise90p": 0.0005 }, "geometry": { "type": "MultiPolygon", "coordinates": [ [ [ [ -97.099516999589895, 32.808759999675729 ], [ -97.090294000012435, 32.810865000325371 ], [ -97.08266699975708, 32.812654999801694 ], [ -97.076495999986349, 32.814055000077389 ], [ -97.068038000020991, 32.816083000315437 ], [ -97.064294999883629, 32.816742999863088 ], [ -97.059230000296949, 32.817121000002096 ], [ -97.058900999897958, 32.817120999809404 ], [ -97.057938999972478, 32.815648999637979 ], [ -97.056575000067937, 32.813645000341872 ], [ -97.058463999474469, 32.815022999977195 ], [ -97.060108000379742, 32.813790000051412 ], [ -97.058539000078966, 32.811149999837063 ], [ -97.060166000368952, 32.809592999749604 ], [ -97.059800000151441, 32.807788999726732 ], [ -97.062670999774397, 32.808321000279378 ], [ -97.062186999492198, 32.804453999847546 ], [ -97.062681000229645, 32.802113999713299 ], [ -97.063355999970867, 32.800282999882299 ], [ -97.065345999934294, 32.799753000270883 ], [ -97.063687000138628, 32.798235999806437 ], [ -97.064143999811577, 32.79625300021933 ], [ -97.066402999685721, 32.796297000296299 ], [ -97.067546999837361, 32.79393100033181 ], [ -97.069066999938315, 32.794925000020505 ], [ -97.069544999536959, 32.792849999664291 ], [ -97.070708000096488, 32.791018000380824 ], [ -97.073412999495019, 32.790746000124152 ], [ -97.073772999790492, 32.787729999710123 ], [ -97.073472999458261, 32.785296999569987 ], [ -97.075194000080458, 32.784010999902669 ], [ -97.078521000165182, 32.783317999820959 ], [ -97.080431000335864, 32.78478200024697 ], [ -97.081629000034368, 32.784537000279457 ], [ -97.081807000505535, 32.782786000278087 ], [ -97.08295599984298, 32.78162600026252 ], [ -97.084079000289449, 32.783078999991787 ], [ -97.086470999654054, 32.78289900029084 ], [ -97.088480999981726, 32.784028000231665 ], [ -97.089174000189232, 32.785160999730486 ], [ -97.088774000522363, 32.78800500004008 ], [ -97.092185999465258, 32.786632999717199 ], [ -97.096002999972654, 32.786010999591262 ], [ -97.097275000263551, 32.790065999881293 ], [ -97.097595999791849, 32.796697999606124 ], [ -97.097905000221743, 32.799802000302741 ], [ -97.099420999869793, 32.805781000397424 ], [ -97.099516999589895, 32.808759999675729 ] ] ] ] } },
{ "type": "Feature", "properties": { "GEOID": "48439113121", "NAME": "Census Tract 1131.21, Tarrant County, Texas", "variable": "B01003_001", "estimate": 730, "moe": 252, "coverage_all": 382.1581, "coverage_na": 0.0, "coverage_4050": 0.0, "coverage_5060": 328.6283, "coverage_6070": 47.3032, "coverage_7080": 5.7287, "coverage_8090": 0.498, "coverage_90": 0.0, "noise4050n": 0.0, "noise5060n": 631.4975, "noise6070n": 87.9233, "noise7080n": 10.0882, "noise8090n": 0.4909, "noise90n": 0.0, "noise4050p": 0.0, "noise5060p": 0.8599, "noise6070p": 0.1238, "noise7080p": 0.015, "noise8090p": 0.0013, "noise90p": 0.0 }, "geometry": { "type": "MultiPolygon", "coordinates": [ [ [ [ -97.059665999996184, 32.794611000157239 ], [ -97.058653999991179, 32.797849000293411 ], [ -97.057746999876599, 32.800939000068951 ], [ -97.057487000107642, 32.801833999685861 ], [ -97.056696999529549, 32.804321999999623 ], [ -97.056292000310137, 32.804790999726983 ], [ -97.053962000071834, 32.805460999929352 ], [ -97.054336999497735, 32.802503999581994 ], [ -97.054689000148116, 32.801209000282959 ], [ -97.056011000356548, 32.797001000413417 ], [ -97.057067999491892, 32.793348999794048 ], [ -97.058598000101412, 32.793553000269306 ], [ -97.059913999765456, 32.794073000449956 ], [ -97.059665999996184, 32.794611000157239 ] ] ] ] } },
{ "type": "Feature", "properties": { "GEOID": "48439113122", "NAME": "Census Tract 1131.22, Tarrant County, Texas", "variable": "B01003_001", "estimate": 3097, "moe": 729, "coverage_all": 1583.2347, "coverage_na": 0.0, "coverage_4050": 0.0, "coverage_5060": 1518.0335, "coverage_6070": 60.41, "coverage_7080": 4.5901, "coverage_8090": 0.2011, "coverage_90": 0.0, "noise4050n": 0.0, "noise5060n": 2876.3606, "noise6070n": 201.9448, "noise7080n": 17.8259, "noise8090n": 0.8687, "noise90n": 0.0, "noise4050p": 0.0, "noise5060p": 0.9588, "noise6070p": 0.0382, "noise7080p": 0.0029, "noise8090p": 0.0001, "noise90p": 0.0 }, "geometry": { "type": "MultiPolygon", "coordinates": [ [ [ [ -97.062681000229645, 32.802113999713299 ], [ -97.062186999492198, 32.804453999847546 ], [ -97.062670999774397, 32.808321000279378 ], [ -97.059800000151441, 32.807788999726732 ], [ -97.060166000368952, 32.809592999749604 ], [ -97.058539000078966, 32.811149999837063 ], [ -97.060108000379742, 32.813790000051412 ], [ -97.058463999474469, 32.815022999977195 ], [ -97.056575000067937, 32.813645000341872 ], [ -97.05484599949601, 32.810354999926716 ], [ -97.053962000071834, 32.805460999929352 ], [ -97.056292000310137, 32.804790999726983 ], [ -97.056696999529549, 32.804321999999623 ], [ -97.057487000107642, 32.801833999685861 ], [ -97.057746999876599, 32.800939000068951 ], [ -97.058653999991179, 32.797849000293411 ], [ -97.059665999996184, 32.794611000157239 ], [ -97.059913999765456, 32.794073000449956 ], [ -97.058598000101412, 32.793553000269306 ], [ -97.057067999491892, 32.793348999794048 ], [ -97.059469999474231, 32.785357000009732 ], [ -97.05994900030656, 32.785366000010853 ], [ -97.062112000157782, 32.785288999795462 ], [ -97.062646999977346, 32.785174999579539 ], [ -97.062585000260668, 32.791033999573152 ], [ -97.062625000354956, 32.795769 ], [ -97.062624999901615, 32.796023000134213 ], [ -97.062289999775331, 32.796426000038046 ], [ -97.062700999702841, 32.79678600005694 ], [ -97.062681000229645, 32.802113999713299 ] ] ] ] } },
{ "type": "Feature", "properties": { "GEOID": "48439113206", "NAME": "Census Tract 1132.06, Tarrant County, Texas", "variable": "B01003_001", "estimate": 5394, "moe": 824, "coverage_all": 4200.8534, "coverage_na": 3551.8907, "coverage_4050": 399.252, "coverage_5060": 168.272, "coverage_6070": 78.1864, "coverage_7080": 3.2523, "coverage_8090": 0.0, "coverage_90": 0.0, "noise4050n": 532.6443, "noise5060n": 224.923, "noise6070n": 111.8711, "noise7080n": 4.461, "noise8090n": 0.0, "noise90n": 0.0, "noise4050p": 0.095, "noise5060p": 0.0401, "noise6070p": 0.0186, "noise7080p": 0.0008, "noise8090p": 0.0, "noise90p": 0.0 }, "geometry": { "type": "MultiPolygon", "coordinates": [ [ [ [ -97.26451100040947, 32.815987000005961 ], [ -97.264504000239157, 32.817280999583858 ], [ -97.264490999758237, 32.818713999842601 ], [ -97.264482999799014, 32.820260000431198 ], [ -97.255606999649842, 32.820281000403575 ], [ -97.255659999486383, 32.819079000198109 ], [ -97.253401999561461, 32.819077999616312 ], [ -97.257093000506913, 32.822502000010395 ], [ -97.25715399999666, 32.823577000054122 ], [ -97.254898000098336, 32.824468999945488 ], [ -97.252534000331778, 32.826352000174062 ], [ -97.253811000266978, 32.829738000126902 ], [ -97.252331999942058, 32.829689999760959 ], [ -97.251450000157078, 32.829411999989524 ], [ -97.250828000312666, 32.829003000400057 ], [ -97.247898000231942, 32.824691999844255 ], [ -97.24697899981318, 32.82414000031163 ], [ -97.239074999836959, 32.823956000030691 ], [ -97.227830999740632, 32.823837999653115 ], [ -97.229262999546293, 32.822760999907842 ], [ -97.234954000108061, 32.818460999852434 ], [ -97.236834999881523, 32.817058000416537 ], [ -97.238479999808476, 32.815680000086779 ], [ -97.247083000095003, 32.809355999838118 ], [ -97.248793000367797, 32.809316000149998 ], [ -97.250199999507899, 32.809161999768563 ], [ -97.252827999855285, 32.808746000220751 ], [ -97.256796000058969, 32.80934499968356 ], [ -97.257729000008695, 32.813138999840398 ], [ -97.262497000302673, 32.813157000068074 ], [ -97.264522999544567, 32.8132000001793 ], [ -97.26451100040947, 32.815987000005961 ] ] ] ] } },
{ "type": "Feature", "properties": { "GEOID": "48439113207", "NAME": "Census Tract 1132.07, Tarrant County, Texas", "variable": "B01003_001", "estimate": 3946, "moe": 338, "coverage_all": 3100.2013, "coverage_na": 2861.0809, "coverage_4050": 91.3985, "coverage_5060": 113.7569, "coverage_6070": 33.965, "coverage_7080": 0.0, "coverage_8090": 0.0, "coverage_90": 0.0, "noise4050n": 119.4018, "noise5060n": 156.1248, "noise6070n": 61.2822, "noise7080n": 0.0, "noise8090n": 0.0, "noise90n": 0.0, "noise4050p": 0.0295, "noise5060p": 0.0367, "noise6070p": 0.011, "noise7080p": 0.0, "noise8090p": 0.0, "noise90p": 0.0 }, "geometry": { "type": "MultiPolygon", "coordinates": [ [ [ [ -97.238530999703869, 32.892414000052099 ], [ -97.229033999591422, 32.892382999671867 ], [ -97.225986000066811, 32.892363999964687 ], [ -97.225816999882426, 32.892362999999108 ], [ -97.217327000456805, 32.891942000039116 ], [ -97.214185999717827, 32.891891000237322 ], [ -97.213992000145325, 32.893061000282088 ], [ -97.212283999718679, 32.893009000444223 ], [ -97.211892000043406, 32.892720000393865 ], [ -97.211385000343881, 32.888739000129227 ], [ -97.211911000449987, 32.882153000226644 ], [ -97.224953000502794, 32.882184999770658 ], [ -97.226520999616838, 32.882177000199711 ], [ -97.231823000291129, 32.882145999981603 ], [ -97.237832000061687, 32.881368000296689 ], [ -97.237741000074564, 32.888638000307246 ], [ -97.238530999703869, 32.892414000052099 ] ] ] ] } },
{ "type": "Feature", "properties": { "GEOID": "48439113210", "NAME": "Census Tract 1132.10, Tarrant County, Texas", "variable": "B01003_001", "estimate": 8417, "moe": 1101, "coverage_all": 6312.3865, "coverage_na": 3572.2056, "coverage_4050": 1316.2031, "coverage_5060": 1130.4194, "coverage_6070": 268.8843, "coverage_7080": 23.9905, "coverage_8090": 0.496, "coverage_90": 0.1875, "noise4050n": 1801.6235, "noise5060n": 1548.0599, "noise6070n": 373.8805, "noise7080n": 34.626, "noise8090n": 0.7069, "noise90n": 0.2746, "noise4050p": 0.2085, "noise5060p": 0.1791, "noise6070p": 0.0426, "noise7080p": 0.0038, "noise8090p": 0.0001, "noise90p": 0.0 }, "geometry": { "type": "MultiPolygon", "coordinates": [ [ [ [ -97.213971000451593, 32.895955999658185 ], [ -97.21396400026849, 32.897016999900487 ], [ -97.213936999737697, 32.898727999829326 ], [ -97.21164799971335, 32.89953499964377 ], [ -97.208014999956532, 32.89771400001419 ], [ -97.207486000293102, 32.897502000418775 ], [ -97.207273999525384, 32.896557000437717 ], [ -97.204022999837449, 32.896563000071943 ], [ -97.204543999855034, 32.895868000079687 ], [ -97.201037000451237, 32.894874000020749 ], [ -97.199847000337073, 32.893808000075353 ], [ -97.194259000230375, 32.892839000351351 ], [ -97.194804000471365, 32.891514999599295 ], [ -97.193985000315649, 32.890089000281371 ], [ -97.190375999727891, 32.887434000011112 ], [ -97.189441000346918, 32.887225000087184 ], [ -97.189189999533795, 32.885685999697039 ], [ -97.187301000025755, 32.885739999802048 ], [ -97.187062000220664, 32.885599000371869 ], [ -97.186632999876011, 32.885091999691511 ], [ -97.186444000311383, 32.884782999747543 ], [ -97.186343000306366, 32.884404000108667 ], [ -97.186462999563574, 32.884168999628095 ], [ -97.187103999741737, 32.884198999823695 ], [ -97.187099000460137, 32.883881000387937 ], [ -97.185963000416336, 32.883842000097196 ], [ -97.185964000236055, 32.883658999860955 ], [ -97.185994000295054, 32.879848000088202 ], [ -97.194633999544692, 32.874791999734967 ], [ -97.207655999556692, 32.867165000084746 ], [ -97.208561000502911, 32.866639000017933 ], [ -97.212059000213543, 32.864595000091491 ], [ -97.212043000396591, 32.867147999892182 ], [ -97.212042000325908, 32.868162999920166 ], [ -97.211911000449987, 32.882153000226644 ], [ -97.211385000343881, 32.888739000129227 ], [ -97.211892000043406, 32.892720000393865 ], [ -97.212283999718679, 32.893009000444223 ], [ -97.213992000145325, 32.893061000282088 ], [ -97.213971000451593, 32.895955999658185 ] ] ] ] } },
{ "type": "Feature", "properties": { "GEOID": "48439113212", "NAME": "Census Tract 1132.12, Tarrant County, Texas", "variable": "B01003_001", "estimate": 4675, "moe": 501, "coverage_all": 3481.3948, "coverage_na": 1993.7026, "coverage_4050": 874.44, "coverage_5060": 454.3129, "coverage_6070": 102.895, "coverage_7080": 47.269, "coverage_8090": 7.7753, "coverage_90": 1.0, "noise4050n": 1150.1082, "noise5060n": 602.3016, "noise6070n": 134.6532, "noise7080n": 61.5052, "noise8090n": 10.117, "noise90n": 1.3012, "noise4050p": 0.2512, "noise5060p": 0.1305, "noise6070p": 0.0296, "noise7080p": 0.0136, "noise8090p": 0.0022, "noise90p": 0.0003 }, "geometry": { "type": "MultiPolygon", "coordinates": [ [ [ [ -97.25870799949368, 32.835552000386691 ], [ -97.255560999964331, 32.8368159997924 ], [ -97.253336000410656, 32.839637999687518 ], [ -97.252849999620253, 32.840307999849692 ], [ -97.238728999747408, 32.840335999656084 ], [ -97.238849000158112, 32.830723000046881 ], [ -97.238849999717374, 32.828870999851048 ], [ -97.228782999543867, 32.828759999971659 ], [ -97.22445400020294, 32.828020999978015 ], [ -97.224572000298707, 32.826261999717225 ], [ -97.227478999580967, 32.824105999701359 ], [ -97.227830999740632, 32.823837999653115 ], [ -97.239074999836959, 32.823956000030691 ], [ -97.24697899981318, 32.82414000031163 ], [ -97.247898000231942, 32.824691999844255 ], [ -97.250828000312666, 32.829003000400057 ], [ -97.251450000157078, 32.829411999989524 ], [ -97.252331999942058, 32.829689999760959 ], [ -97.253811000266978, 32.829738000126902 ], [ -97.254295000335318, 32.830485999642015 ], [ -97.254665000095471, 32.831641999573691 ], [ -97.25470600003824, 32.831693999859901 ], [ -97.255108999951844, 32.832136000342672 ], [ -97.255311000512179, 32.832593999950198 ], [ -97.255926000146204, 32.833208000073952 ], [ -97.257439999746069, 32.833886000318785 ], [ -97.257761999514514, 32.83419000030181 ], [ -97.25834000032161, 32.835124000050307 ], [ -97.25870799949368, 32.835552000386691 ] ] ] ] } },
{ "type": "Feature", "properties": { "GEOID": "48439113213", "NAME": "Census Tract 1132.13, Tarrant County, Texas", "variable": "B01003_001", "estimate": 3635, "moe": 429, "coverage_all": 4032.3048, "coverage_na": 2674.0992, "coverage_4050": 457.5624, "coverage_5060": 506.208, "coverage_6070": 226.4573, "coverage_7080": 153.2347, "coverage_8090": 14.7431, "coverage_90": 0.0, "noise4050n": 414.0144, "noise5060n": 454.8944, "noise6070n": 202.711, "noise7080n": 135.4184, "noise8090n": 13.0352, "noise90n": 0.0, "noise4050p": 0.1135, "noise5060p": 0.1255, "noise6070p": 0.0562, "noise7080p": 0.038, "noise8090p": 0.0037, "noise90p": 0.0 }, "geometry": { "type": "MultiPolygon", "coordinates": [ [ [ [ -97.238849000158112, 32.830723000046881 ], [ -97.238728999747408, 32.840335999656084 ], [ -97.234930999474543, 32.840262000220157 ], [ -97.229195000380486, 32.839218000251329 ], [ -97.221731999482557, 32.835330000183362 ], [ -97.221688000119954, 32.83517400009935 ], [ -97.21898299959112, 32.833855999948469 ], [ -97.215723999941574, 32.832998000282259 ], [ -97.215352999879343, 32.832944000076211 ], [ -97.209335999540798, 32.832746000381157 ], [ -97.203442999966782, 32.832629000203625 ], [ -97.202673999631713, 32.833362999808969 ], [ -97.203405000099991, 32.834151000071657 ], [ -97.199131999859134, 32.834762999672805 ], [ -97.199131999869039, 32.834134999591399 ], [ -97.199961999533457, 32.833778999680526 ], [ -97.2002120000422, 32.83367400033768 ], [ -97.20037999988466, 32.833592999941487 ], [ -97.203071000251782, 32.831913000171369 ], [ -97.204363999658668, 32.830324999623791 ], [ -97.205057000350322, 32.828181999596779 ], [ -97.205341999845047, 32.823856000109494 ], [ -97.205705000168223, 32.823866000039814 ], [ -97.206204000086259, 32.82387900025541 ], [ -97.20745300023988, 32.823814999954884 ], [ -97.208553999889148, 32.823744999956944 ], [ -97.21223400016504, 32.823773000407606 ], [ -97.215585000451796, 32.823782999953487 ], [ -97.219624999716444, 32.823791000129589 ], [ -97.223594999908656, 32.823818999904624 ], [ -97.223678999575895, 32.826922999673279 ], [ -97.224572000298707, 32.826261999717225 ], [ -97.22445400020294, 32.828020999978015 ], [ -97.228782999543867, 32.828759999971659 ], [ -97.238849999717374, 32.828870999851048 ], [ -97.238849000158112, 32.830723000046881 ] ] ] ] } },
{ "type": "Feature", "properties": { "GEOID": "48439113214", "NAME": "Census Tract 1132.14, Tarrant County, Texas", "variable": "B01003_001", "estimate": 6106, "moe": 660, "coverage_all": 2951.7741, "coverage_na": 2355.3631, "coverage_4050": 299.8752, "coverage_5060": 195.5987, "coverage_6070": 100.1767, "coverage_7080": 0.7605, "coverage_8090": 0.0, "coverage_90": 0.0, "noise4050n": 774.5684, "noise5060n": 413.55, "noise6070n": 234.1978, "noise7080n": 2.2102, "noise8090n": 0.0, "noise90n": 0.0, "noise4050p": 0.1016, "noise5060p": 0.0663, "noise6070p": 0.0339, "noise7080p": 0.0003, "noise8090p": 0.0, "noise90p": 0.0 }, "geometry": { "type": "MultiPolygon", "coordinates": [ [ [ [ -97.237940999909284, 32.867646000252599 ], [ -97.237902000421784, 32.875016999972559 ], [ -97.237832000061687, 32.881368000296689 ], [ -97.231823000291129, 32.882145999981603 ], [ -97.226520999616838, 32.882177000199711 ], [ -97.224953000502794, 32.882184999770658 ], [ -97.224941999518776, 32.880661999708487 ], [ -97.225369999720385, 32.874936999873206 ], [ -97.225406000480547, 32.867558999870361 ], [ -97.22838099979883, 32.867557999950307 ], [ -97.227943000351544, 32.863965000323773 ], [ -97.226805999528978, 32.86344500032839 ], [ -97.228020999771147, 32.860232999733292 ], [ -97.237996000232997, 32.860413999852419 ], [ -97.237940999909284, 32.867646000252599 ] ] ] ] } },
{ "type": "Feature", "properties": { "GEOID": "48439113215", "NAME": "Census Tract 1132.15, Tarrant County, Texas", "variable": "B01003_001", "estimate": 5023, "moe": 769, "coverage_all": 3534.8794, "coverage_na": 1804.6369, "coverage_4050": 918.1542, "coverage_5060": 644.6468, "coverage_6070": 141.2717, "coverage_7080": 22.6407, "coverage_8090": 3.5291, "coverage_90": 0.0, "noise4050n": 1489.3591, "noise5060n": 1180.1107, "noise6070n": 297.8777, "noise7080n": 47.7389, "noise8090n": 7.4412, "noise90n": 0.0, "noise4050p": 0.2597, "noise5060p": 0.1824, "noise6070p": 0.04, "noise7080p": 0.0064, "noise8090p": 0.001, "noise90p": 0.0 }, "geometry": { "type": "MultiPolygon", "coordinates": [ [ [ [ -97.22838099979883, 32.867557999950307 ], [ -97.225406000480547, 32.867558999870361 ], [ -97.225369999720385, 32.874936999873206 ], [ -97.224941999518776, 32.880661999708487 ], [ -97.224953000502794, 32.882184999770658 ], [ -97.211911000449987, 32.882153000226644 ], [ -97.212042000325908, 32.868162999920166 ], [ -97.212043000396591, 32.867147999892182 ], [ -97.212059000213543, 32.864595000091491 ], [ -97.212058999486928, 32.861592999636649 ], [ -97.213274000282226, 32.861492000224132 ], [ -97.216999999565203, 32.860037999699856 ], [ -97.226113999884419, 32.860213999846138 ], [ -97.228020999771147, 32.860232999733292 ], [ -97.226805999528978, 32.86344500032839 ], [ -97.227943000351544, 32.863965000323773 ], [ -97.22838099979883, 32.867557999950307 ] ] ] ] } },
{ "type": "Feature", "properties": { "GEOID": "48439113216", "NAME": "Census Tract 1132.16, Tarrant County, Texas", "variable": "B01003_001", "estimate": 4915, "moe": 781, "coverage_all": 3499.6369, "coverage_na": 795.821, "coverage_4050": 1436.6398, "coverage_5060": 976.4346, "coverage_6070": 246.8729, "coverage_7080": 34.3976, "coverage_8090": 8.4709, "coverage_90": 1.0, "noise4050n": 1923.2079, "noise5060n": 1202.9096, "noise6070n": 323.4042, "noise7080n": 41.6771, "noise8090n": 10.4132, "noise90n": 1.1617, "noise4050p": 0.4105, "noise5060p": 0.279, "noise6070p": 0.0705, "noise7080p": 0.0098, "noise8090p": 0.0024, "noise90p": 0.0003 }, "geometry": { "type": "MultiPolygon", "coordinates": [ [ [ [ -97.238624000387034, 32.846814999732011 ], [ -97.238652000400776, 32.85035100039984 ], [ -97.238595000223825, 32.8531180001793 ], [ -97.238369000106175, 32.855444000254536 ], [ -97.237996000232997, 32.860413999852419 ], [ -97.228020999771147, 32.860232999733292 ], [ -97.226113999884419, 32.860213999846138 ], [ -97.216999999565203, 32.860037999699856 ], [ -97.213274000282226, 32.861492000224132 ], [ -97.212058999486928, 32.861592999636649 ], [ -97.211920000172796, 32.857426999602808 ], [ -97.213283000200349, 32.85206600010455 ], [ -97.214273999600877, 32.852058000208054 ], [ -97.216900999885482, 32.852544999803165 ], [ -97.220448000055171, 32.852598000367884 ], [ -97.224855000081604, 32.8526070004025 ], [ -97.225696999879119, 32.851787999575386 ], [ -97.226925999857329, 32.850730999981494 ], [ -97.227090000038729, 32.85029600034769 ], [ -97.227890999716621, 32.844520000230709 ], [ -97.228861000380562, 32.844486999587296 ], [ -97.231424000209856, 32.843714999558166 ], [ -97.23871299977165, 32.843760999900745 ], [ -97.238624000387034, 32.846814999732011 ] ] ] ] } },
{ "type": "Feature", "properties": { "GEOID": "48439113217", "NAME": "Census Tract 1132.17, Tarrant County, Texas", "variable": "B01003_001", "estimate": 4518, "moe": 604, "coverage_all": 3167.9057, "coverage_na": 2247.179, "coverage_4050": 352.9449, "coverage_5060": 344.3794, "coverage_6070": 109.5568, "coverage_7080": 100.5497, "coverage_8090": 13.296, "coverage_90": 0.0, "noise4050n": 446.3614, "noise5060n": 428.8709, "noise6070n": 130.9136, "noise7080n": 116.1447, "noise8090n": 15.8942, "noise90n": 0.0, "noise4050p": 0.1114, "noise5060p": 0.1087, "noise6070p": 0.0346, "noise7080p": 0.0317, "noise8090p": 0.0042, "noise90p": 0.0 }, "geometry": { "type": "MultiPolygon", "coordinates": [ [ [ [ -97.23871299977165, 32.843760999900745 ], [ -97.231424000209856, 32.843714999558166 ], [ -97.228861000380562, 32.844486999587296 ], [ -97.227890999716621, 32.844520000230709 ], [ -97.227090000038729, 32.85029600034769 ], [ -97.226925999857329, 32.850730999981494 ], [ -97.225696999879119, 32.851787999575386 ], [ -97.224855000081604, 32.8526070004025 ], [ -97.220448000055171, 32.852598000367884 ], [ -97.216900999885482, 32.852544999803165 ], [ -97.214273999600877, 32.852058000208054 ], [ -97.213283000200349, 32.85206600010455 ], [ -97.213597000360181, 32.850903999925748 ], [ -97.214110000079202, 32.848728999680965 ], [ -97.214240999551066, 32.847444999964019 ], [ -97.214310999712566, 32.843461999702875 ], [ -97.214307999713, 32.842579000255299 ], [ -97.214282000445465, 32.834201000263683 ], [ -97.215587999627289, 32.833102999978202 ], [ -97.215723999941574, 32.832998000282259 ], [ -97.21898299959112, 32.833855999948469 ], [ -97.221688000119954, 32.83517400009935 ], [ -97.221731999482557, 32.835330000183362 ], [ -97.229195000380486, 32.839218000251329 ], [ -97.234930999474543, 32.840262000220157 ], [ -97.238728999747408, 32.840335999656084 ], [ -97.23871299977165, 32.843760999900745 ] ] ] ] } },
{ "type": "Feature", "properties": { "GEOID": "48439113218", "NAME": "Census Tract 1132.18, Tarrant County, Texas", "variable": "B01003_001", "estimate": 2905, "moe": 237, "coverage_all": 3964.0558, "coverage_na": 1679.5744, "coverage_4050": 1019.9831, "coverage_5060": 908.8326, "coverage_6070": 283.8099, "coverage_7080": 57.5393, "coverage_8090": 10.504, "coverage_90": 3.8125, "noise4050n": 689.0082, "noise5060n": 609.2067, "noise6070n": 194.4827, "noise7080n": 38.6237, "noise8090n": 6.9464, "noise90n": 2.5043, "noise4050p": 0.2573, "noise5060p": 0.2293, "noise6070p": 0.0716, "noise7080p": 0.0145, "noise8090p": 0.0026, "noise90p": 0.001 }, "geometry": { "type": "MultiPolygon", "coordinates": [ [ [ [ -97.212059000213543, 32.864595000091491 ], [ -97.208561000502911, 32.866639000017933 ], [ -97.207655999556692, 32.867165000084746 ], [ -97.194633999544692, 32.874791999734967 ], [ -97.185994000295054, 32.879848000088202 ], [ -97.186113000338864, 32.866001999755753 ], [ -97.186094999516612, 32.86195899984191 ], [ -97.186101000529391, 32.860407999925236 ], [ -97.186104000368758, 32.860291999573164 ], [ -97.186140000434904, 32.855733000286058 ], [ -97.186422999550402, 32.855500000309391 ], [ -97.189562000100793, 32.852908000156305 ], [ -97.192623999506395, 32.855656000187977 ], [ -97.194819999939014, 32.856466999706029 ], [ -97.194806999465214, 32.86041599957931 ], [ -97.198866999876586, 32.860505000345327 ], [ -97.19955500029721, 32.861670999961106 ], [ -97.203175999655329, 32.861640000385599 ], [ -97.209045999556878, 32.862025000134992 ], [ -97.211346999491283, 32.858656000419714 ], [ -97.211920000172796, 32.857426999602808 ], [ -97.212058999486928, 32.861592999636649 ], [ -97.212059000213543, 32.864595000091491 ] ] ] ] } },
{ "type": "Feature", "properties": { "GEOID": "48439113221", "NAME": "Census Tract 1132.21, Tarrant County, Texas", "variable": "B01003_001", "estimate": 6531, "moe": 1242, "coverage_all": 3148.8123, "coverage_na": 2549.9047, "coverage_4050": 408.6954, "coverage_5060": 115.692, "coverage_6070": 73.493, "coverage_7080": 1.0272, "coverage_8090": 0.0, "coverage_90": 0.0, "noise4050n": 803.5365, "noise5060n": 258.7807, "noise6070n": 162.9069, "noise7080n": 1.7805, "noise8090n": 0.0, "noise90n": 0.0, "noise4050p": 0.1298, "noise5060p": 0.0367, "noise6070p": 0.0233, "noise7080p": 0.0003, "noise8090p": 0.0, "noise90p": 0.0 }, "geometry": { "type": "MultiPolygon", "coordinates": [ [ [ [ -97.213597000360181, 32.850903999925748 ], [ -97.213283000200349, 32.85206600010455 ], [ -97.211920000172796, 32.857426999602808 ], [ -97.211346999491283, 32.858656000419714 ], [ -97.209045999556878, 32.862025000134992 ], [ -97.203175999655329, 32.861640000385599 ], [ -97.19955500029721, 32.861670999961106 ], [ -97.198866999876586, 32.860505000345327 ], [ -97.194806999465214, 32.86041599957931 ], [ -97.194819999939014, 32.856466999706029 ], [ -97.192623999506395, 32.855656000187977 ], [ -97.189562000100793, 32.852908000156305 ], [ -97.191125000494608, 32.851617999878741 ], [ -97.193031000325604, 32.850029000083701 ], [ -97.200464999567188, 32.843792000024393 ], [ -97.20259099975793, 32.847422999859752 ], [ -97.206913999882872, 32.84778199976126 ], [ -97.208015000005162, 32.848255999700463 ], [ -97.21149100043128, 32.848283000423727 ], [ -97.214110000079202, 32.848728999680965 ], [ -97.213597000360181, 32.850903999925748 ] ] ] ] } },
{ "type": "Feature", "properties": { "GEOID": "48439113222", "NAME": "Census Tract 1132.22, Tarrant County, Texas", "variable": "B01003_001", "estimate": 3899, "moe": 1260, "coverage_all": 1242.8037, "coverage_na": 863.3067, "coverage_4050": 120.5427, "coverage_5060": 151.9626, "coverage_6070": 83.4488, "coverage_7080": 19.5851, "coverage_8090": 3.9579, "coverage_90": 0.0, "noise4050n": 342.1866, "noise5060n": 456.2498, "noise6070n": 271.4464, "noise7080n": 41.6519, "noise8090n": 8.3113, "noise90n": 0.0, "noise4050p": 0.097, "noise5060p": 0.1223, "noise6070p": 0.0671, "noise7080p": 0.0158, "noise8090p": 0.0032, "noise90p": 0.0 }, "geometry": { "type": "MultiPolygon", "coordinates": [ [ [ [ -97.204302999679285, 32.841071000113303 ], [ -97.202160000518063, 32.842493000400601 ], [ -97.201473999983733, 32.842957999898907 ], [ -97.200464999567188, 32.843792000024393 ], [ -97.193031000325604, 32.850029000083701 ], [ -97.193010000102419, 32.849697000181841 ], [ -97.192986999523853, 32.842955999820582 ], [ -97.19289599963696, 32.838528999883536 ], [ -97.192363999687004, 32.838517999882043 ], [ -97.191883999978458, 32.838397999598691 ], [ -97.192493000485584, 32.838304999984246 ], [ -97.193411000456692, 32.838074999850839 ], [ -97.194382000287987, 32.837680999553172 ], [ -97.194986000303416, 32.837335999727053 ], [ -97.195346000136581, 32.836727000234575 ], [ -97.199131999869039, 32.834134999591399 ], [ -97.199131999859134, 32.834762999672805 ], [ -97.203405000099991, 32.834151000071657 ], [ -97.203377999586834, 32.838531999880772 ], [ -97.204302999679285, 32.841071000113303 ] ] ] ] } },
{ "type": "Feature", "properties": { "GEOID": "48439113223", "NAME": "Census Tract 1132.23, Tarrant County, Texas", "variable": "B01003_001", "estimate": 3333, "moe": 351, "coverage_all": 2045.0699, "coverage_na": 1375.0566, "coverage_4050": 208.9824, "coverage_5060": 215.4549, "coverage_6070": 182.2499, "coverage_7080": 62.651, "coverage_8090": 0.675, "coverage_90": 0.0, "noise4050n": 300.812, "noise5060n": 301.4443, "noise6070n": 238.1069, "noise7080n": 80.0048, "noise8090n": 0.8522, "noise90n": 0.0, "noise4050p": 0.1022, "noise5060p": 0.1054, "noise6070p": 0.0891, "noise7080p": 0.0306, "noise8090p": 0.0003, "noise90p": 0.0 }, "geometry": { "type": "MultiPolygon", "coordinates": [ [ [ [ -97.215587999627289, 32.833102999978202 ], [ -97.214282000445465, 32.834201000263683 ], [ -97.214307999713, 32.842579000255299 ], [ -97.214310999712566, 32.843461999702875 ], [ -97.214240999551066, 32.847444999964019 ], [ -97.214110000079202, 32.848728999680965 ], [ -97.21149100043128, 32.848283000423727 ], [ -97.208015000005162, 32.848255999700463 ], [ -97.206913999882872, 32.84778199976126 ], [ -97.20259099975793, 32.847422999859752 ], [ -97.200464999567188, 32.843792000024393 ], [ -97.201473999983733, 32.842957999898907 ], [ -97.202160000518063, 32.842493000400601 ], [ -97.204302999679285, 32.841071000113303 ], [ -97.203377999586834, 32.838531999880772 ], [ -97.203405000099991, 32.834151000071657 ], [ -97.202673999631713, 32.833362999808969 ], [ -97.203442999966782, 32.832629000203625 ], [ -97.209335999540798, 32.832746000381157 ], [ -97.215352999879343, 32.832944000076211 ], [ -97.215723999941574, 32.832998000282259 ], [ -97.215587999627289, 32.833102999978202 ] ] ] ] } },
{ "type": "Feature", "properties": { "GEOID": "48439113301", "NAME": "Census Tract 1133.01, Tarrant County, Texas", "variable": "B01003_001", "estimate": 3485, "moe": 599, "coverage_all": 4374.7782, "coverage_na": 2877.7119, "coverage_4050": 1012.5619, "coverage_5060": 269.6168, "coverage_6070": 199.2487, "coverage_7080": 15.6389, "coverage_8090": 0.0, "coverage_90": 0.0, "noise4050n": 677.7779, "noise5060n": 203.1989, "noise6070n": 148.2835, "noise7080n": 10.5904, "noise8090n": 0.0, "noise90n": 0.0, "noise4050p": 0.2315, "noise5060p": 0.0616, "noise6070p": 0.0455, "noise7080p": 0.0036, "noise8090p": 0.0, "noise90p": 0.0 }, "geometry": { "type": "MultiPolygon", "coordinates": [ [ [ [ -97.247083000095003, 32.809355999838118 ], [ -97.238479999808476, 32.815680000086779 ], [ -97.236834999881523, 32.817058000416537 ], [ -97.234954000108061, 32.818460999852434 ], [ -97.229262999546293, 32.822760999907842 ], [ -97.227830999740632, 32.823837999653115 ], [ -97.227478999580967, 32.824105999701359 ], [ -97.224572000298707, 32.826261999717225 ], [ -97.223678999575895, 32.826922999673279 ], [ -97.223594999908656, 32.823818999904624 ], [ -97.219624999716444, 32.823791000129589 ], [ -97.215585000451796, 32.823782999953487 ], [ -97.21223400016504, 32.823773000407606 ], [ -97.212242000516241, 32.81951100038782 ], [ -97.212248999504041, 32.815773000158174 ], [ -97.212351000318364, 32.809061000233669 ], [ -97.212352999483372, 32.808948999731825 ], [ -97.224673000197939, 32.809054999828305 ], [ -97.228093000331029, 32.809093999575204 ], [ -97.228360000338569, 32.809099000185753 ], [ -97.23666099986859, 32.809144000045258 ], [ -97.243099000522164, 32.80920199982306 ], [ -97.244386999575227, 32.809099000179366 ], [ -97.247083000095003, 32.809355999838118 ] ] ] ] } },
{ "type": "Feature", "properties": { "GEOID": "48439113302", "NAME": "Census Tract 1133.02, Tarrant County, Texas", "variable": "B01003_001", "estimate": 4973, "moe": 856, "coverage_all": 4028.1152, "coverage_na": 521.8312, "coverage_4050": 1944.788, "coverage_5060": 1155.2893, "coverage_6070": 272.244, "coverage_7080": 118.5838, "coverage_8090": 15.3159, "coverage_90": 0.0631, "noise4050n": 2395.6802, "noise5060n": 1388.5461, "noise6070n": 336.8391, "noise7080n": 147.9486, "noise8090n": 19.1851, "noise90n": 0.0827, "noise4050p": 0.4828, "noise5060p": 0.2868, "noise6070p": 0.0676, "noise7080p": 0.0294, "noise8090p": 0.0038, "noise90p": 0.0 }, "geometry": { "type": "MultiPolygon", "coordinates": [ [ [ [ -97.248671000293911, 32.8075820002922 ], [ -97.248141000407031, 32.807848999681198 ], [ -97.246949000219189, 32.808411000298292 ], [ -97.245947999877401, 32.808751999809516 ], [ -97.244995000224407, 32.808993000210329 ], [ -97.244386999575227, 32.809099000179366 ], [ -97.243099000522164, 32.80920199982306 ], [ -97.23666099986859, 32.809144000045258 ], [ -97.228360000338569, 32.809099000185753 ], [ -97.228093000331029, 32.809093999575204 ], [ -97.224673000197939, 32.809054999828305 ], [ -97.212352999483372, 32.808948999731825 ], [ -97.212397999650406, 32.804207999896484 ], [ -97.221198999999331, 32.80045199996264 ], [ -97.235919000434677, 32.794217999849621 ], [ -97.236943000299661, 32.794430000317476 ], [ -97.242022000402045, 32.800699000231859 ], [ -97.248021999899876, 32.803486000368828 ], [ -97.249257999505289, 32.807239000453436 ], [ -97.248671000293911, 32.8075820002922 ] ] ] ] } },
{ "type": "Feature", "properties": { "GEOID": "48439113403", "NAME": "Census Tract 1134.03, Tarrant County, Texas", "variable": "B01003_001", "estimate": 2641, "moe": 476, "coverage_all": 2634.9934, "coverage_na": 1897.7934, "coverage_4050": 248.803, "coverage_5060": 358.0007, "coverage_6070": 81.5015, "coverage_7080": 46.5743, "coverage_8090": 2.3205, "coverage_90": 0.0, "noise4050n": 254.4293, "noise5060n": 367.2863, "noise6070n": 88.8951, "noise7080n": 49.2585, "noise8090n": 2.3631, "noise90n": 0.0, "noise4050p": 0.0944, "noise5060p": 0.1359, "noise6070p": 0.0309, "noise7080p": 0.0177, "noise8090p": 0.0009, "noise90p": 0.0 }, "geometry": { "type": "MultiPolygon", "coordinates": [ [ [ [ -97.205057000350322, 32.828181999596779 ], [ -97.204363999658668, 32.830324999623791 ], [ -97.203071000251782, 32.831913000171369 ], [ -97.20037999988466, 32.833592999941487 ], [ -97.2002120000422, 32.83367400033768 ], [ -97.199961999533457, 32.833778999680526 ], [ -97.199131999869039, 32.834134999591399 ], [ -97.195346000136581, 32.836727000234575 ], [ -97.194986000303416, 32.837335999727053 ], [ -97.194382000287987, 32.837680999553172 ], [ -97.193411000456692, 32.838074999850839 ], [ -97.192493000485584, 32.838304999984246 ], [ -97.191883999978458, 32.838397999598691 ], [ -97.187820000298913, 32.839039000095468 ], [ -97.186249999943058, 32.839021999915758 ], [ -97.186253999863453, 32.838229000261201 ], [ -97.186323999903777, 32.833896999595304 ], [ -97.186445999516849, 32.823649999859498 ], [ -97.190890000377962, 32.823652999765486 ], [ -97.198849000009574, 32.823681000373078 ], [ -97.201999999496266, 32.82368899999306 ], [ -97.20372300009592, 32.823869999600397 ], [ -97.205341999845047, 32.823856000109494 ], [ -97.205057000350322, 32.828181999596779 ] ] ] ] } },
{ "type": "Feature", "properties": { "GEOID": "48439113404", "NAME": "Census Tract 1134.04, Tarrant County, Texas", "variable": "B01003_001", "estimate": 5787, "moe": 844, "coverage_all": 3778.0991, "coverage_na": 3095.3732, "coverage_4050": 248.9112, "coverage_5060": 344.6249, "coverage_6070": 87.4911, "coverage_7080": 1.5373, "coverage_8090": 0.1614, "coverage_90": 0.0, "noise4050n": 280.1849, "noise5060n": 427.4937, "noise6070n": 71.8092, "noise7080n": 0.8874, "noise8090n": 0.0932, "noise90n": 0.0, "noise4050p": 0.0659, "noise5060p": 0.0912, "noise6070p": 0.0232, "noise7080p": 0.0004, "noise8090p": 0.0, "noise90p": 0.0 }, "geometry": { "type": "MultiPolygon", "coordinates": [ [ [ [ -97.186323999903777, 32.833896999595304 ], [ -97.186253999863453, 32.838229000261201 ], [ -97.186249999943058, 32.839021999915758 ], [ -97.185206999993241, 32.839432999804558 ], [ -97.177930000152259, 32.839633000194176 ], [ -97.167749000375608, 32.839513999965618 ], [ -97.16618599962996, 32.839554999968065 ], [ -97.166123000479601, 32.835706000092252 ], [ -97.167754999741547, 32.835692000278456 ], [ -97.167870000310103, 32.833942000403511 ], [ -97.166443999912261, 32.833963000159706 ], [ -97.166421999785442, 32.827728000005798 ], [ -97.165588999888982, 32.827685999944407 ], [ -97.163589000278947, 32.827764000371957 ], [ -97.163605999824028, 32.823555999728882 ], [ -97.164484999854437, 32.823563000235744 ], [ -97.167728999528734, 32.823594000073911 ], [ -97.173039000022769, 32.823606999837686 ], [ -97.179343000533493, 32.823628000242408 ], [ -97.186445999516849, 32.823649999859498 ], [ -97.186323999903777, 32.833896999595304 ] ] ] ] } },
{ "type": "Feature", "properties": { "GEOID": "48439113407", "NAME": "Census Tract 1134.07, Tarrant County, Texas", "variable": "B01003_001", "estimate": 6136, "moe": 883, "coverage_all": 2326.4835, "coverage_na": 977.8957, "coverage_4050": 988.4189, "coverage_5060": 262.7565, "coverage_6070": 96.4123, "coverage_7080": 1.0, "coverage_8090": 0.0, "coverage_90": 0.0, "noise4050n": 1998.845, "noise5060n": 630.7163, "noise6070n": 190.9005, "noise7080n": 1.5789, "noise8090n": 0.0, "noise90n": 0.0, "noise4050p": 0.4249, "noise5060p": 0.1129, "noise6070p": 0.0414, "noise7080p": 0.0004, "noise8090p": 0.0, "noise90p": 0.0 }, "geometry": { "type": "MultiPolygon", "coordinates": [ [ [ [ -97.169177999978629, 32.80898100001766 ], [ -97.168927999724858, 32.81105600028954 ], [ -97.165584000517214, 32.812978999801366 ], [ -97.164758000394286, 32.814354999718041 ], [ -97.16462899988079, 32.814855000008343 ], [ -97.16456399957768, 32.816235000174316 ], [ -97.164484999854437, 32.823563000235744 ], [ -97.163605999824028, 32.823555999728882 ], [ -97.159808999764323, 32.823518000335248 ], [ -97.155763000422894, 32.823438999716792 ], [ -97.154541000360794, 32.82317699962109 ], [ -97.153380999964199, 32.822705000301546 ], [ -97.153914000379473, 32.821456999954634 ], [ -97.155347999930854, 32.815574999831504 ], [ -97.151766999956251, 32.815288000051552 ], [ -97.151628000119771, 32.814771000210975 ], [ -97.151597000011066, 32.814525000081829 ], [ -97.149262000456673, 32.814631000187092 ], [ -97.14689599976596, 32.813885000191036 ], [ -97.144876999466945, 32.813723999976176 ], [ -97.144090999995584, 32.813000000228605 ], [ -97.143999000016251, 32.812825000113016 ], [ -97.155970999952544, 32.808762999858281 ], [ -97.159647999514789, 32.808609999992427 ], [ -97.169173999595074, 32.808736000258421 ], [ -97.169176000498339, 32.808835999813532 ], [ -97.169177999978629, 32.80898100001766 ] ] ] ] } },
{ "type": "Feature", "properties": { "GEOID": "48439113408", "NAME": "Census Tract 1134.08, Tarrant County, Texas", "variable": "B01003_001", "estimate": 5050, "moe": 838, "coverage_all": 4099.0416, "coverage_na": 2587.4543, "coverage_4050": 662.8348, "coverage_5060": 672.7554, "coverage_6070": 172.0425, "coverage_7080": 3.7576, "coverage_8090": 0.1569, "coverage_90": 0.0401, "noise4050n": 770.9681, "noise5060n": 625.5698, "noise6070n": 152.9434, "noise7080n": 3.0427, "noise8090n": 0.1271, "noise90n": 0.0325, "noise4050p": 0.1617, "noise5060p": 0.1641, "noise6070p": 0.042, "noise7080p": 0.0009, "noise8090p": 0.0, "noise90p": 9.784e-06 }, "geometry": { "type": "MultiPolygon", "coordinates": [ [ [ [ -97.186638000366571, 32.809183999954492 ], [ -97.186526999546629, 32.815898999913465 ], [ -97.186445999516849, 32.823649999859498 ], [ -97.179343000533493, 32.823628000242408 ], [ -97.173039000022769, 32.823606999837686 ], [ -97.167728999528734, 32.823594000073911 ], [ -97.164484999854437, 32.823563000235744 ], [ -97.16456399957768, 32.816235000174316 ], [ -97.16462899988079, 32.814855000008343 ], [ -97.164758000394286, 32.814354999718041 ], [ -97.165584000517214, 32.812978999801366 ], [ -97.168927999724858, 32.81105600028954 ], [ -97.169177999978629, 32.80898100001766 ], [ -97.169176000498339, 32.808835999813532 ], [ -97.169173999595074, 32.808736000258421 ], [ -97.169169999782468, 32.805551000361802 ], [ -97.169367000050997, 32.805564999568489 ], [ -97.179535000405863, 32.80630500036979 ], [ -97.186530000045451, 32.806758999778275 ], [ -97.186638000366571, 32.809183999954492 ] ] ] ] } },
{ "type": "Feature", "properties": { "GEOID": "48439113409", "NAME": "Census Tract 1134.09, Tarrant County, Texas", "variable": "B01003_001", "estimate": 2417, "moe": 513, "coverage_all": 2585.3062, "coverage_na": 797.0886, "coverage_4050": 855.0921, "coverage_5060": 673.4876, "coverage_6070": 219.5897, "coverage_7080": 32.9135, "coverage_8090": 6.7577, "coverage_90": 0.3769, "noise4050n": 825.9018, "noise5060n": 495.297, "noise6070n": 171.5902, "noise7080n": 22.0505, "noise8090n": 4.382, "noise90n": 0.2444, "noise4050p": 0.3308, "noise5060p": 0.2605, "noise6070p": 0.0849, "noise7080p": 0.0127, "noise8090p": 0.0026, "noise90p": 0.0001 }, "geometry": { "type": "MultiPolygon", "coordinates": [ [ [ [ -97.20984799986222, 32.809075000061924 ], [ -97.206200999642405, 32.816687999917917 ], [ -97.20582899966746, 32.818046999763162 ], [ -97.203647000040803, 32.817779999609009 ], [ -97.201490999922626, 32.817399000092976 ], [ -97.19818899979127, 32.817791000081094 ], [ -97.195222999710708, 32.817669000395092 ], [ -97.19297700002879, 32.816740000159832 ], [ -97.188441000052705, 32.816473999761712 ], [ -97.186526999546629, 32.815898999913465 ], [ -97.186638000366571, 32.809183999954492 ], [ -97.186530000045451, 32.806758999778275 ], [ -97.198803000161746, 32.807643999631843 ], [ -97.202000999529446, 32.807563999669213 ], [ -97.205537999715261, 32.806904000261554 ], [ -97.211387000134906, 32.804654000358241 ], [ -97.20984799986222, 32.809075000061924 ] ] ] ] } },
{ "type": "Feature", "properties": { "GEOID": "48439113410", "NAME": "Census Tract 1134.10, Tarrant County, Texas", "variable": "B01003_001", "estimate": 4750, "moe": 1022, "coverage_all": 2432.8027, "coverage_na": 1573.1199, "coverage_4050": 332.047, "coverage_5060": 304.2361, "coverage_6070": 116.2642, "coverage_7080": 83.4935, "coverage_8090": 23.642, "coverage_90": 0.0, "noise4050n": 847.9721, "noise5060n": 788.572, "noise6070n": 344.618, "noise7080n": 244.6993, "noise8090n": 73.2309, "noise90n": 0.0, "noise4050p": 0.1365, "noise5060p": 0.1251, "noise6070p": 0.0478, "noise7080p": 0.0343, "noise8090p": 0.0097, "noise90p": 0.0 }, "geometry": { "type": "MultiPolygon", "coordinates": [ [ [ [ -97.212352999483372, 32.808948999731825 ], [ -97.212351000318364, 32.809061000233669 ], [ -97.212248999504041, 32.815773000158174 ], [ -97.212242000516241, 32.81951100038782 ], [ -97.21223400016504, 32.823773000407606 ], [ -97.208553999889148, 32.823744999956944 ], [ -97.20745300023988, 32.823814999954884 ], [ -97.206204000086259, 32.82387900025541 ], [ -97.205705000168223, 32.823866000039814 ], [ -97.205341999845047, 32.823856000109494 ], [ -97.20372300009592, 32.823869999600397 ], [ -97.201999999496266, 32.82368899999306 ], [ -97.198849000009574, 32.823681000373078 ], [ -97.190890000377962, 32.823652999765486 ], [ -97.186445999516849, 32.823649999859498 ], [ -97.186526999546629, 32.815898999913465 ], [ -97.188441000052705, 32.816473999761712 ], [ -97.19297700002879, 32.816740000159832 ], [ -97.195222999710708, 32.817669000395092 ], [ -97.19818899979127, 32.817791000081094 ], [ -97.201490999922626, 32.817399000092976 ], [ -97.203647000040803, 32.817779999609009 ], [ -97.20582899966746, 32.818046999763162 ], [ -97.206200999642405, 32.816687999917917 ], [ -97.20984799986222, 32.809075000061924 ], [ -97.211387000134906, 32.804654000358241 ], [ -97.212165999990219, 32.804304999710872 ], [ -97.212397999650406, 32.804207999896484 ], [ -97.212352999483372, 32.808948999731825 ] ] ] ] } },
{ "type": "Feature", "properties": { "GEOID": "48439113509", "NAME": "Census Tract 1135.09, Tarrant County, Texas", "variable": "B01003_001", "estimate": 4784, "moe": 1100, "coverage_all": 2787.1236, "coverage_na": 1874.0, "coverage_4050": 470.1301, "coverage_5060": 259.3479, "coverage_6070": 109.2091, "coverage_7080": 22.763, "coverage_8090": 51.6735, "coverage_90": 0.0, "noise4050n": 816.7351, "noise5060n": 448.4352, "noise6070n": 183.4873, "noise7080n": 39.5552, "noise8090n": 89.7928, "noise90n": 0.0, "noise4050p": 0.1687, "noise5060p": 0.0931, "noise6070p": 0.0392, "noise7080p": 0.0082, "noise8090p": 0.0185, "noise90p": 0.0 }, "geometry": { "type": "MultiPolygon", "coordinates": [ [ [ [ -97.099948000247068, 32.85184300020844 ], [ -97.090659999856328, 32.851739999707789 ], [ -97.082529999638652, 32.851849999843068 ], [ -97.082579000195693, 32.846881999561134 ], [ -97.082583999831812, 32.844030999897136 ], [ -97.082622000454464, 32.838686000082163 ], [ -97.090594000300641, 32.837549999580474 ], [ -97.099829000193481, 32.837577000209009 ], [ -97.099854000009387, 32.844145999936288 ], [ -97.099948000247068, 32.85184300020844 ] ] ] ] } },
{ "type": "Feature", "properties": { "GEOID": "48439113510", "NAME": "Census Tract 1135.10, Tarrant County, Texas", "variable": "B01003_001", "estimate": 6254, "moe": 821, "coverage_all": 3305.3376, "coverage_na": 0.0, "coverage_4050": 1307.147, "coverage_5060": 1738.3882, "coverage_6070": 132.064, "coverage_7080": 60.4655, "coverage_8090": 67.273, "coverage_90": 0.0, "noise4050n": 3020.9391, "noise5060n": 2849.85, "noise6070n": 197.9667, "noise7080n": 87.7003, "noise8090n": 97.5439, "noise90n": 0.0, "noise4050p": 0.3955, "noise5060p": 0.5259, "noise6070p": 0.04, "noise7080p": 0.0183, "noise8090p": 0.0204, "noise90p": 0.0 }, "geometry": { "type": "MultiPolygon", "coordinates": [ [ [ [ -97.082583999831812, 32.844030999897136 ], [ -97.082579000195693, 32.846881999561134 ], [ -97.082529999638652, 32.851849999843068 ], [ -97.081853999912639, 32.851714999688575 ], [ -97.072641000304372, 32.851687999871722 ], [ -97.069238000366937, 32.851688000028304 ], [ -97.065181000131375, 32.851630999838115 ], [ -97.06414300012861, 32.851631999717398 ], [ -97.062359000422646, 32.845339999749065 ], [ -97.061749000066641, 32.843286000321008 ], [ -97.061294000024077, 32.839826999804345 ], [ -97.061286999906216, 32.837840000259092 ], [ -97.064099000530106, 32.837150000253494 ], [ -97.065199000124608, 32.837035999876868 ], [ -97.068780999899076, 32.837011000178279 ], [ -97.069640999755634, 32.837027000316304 ], [ -97.070255000281634, 32.837038000017607 ], [ -97.072816999996974, 32.837239000277002 ], [ -97.082622000454464, 32.838686000082163 ], [ -97.082583999831812, 32.844030999897136 ] ] ] ] } },
{ "type": "Feature", "properties": { "GEOID": "48439113511", "NAME": "Census Tract 1135.11, Tarrant County, Texas", "variable": "B01003_001", "estimate": 4016, "moe": 644, "coverage_all": 4193.9802, "coverage_na": 3089.79, "coverage_4050": 485.0006, "coverage_5060": 415.1289, "coverage_6070": 181.2146, "coverage_7080": 22.6831, "coverage_8090": 0.163, "coverage_90": 0.0, "noise4050n": 458.8321, "noise5060n": 385.2623, "noise6070n": 182.4231, "noise7080n": 25.286, "noise8090n": 0.1946, "noise90n": 0.0, "noise4050p": 0.1156, "noise5060p": 0.099, "noise6070p": 0.0432, "noise7080p": 0.0054, "noise8090p": 0.0, "noise90p": 0.0 }, "geometry": { "type": "MultiPolygon", "coordinates": [ [ [ [ -97.134646000191921, 32.822112999563736 ], [ -97.133558000446811, 32.822105000408357 ], [ -97.126563000443781, 32.822095999736391 ], [ -97.124590999730628, 32.822111000334679 ], [ -97.122950000291112, 32.822124999732459 ], [ -97.123132000238613, 32.825389999981596 ], [ -97.121642999773471, 32.827567999845144 ], [ -97.117732999921643, 32.828265999654462 ], [ -97.109051000045397, 32.827263000358755 ], [ -97.108667999764478, 32.825476999802852 ], [ -97.107716999681287, 32.825823000325798 ], [ -97.107787000104267, 32.837344000061499 ], [ -97.107715999480689, 32.837606000080051 ], [ -97.099829000193481, 32.837577000209009 ], [ -97.099788999510977, 32.837260000026141 ], [ -97.099654000250993, 32.828636000107252 ], [ -97.099642999717403, 32.822418000392574 ], [ -97.105085000072577, 32.822431999708932 ], [ -97.107763999519491, 32.822432000177393 ], [ -97.107894999918585, 32.821333999706141 ], [ -97.111483000191427, 32.82072400027937 ], [ -97.117273000134034, 32.814814999784929 ], [ -97.118358000476007, 32.814613000086815 ], [ -97.13469499986131, 32.814721000130533 ], [ -97.134646000191921, 32.822112999563736 ] ] ] ] } },
{ "type": "Feature", "properties": { "GEOID": "48439113512", "NAME": "Census Tract 1135.12, Tarrant County, Texas", "variable": "B01003_001", "estimate": 6047, "moe": 893, "coverage_all": 3589.2213, "coverage_na": 2812.1695, "coverage_4050": 287.5212, "coverage_5060": 389.9951, "coverage_6070": 72.3335, "coverage_7080": 22.7653, "coverage_8090": 4.4367, "coverage_90": 0.0, "noise4050n": 408.5503, "noise5060n": 604.7996, "noise6070n": 103.5792, "noise7080n": 39.0994, "noise8090n": 7.7324, "noise90n": 0.0, "noise4050p": 0.0801, "noise5060p": 0.1087, "noise6070p": 0.0202, "noise7080p": 0.0063, "noise8090p": 0.0012, "noise90p": 0.0 }, "geometry": { "type": "MultiPolygon", "coordinates": [ [ [ [ -97.133465000243476, 32.830154000316902 ], [ -97.133408000385998, 32.835430999592376 ], [ -97.133338999746087, 32.836841000416996 ], [ -97.128649999755993, 32.836869000268642 ], [ -97.123956000341352, 32.837665999718737 ], [ -97.119687999993559, 32.837659000273803 ], [ -97.107715999480689, 32.837606000080051 ], [ -97.107787000104267, 32.837344000061499 ], [ -97.107716999681287, 32.825823000325798 ], [ -97.108667999764478, 32.825476999802852 ], [ -97.109051000045397, 32.827263000358755 ], [ -97.117732999921643, 32.828265999654462 ], [ -97.121642999773471, 32.827567999845144 ], [ -97.123132000238613, 32.825389999981596 ], [ -97.122950000291112, 32.822124999732459 ], [ -97.124590999730628, 32.822111000334679 ], [ -97.126563000443781, 32.822095999736391 ], [ -97.133558000446811, 32.822105000408357 ], [ -97.133465000243476, 32.830154000316902 ] ] ] ] } },
{ "type": "Feature", "properties": { "GEOID": "48439113513", "NAME": "Census Tract 1135.13, Tarrant County, Texas", "variable": "B01003_001", "estimate": 5163, "moe": 632, "coverage_all": 2831.7164, "coverage_na": 2.3655, "coverage_4050": 1637.0722, "coverage_5060": 1133.0801, "coverage_6070": 52.5228, "coverage_7080": 6.6732, "coverage_8090": 0.0026, "coverage_90": 0.0, "noise4050n": 2740.9712, "noise5060n": 2317.9528, "noise6070n": 90.4458, "noise7080n": 11.4914, "noise8090n": 0.0045, "noise90n": 0.0, "noise4050p": 0.5781, "noise5060p": 0.4001, "noise6070p": 0.0185, "noise7080p": 0.0024, "noise8090p": 9.1599e-07, "noise90p": 0.0 }, "geometry": { "type": "MultiPolygon", "coordinates": [ [ [ [ -97.091663000214709, 32.828045999873638 ], [ -97.089519000190023, 32.829227999584091 ], [ -97.088247999713985, 32.828146999771235 ], [ -97.082263000166748, 32.828051999635392 ], [ -97.082382000025177, 32.83158099980961 ], [ -97.082602000265553, 32.837119000121604 ], [ -97.082622000454464, 32.838686000082163 ], [ -97.072816999996974, 32.837239000277002 ], [ -97.070255000281634, 32.837038000017607 ], [ -97.069640999755634, 32.837027000316304 ], [ -97.069642000083661, 32.836774000069049 ], [ -97.069509999835503, 32.832064999597719 ], [ -97.069464999715407, 32.830183999899468 ], [ -97.069721000071908, 32.827686000185338 ], [ -97.070873000045651, 32.825048999790063 ], [ -97.070908999713211, 32.823288999808547 ], [ -97.072153000128168, 32.82305899989877 ], [ -97.073605000372183, 32.822482000028863 ], [ -97.074150000398078, 32.82236399984113 ], [ -97.077310999905762, 32.822336000364395 ], [ -97.082326000354954, 32.822381000087709 ], [ -97.091665000213126, 32.822435000120947 ], [ -97.091663000214709, 32.828045999873638 ] ] ] ] } },
{ "type": "Feature", "properties": { "GEOID": "48439113514", "NAME": "Census Tract 1135.14, Tarrant County, Texas", "variable": "B01003_001", "estimate": 4788, "moe": 975, "coverage_all": 2439.143, "coverage_na": 925.6345, "coverage_4050": 986.7054, "coverage_5060": 328.1798, "coverage_6070": 190.4956, "coverage_7080": 5.3695, "coverage_8090": 2.7581, "coverage_90": 0.0, "noise4050n": 2357.0068, "noise5060n": 485.3947, "noise6070n": 183.8081, "noise7080n": 6.5097, "noise8090n": 1.5366, "noise90n": 0.0, "noise4050p": 0.4045, "noise5060p": 0.1345, "noise6070p": 0.0781, "noise7080p": 0.0022, "noise8090p": 0.0011, "noise90p": 0.0 }, "geometry": { "type": "MultiPolygon", "coordinates": [ [ [ [ -97.099829000193481, 32.837577000209009 ], [ -97.090594000300641, 32.837549999580474 ], [ -97.082622000454464, 32.838686000082163 ], [ -97.082602000265553, 32.837119000121604 ], [ -97.082382000025177, 32.83158099980961 ], [ -97.082263000166748, 32.828051999635392 ], [ -97.088247999713985, 32.828146999771235 ], [ -97.089519000190023, 32.829227999584091 ], [ -97.091663000214709, 32.828045999873638 ], [ -97.091665000213126, 32.822435000120947 ], [ -97.099642999717403, 32.822418000392574 ], [ -97.099654000250993, 32.828636000107252 ], [ -97.099788999510977, 32.837260000026141 ], [ -97.099829000193481, 32.837577000209009 ] ] ] ] } },
{ "type": "Feature", "properties": { "GEOID": "48439113516", "NAME": "Census Tract 1135.16, Tarrant County, Texas", "variable": "B01003_001", "estimate": 4026, "moe": 455, "coverage_all": 3035.6648, "coverage_na": 2640.3872, "coverage_4050": 197.4581, "coverage_5060": 100.789, "coverage_6070": 97.0304, "coverage_7080": 0.0, "coverage_8090": 0.0, "coverage_90": 0.0, "noise4050n": 255.6818, "noise5060n": 146.329, "noise6070n": 153.6252, "noise7080n": 0.0, "noise8090n": 0.0, "noise90n": 0.0, "noise4050p": 0.065, "noise5060p": 0.0332, "noise6070p": 0.032, "noise7080p": 0.0, "noise8090p": 0.0, "noise90p": 0.0 }, "geometry": { "type": "MultiPolygon", "coordinates": [ [ [ [ -97.099860000122575, 32.859217999850216 ], [ -97.099797999788024, 32.860812999850644 ], [ -97.099728000297844, 32.866220999626591 ], [ -97.097961000367249, 32.866431000228552 ], [ -97.097452999912747, 32.866539000278927 ], [ -97.096889000254748, 32.866719999765174 ], [ -97.096439000517705, 32.866907999555607 ], [ -97.096154999926341, 32.86641599996009 ], [ -97.093755999930494, 32.866185000103293 ], [ -97.093806999741346, 32.865943999756084 ], [ -97.09344600031605, 32.865887000074324 ], [ -97.092994999814991, 32.865673999824303 ], [ -97.092837000523005, 32.865650000258114 ], [ -97.09245899993644, 32.865739999805612 ], [ -97.092205000150187, 32.866193000112588 ], [ -97.090502999999188, 32.866976999631866 ], [ -97.089228000277913, 32.867778999651634 ], [ -97.087859000470559, 32.867564000205917 ], [ -97.08762199965885, 32.868048000041696 ], [ -97.086125999938972, 32.868590999897989 ], [ -97.085830000323412, 32.868451000328172 ], [ -97.085897999475776, 32.867944000214877 ], [ -97.084361999799953, 32.868048000113404 ], [ -97.083486999967761, 32.867057999901199 ], [ -97.08312199996351, 32.866223999828605 ], [ -97.082471000400588, 32.866222000200736 ], [ -97.082469000381565, 32.865645999816095 ], [ -97.08245800003705, 32.859025999929962 ], [ -97.082473000427328, 32.857432999878363 ], [ -97.082529999638652, 32.851849999843068 ], [ -97.090659999856328, 32.851739999707789 ], [ -97.099948000247068, 32.85184300020844 ], [ -97.099860000122575, 32.859217999850216 ] ] ] ] } },
{ "type": "Feature", "properties": { "GEOID": "48439113517", "NAME": "Census Tract 1135.17, Tarrant County, Texas", "variable": "B01003_001", "estimate": 4460, "moe": 915, "coverage_all": 1432.7724, "coverage_na": 54.4765, "coverage_4050": 1229.5697, "coverage_5060": 118.9015, "coverage_6070": 29.8247, "coverage_7080": 0.0, "coverage_8090": 0.0, "coverage_90": 0.0, "noise4050n": 3798.1148, "noise5060n": 424.09, "noise6070n": 158.3325, "noise7080n": 0.0, "noise8090n": 0.0, "noise90n": 0.0, "noise4050p": 0.8582, "noise5060p": 0.083, "noise6070p": 0.0208, "noise7080p": 0.0, "noise8090p": 0.0, "noise90p": 0.0 }, "geometry": { "type": "MultiPolygon", "coordinates": [ [ [ [ -97.082473000427328, 32.857432999878363 ], [ -97.08245800003705, 32.859025999929962 ], [ -97.082469000381565, 32.865645999816095 ], [ -97.081396999469732, 32.865545999761736 ], [ -97.080398000059915, 32.866244999914002 ], [ -97.080120000398438, 32.866567000068152 ], [ -97.079632999676406, 32.866779000342326 ], [ -97.07929299950338, 32.866767999872621 ], [ -97.078991000250795, 32.866645000390115 ], [ -97.078352999818648, 32.866263999847583 ], [ -97.076447999477168, 32.866029999652852 ], [ -97.0738069997292, 32.8644579996743 ], [ -97.07386600030128, 32.858944000368005 ], [ -97.073884999639915, 32.855742000414004 ], [ -97.073748000499123, 32.854514000275763 ], [ -97.072641000304372, 32.851687999871722 ], [ -97.081853999912639, 32.851714999688575 ], [ -97.082529999638652, 32.851849999843068 ], [ -97.082473000427328, 32.857432999878363 ] ] ] ] } },
{ "type": "Feature", "properties": { "GEOID": "48439113519", "NAME": "Census Tract 1135.19, Tarrant County, Texas", "variable": "B01003_001", "estimate": 6571, "moe": 742, "coverage_all": 3381.9035, "coverage_na": 2148.1363, "coverage_4050": 650.9438, "coverage_5060": 349.2419, "coverage_6070": 162.439, "coverage_7080": 69.1426, "coverage_8090": 2.0, "coverage_90": 0.0, "noise4050n": 1256.5775, "noise5060n": 616.9724, "noise6070n": 263.4283, "noise7080n": 101.6549, "noise8090n": 2.9404, "noise90n": 0.0, "noise4050p": 0.1925, "noise5060p": 0.1033, "noise6070p": 0.048, "noise7080p": 0.0204, "noise8090p": 0.0006, "noise90p": 0.0 }, "geometry": { "type": "MultiPolygon", "coordinates": [ [ [ [ -97.102232999671926, 32.866242000067949 ], [ -97.10201199977287, 32.86713300000681 ], [ -97.101741999527036, 32.870182000412768 ], [ -97.100136000173364, 32.874849000208016 ], [ -97.099802999654827, 32.881352000053575 ], [ -97.095242000339425, 32.881154999718014 ], [ -97.094377000147432, 32.881110000218122 ], [ -97.09084900009772, 32.88111799969527 ], [ -97.08232499983346, 32.881100999869098 ], [ -97.083017000291377, 32.874059999623825 ], [ -97.083172999792978, 32.869507000227514 ], [ -97.080985999997409, 32.87005900010309 ], [ -97.07377000027212, 32.870191999915015 ], [ -97.0738069997292, 32.8644579996743 ], [ -97.076447999477168, 32.866029999652852 ], [ -97.078352999818648, 32.866263999847583 ], [ -97.078991000250795, 32.866645000390115 ], [ -97.07929299950338, 32.866767999872621 ], [ -97.079632999676406, 32.866779000342326 ], [ -97.080120000398438, 32.866567000068152 ], [ -97.080398000059915, 32.866244999914002 ], [ -97.081396999469732, 32.865545999761736 ], [ -97.082469000381565, 32.865645999816095 ], [ -97.082471000400588, 32.866222000200736 ], [ -97.08312199996351, 32.866223999828605 ], [ -97.083486999967761, 32.867057999901199 ], [ -97.084361999799953, 32.868048000113404 ], [ -97.085897999475776, 32.867944000214877 ], [ -97.085830000323412, 32.868451000328172 ], [ -97.086125999938972, 32.868590999897989 ], [ -97.08762199965885, 32.868048000041696 ], [ -97.087859000470559, 32.867564000205917 ], [ -97.089228000277913, 32.867778999651634 ], [ -97.090502999999188, 32.866976999631866 ], [ -97.092205000150187, 32.866193000112588 ], [ -97.09245899993644, 32.865739999805612 ], [ -97.092837000523005, 32.865650000258114 ], [ -97.092994999814991, 32.865673999824303 ], [ -97.09344600031605, 32.865887000074324 ], [ -97.093806999741346, 32.865943999756084 ], [ -97.093755999930494, 32.866185000103293 ], [ -97.096154999926341, 32.86641599996009 ], [ -97.096439000517705, 32.866907999555607 ], [ -97.096889000254748, 32.866719999765174 ], [ -97.097452999912747, 32.866539000278927 ], [ -97.097961000367249, 32.866431000228552 ], [ -97.099728000297844, 32.866220999626591 ], [ -97.099878999814308, 32.866214000005087 ], [ -97.10098800037197, 32.866236999764233 ], [ -97.102256000366665, 32.866152999630543 ], [ -97.102232999671926, 32.866242000067949 ] ] ] ] } },
{ "type": "Feature", "properties": { "GEOID": "48439113520", "NAME": "Census Tract 1135.20, Tarrant County, Texas", "variable": "B01003_001", "estimate": 5897, "moe": 1848, "coverage_all": 2077.373, "coverage_na": 0.0, "coverage_4050": 1180.88, "coverage_5060": 807.6811, "coverage_6070": 88.5022, "coverage_7080": 0.3097, "coverage_8090": 0.0, "coverage_90": 0.0, "noise4050n": 3626.2169, "noise5060n": 2062.0202, "noise6070n": 207.8297, "noise7080n": 0.9331, "noise8090n": 0.0, "noise90n": 0.0, "noise4050p": 0.5684, "noise5060p": 0.3888, "noise6070p": 0.0426, "noise7080p": 0.0001, "noise8090p": 0.0, "noise90p": 0.0 }, "geometry": { "type": "MultiPolygon", "coordinates": [ [ [ [ -97.083017000291377, 32.874059999623825 ], [ -97.08232499983346, 32.881100999869098 ], [ -97.076073000480037, 32.881099000056977 ], [ -97.073681999817737, 32.877583999937862 ], [ -97.066842000339832, 32.869530000436853 ], [ -97.065689999970871, 32.867281999723851 ], [ -97.064828000528948, 32.864621000009308 ], [ -97.064558999506772, 32.860789999594139 ], [ -97.065782000407467, 32.861020000411678 ], [ -97.068756999942991, 32.863807000195798 ], [ -97.072825000523792, 32.863126999977766 ], [ -97.0738069997292, 32.8644579996743 ], [ -97.07377000027212, 32.870191999915015 ], [ -97.080985999997409, 32.87005900010309 ], [ -97.083172999792978, 32.869507000227514 ], [ -97.083017000291377, 32.874059999623825 ] ] ] ] } },
{ "type": "Feature", "properties": { "GEOID": "48439113521", "NAME": "Census Tract 1135.21, Tarrant County, Texas", "variable": "B01003_001", "estimate": 3685, "moe": 464, "coverage_all": 591.7583, "coverage_na": 0.0, "coverage_4050": 334.6948, "coverage_5060": 248.2147, "coverage_6070": 8.8487, "coverage_7080": 0.0, "coverage_8090": 0.0, "coverage_90": 0.0, "noise4050n": 2078.4304, "noise5060n": 1554.652, "noise6070n": 51.9176, "noise7080n": 0.0, "noise8090n": 0.0, "noise90n": 0.0, "noise4050p": 0.5656, "noise5060p": 0.4195, "noise6070p": 0.015, "noise7080p": 0.0, "noise8090p": 0.0, "noise90p": 0.0 }, "geometry": { "type": "MultiPolygon", "coordinates": [ [ [ [ -97.07386600030128, 32.858944000368005 ], [ -97.0738069997292, 32.8644579996743 ], [ -97.072825000523792, 32.863126999977766 ], [ -97.068756999942991, 32.863807000195798 ], [ -97.06895099974399, 32.863163000011326 ], [ -97.067493999780609, 32.861113999672476 ], [ -97.068476000273563, 32.859352000363707 ], [ -97.068880999848531, 32.857343000276032 ], [ -97.070991999518498, 32.85560299974761 ], [ -97.071316999674892, 32.853656999819663 ], [ -97.069238000366937, 32.851688000028304 ], [ -97.072641000304372, 32.851687999871722 ], [ -97.073748000499123, 32.854514000275763 ], [ -97.073884999639915, 32.855742000414004 ], [ -97.07386600030128, 32.858944000368005 ] ] ] ] } },
{ "type": "Feature", "properties": { "GEOID": "48439113522", "NAME": "Census Tract 1135.22, Tarrant County, Texas", "variable": "B01003_001", "estimate": 1588, "moe": 245, "coverage_all": 591.1927, "coverage_na": 0.0, "coverage_4050": 13.0002, "coverage_5060": 546.5467, "coverage_6070": 31.5727, "coverage_7080": 0.073, "coverage_8090": 0.0, "coverage_90": 0.0, "noise4050n": 34.9199, "noise5060n": 1468.0767, "noise6070n": 84.8074, "noise7080n": 0.196, "noise8090n": 0.0, "noise90n": 0.0, "noise4050p": 0.022, "noise5060p": 0.9245, "noise6070p": 0.0534, "noise7080p": 0.0001, "noise8090p": 0.0, "noise90p": 0.0 }, "geometry": { "type": "MultiPolygon", "coordinates": [ [ [ [ -97.070991999518498, 32.85560299974761 ], [ -97.068880999848531, 32.857343000276032 ], [ -97.068476000273563, 32.859352000363707 ], [ -97.067493999780609, 32.861113999672476 ], [ -97.06895099974399, 32.863163000011326 ], [ -97.068756999942991, 32.863807000195798 ], [ -97.065782000407467, 32.861020000411678 ], [ -97.064558999506772, 32.860789999594139 ], [ -97.064558000462412, 32.855273999915752 ], [ -97.06414300012861, 32.851631999717398 ], [ -97.065181000131375, 32.851630999838115 ], [ -97.069238000366937, 32.851688000028304 ], [ -97.071316999674892, 32.853656999819663 ], [ -97.070991999518498, 32.85560299974761 ] ] ] ] } },
{ "type": "Feature", "properties": { "GEOID": "48439113607", "NAME": "Census Tract 1136.07, Tarrant County, Texas", "variable": "B01003_001", "estimate": 4532, "moe": 1045, "coverage_all": 2243.2224, "coverage_na": 1815.7421, "coverage_4050": 133.0313, "coverage_5060": 237.4018, "coverage_6070": 44.6369, "coverage_7080": 11.8891, "coverage_8090": 0.5211, "coverage_90": 0.0, "noise4050n": 309.6812, "noise5060n": 526.0096, "noise6070n": 112.5222, "noise7080n": 29.9704, "noise8090n": 1.3137, "noise90n": 0.0, "noise4050p": 0.0593, "noise5060p": 0.1058, "noise6070p": 0.0199, "noise7080p": 0.0053, "noise8090p": 0.0002, "noise90p": 0.0 }, "geometry": { "type": "MultiPolygon", "coordinates": [ [ [ [ -97.167754999741547, 32.835692000278456 ], [ -97.166123000479601, 32.835706000092252 ], [ -97.16618599962996, 32.839554999968065 ], [ -97.162303000310075, 32.839991999751227 ], [ -97.159452999856143, 32.840031000099856 ], [ -97.153006000178493, 32.839972999714895 ], [ -97.152071000001726, 32.839770000075788 ], [ -97.15036699977621, 32.839072999995494 ], [ -97.152164000514375, 32.837928999603434 ], [ -97.154658999569023, 32.836865999800366 ], [ -97.154064999698633, 32.835915000294882 ], [ -97.154449000055436, 32.831170000252953 ], [ -97.15445600032298, 32.830252999831359 ], [ -97.154467000004018, 32.829402999557686 ], [ -97.154476000372938, 32.828721999932242 ], [ -97.154541000360794, 32.82317699962109 ], [ -97.155763000422894, 32.823438999716792 ], [ -97.159808999764323, 32.823518000335248 ], [ -97.163605999824028, 32.823555999728882 ], [ -97.163589000278947, 32.827764000371957 ], [ -97.165588999888982, 32.827685999944407 ], [ -97.166421999785442, 32.827728000005798 ], [ -97.166443999912261, 32.833963000159706 ], [ -97.167870000310103, 32.833942000403511 ], [ -97.167754999741547, 32.835692000278456 ] ] ] ] } },
{ "type": "Feature", "properties": { "GEOID": "48439113611", "NAME": "Census Tract 1136.11, Tarrant County, Texas", "variable": "B01003_001", "estimate": 4183, "moe": 564, "coverage_all": 3490.3855, "coverage_na": 2339.5696, "coverage_4050": 429.2986, "coverage_5060": 439.1329, "coverage_6070": 260.7452, "coverage_7080": 20.6391, "coverage_8090": 1.0, "coverage_90": 0.0, "noise4050n": 492.5554, "noise5060n": 513.0658, "noise6070n": 303.0228, "noise7080n": 23.9073, "noise8090n": 1.0835, "noise90n": 0.0, "noise4050p": 0.123, "noise5060p": 0.1258, "noise6070p": 0.0747, "noise7080p": 0.0059, "noise8090p": 0.0003, "noise90p": 0.0 }, "geometry": { "type": "MultiPolygon", "coordinates": [ [ [ [ -97.186104000368758, 32.860291999573164 ], [ -97.186101000529391, 32.860407999925236 ], [ -97.186094999516612, 32.86195899984191 ], [ -97.186113000338864, 32.866001999755753 ], [ -97.185994000295054, 32.879848000088202 ], [ -97.185964000236055, 32.883658999860955 ], [ -97.185608000389593, 32.883637000195208 ], [ -97.183134000170611, 32.882922000245813 ], [ -97.179691999529538, 32.880428000402482 ], [ -97.174195999526731, 32.876315000219748 ], [ -97.173668000444337, 32.876169999621325 ], [ -97.172374999475508, 32.876544999972801 ], [ -97.170920000207957, 32.876063000417602 ], [ -97.166112999796127, 32.876063999838159 ], [ -97.163911999998007, 32.875445000225952 ], [ -97.161655000166107, 32.875836000419298 ], [ -97.162964999491805, 32.874777999712954 ], [ -97.164364000270012, 32.873602000383819 ], [ -97.169518000244608, 32.869332000253053 ], [ -97.171638000166993, 32.867615000188657 ], [ -97.171780999810338, 32.867496999711086 ], [ -97.17196599983032, 32.867345000152909 ], [ -97.172593000068233, 32.866832000222203 ], [ -97.172713999513192, 32.866733999642136 ], [ -97.173109000175771, 32.866410000338433 ], [ -97.173648000279584, 32.865971999623213 ], [ -97.17789700004036, 32.862513000332449 ], [ -97.181981999572187, 32.85920400029633 ], [ -97.186140000434904, 32.855733000286058 ], [ -97.186104000368758, 32.860291999573164 ] ] ] ] } },
{ "type": "Feature", "properties": { "GEOID": "48439113612", "NAME": "Census Tract 1136.12, Tarrant County, Texas", "variable": "B01003_001", "estimate": 4684, "moe": 615, "coverage_all": 4421.257, "coverage_na": 3780.4468, "coverage_4050": 187.5252, "coverage_5060": 298.0612, "coverage_6070": 146.9796, "coverage_7080": 8.2442, "coverage_8090": 0.0, "coverage_90": 0.0, "noise4050n": 215.1115, "noise5060n": 335.9602, "noise6070n": 166.4244, "noise7080n": 9.1995, "noise8090n": 0.0, "noise90n": 0.0, "noise4050p": 0.0424, "noise5060p": 0.0674, "noise6070p": 0.0332, "noise7080p": 0.0019, "noise8090p": 0.0, "noise90p": 0.0 }, "geometry": { "type": "MultiPolygon", "coordinates": [ [ [ [ -97.189562000100793, 32.852908000156305 ], [ -97.186422999550402, 32.855500000309391 ], [ -97.186140000434904, 32.855733000286058 ], [ -97.181981999572187, 32.85920400029633 ], [ -97.17789700004036, 32.862513000332449 ], [ -97.173648000279584, 32.865971999623213 ], [ -97.173109000175771, 32.866410000338433 ], [ -97.172713999513192, 32.866733999642136 ], [ -97.172593000068233, 32.866832000222203 ], [ -97.17196599983032, 32.867345000152909 ], [ -97.171780999810338, 32.867496999711086 ], [ -97.171638000166993, 32.867615000188657 ], [ -97.169518000244608, 32.869332000253053 ], [ -97.164364000270012, 32.873602000383819 ], [ -97.162964999491805, 32.874777999712954 ], [ -97.159108000296342, 32.870903999917772 ], [ -97.159224999924319, 32.869649999587168 ], [ -97.159928000526193, 32.868370000131065 ], [ -97.159924999762396, 32.867773000429388 ], [ -97.159885000015478, 32.861232000434221 ], [ -97.159882999475514, 32.861074999896672 ], [ -97.159878000001143, 32.860614000423979 ], [ -97.159865000338939, 32.858482999926103 ], [ -97.159892999972627, 32.852923999956126 ], [ -97.164181000333443, 32.852179000040778 ], [ -97.165816000474535, 32.8517289996011 ], [ -97.167678999949587, 32.850774000378877 ], [ -97.168211000433374, 32.850540000059148 ], [ -97.169930999704988, 32.849990000315465 ], [ -97.174296999533539, 32.848671999617508 ], [ -97.174289999995779, 32.852780999556998 ], [ -97.176491000047562, 32.852796999977485 ], [ -97.186116999668855, 32.852879999779127 ], [ -97.189072000277392, 32.852927999960805 ], [ -97.189562000100793, 32.852908000156305 ] ] ] ] } },
{ "type": "Feature", "properties": { "GEOID": "48439113613", "NAME": "Census Tract 1136.13, Tarrant County, Texas", "variable": "B01003_001", "estimate": 4391, "moe": 415, "coverage_all": 4760.3009, "coverage_na": 3481.0877, "coverage_4050": 395.6363, "coverage_5060": 450.1359, "coverage_6070": 274.53, "coverage_7080": 148.0725, "coverage_8090": 10.8386, "coverage_90": 0.0, "noise4050n": 368.47, "noise5060n": 416.0405, "noise6070n": 261.4167, "noise7080n": 137.2701, "noise8090n": 10.0586, "noise90n": 0.0, "noise4050p": 0.0831, "noise5060p": 0.0946, "noise6070p": 0.0577, "noise7080p": 0.0311, "noise8090p": 0.0023, "noise90p": 0.0 }, "geometry": { "type": "MultiPolygon", "coordinates": [ [ [ [ -97.193031000325604, 32.850029000083701 ], [ -97.191125000494608, 32.851617999878741 ], [ -97.189562000100793, 32.852908000156305 ], [ -97.189072000277392, 32.852927999960805 ], [ -97.186116999668855, 32.852879999779127 ], [ -97.176491000047562, 32.852796999977485 ], [ -97.174289999995779, 32.852780999556998 ], [ -97.174296999533539, 32.848671999617508 ], [ -97.169930999704988, 32.849990000315465 ], [ -97.168211000433374, 32.850540000059148 ], [ -97.167678999949587, 32.850774000378877 ], [ -97.165816000474535, 32.8517289996011 ], [ -97.164181000333443, 32.852179000040778 ], [ -97.159892999972627, 32.852923999956126 ], [ -97.16019600028676, 32.850659000122192 ], [ -97.159822999555345, 32.849101999592563 ], [ -97.159858000292644, 32.842309000109339 ], [ -97.159735999498281, 32.841669999717674 ], [ -97.159452999856143, 32.840031000099856 ], [ -97.162303000310075, 32.839991999751227 ], [ -97.16618599962996, 32.839554999968065 ], [ -97.167749000375608, 32.839513999965618 ], [ -97.177930000152259, 32.839633000194176 ], [ -97.185206999993241, 32.839432999804558 ], [ -97.186249999943058, 32.839021999915758 ], [ -97.187820000298913, 32.839039000095468 ], [ -97.191883999978458, 32.838397999598691 ], [ -97.192363999687004, 32.838517999882043 ], [ -97.19289599963696, 32.838528999883536 ], [ -97.192986999523853, 32.842955999820582 ], [ -97.193010000102419, 32.849697000181841 ], [ -97.193031000325604, 32.850029000083701 ] ] ] ] } },
{ "type": "Feature", "properties": { "GEOID": "48439113618", "NAME": "Census Tract 1136.18, Tarrant County, Texas", "variable": "B01003_001", "estimate": 5302, "moe": 718, "coverage_all": 3663.8059, "coverage_na": 3110.1496, "coverage_4050": 199.6352, "coverage_5060": 290.3819, "coverage_6070": 45.8186, "coverage_7080": 15.8028, "coverage_8090": 2.0176, "coverage_90": 0.0, "noise4050n": 236.9947, "noise5060n": 398.101, "noise6070n": 47.3155, "noise7080n": 15.8315, "noise8090n": 1.9232, "noise90n": 0.0, "noise4050p": 0.0545, "noise5060p": 0.0793, "noise6070p": 0.0125, "noise7080p": 0.0043, "noise8090p": 0.0006, "noise90p": 0.0 }, "geometry": { "type": "MultiPolygon", "coordinates": [ [ [ [ -97.154658999569023, 32.836865999800366 ], [ -97.152164000514375, 32.837928999603434 ], [ -97.15036699977621, 32.839072999995494 ], [ -97.145851999832374, 32.837196000253265 ], [ -97.141845999484147, 32.836856999927036 ], [ -97.133338999746087, 32.836841000416996 ], [ -97.133408000385998, 32.835430999592376 ], [ -97.133465000243476, 32.830154000316902 ], [ -97.133558000446811, 32.822105000408357 ], [ -97.134646000191921, 32.822112999563736 ], [ -97.138983999558732, 32.822133999977922 ], [ -97.141292000112287, 32.82213600031632 ], [ -97.145239000439034, 32.822145000422218 ], [ -97.147437999775846, 32.822155999815344 ], [ -97.151548000385787, 32.822117999836266 ], [ -97.153380999964199, 32.822705000301546 ], [ -97.154541000360794, 32.82317699962109 ], [ -97.154476000372938, 32.828721999932242 ], [ -97.154467000004018, 32.829402999557686 ], [ -97.15445600032298, 32.830252999831359 ], [ -97.154449000055436, 32.831170000252953 ], [ -97.154064999698633, 32.835915000294882 ], [ -97.154658999569023, 32.836865999800366 ] ] ] ] } },
{ "type": "Feature", "properties": { "GEOID": "48439113619", "NAME": "Census Tract 1136.19, Tarrant County, Texas", "variable": "B01003_001", "estimate": 5596, "moe": 857, "coverage_all": 1795.1656, "coverage_na": 1613.3851, "coverage_4050": 80.2558, "coverage_5060": 64.6051, "coverage_6070": 36.9196, "coverage_7080": 0.0, "coverage_8090": 0.0, "coverage_90": 0.0, "noise4050n": 286.9056, "noise5060n": 234.2017, "noise6070n": 132.1221, "noise7080n": 0.0, "noise8090n": 0.0, "noise90n": 0.0, "noise4050p": 0.0447, "noise5060p": 0.036, "noise6070p": 0.0206, "noise7080p": 0.0, "noise8090p": 0.0, "noise90p": 0.0 }, "geometry": { "type": "MultiPolygon", "coordinates": [ [ [ [ -97.153914000379473, 32.821456999954634 ], [ -97.153380999964199, 32.822705000301546 ], [ -97.151548000385787, 32.822117999836266 ], [ -97.147437999775846, 32.822155999815344 ], [ -97.145239000439034, 32.822145000422218 ], [ -97.141292000112287, 32.82213600031632 ], [ -97.138983999558732, 32.822133999977922 ], [ -97.134646000191921, 32.822112999563736 ], [ -97.13469499986131, 32.814721000130533 ], [ -97.138613999904237, 32.814721000122624 ], [ -97.142141000093986, 32.813504999586186 ], [ -97.143999000016251, 32.812825000113016 ], [ -97.144090999995584, 32.813000000228605 ], [ -97.144876999466945, 32.813723999976176 ], [ -97.14689599976596, 32.813885000191036 ], [ -97.149262000456673, 32.814631000187092 ], [ -97.151597000011066, 32.814525000081829 ], [ -97.151628000119771, 32.814771000210975 ], [ -97.151766999956251, 32.815288000051552 ], [ -97.155347999930854, 32.815574999831504 ], [ -97.153914000379473, 32.821456999954634 ] ] ] ] } },
{ "type": "Feature", "properties": { "GEOID": "48439113622", "NAME": "Census Tract 1136.22, Tarrant County, Texas", "variable": "B01003_001", "estimate": 7446, "moe": 682, "coverage_all": 10054.0455, "coverage_na": 9326.2216, "coverage_4050": 307.9177, "coverage_5060": 384.3528, "coverage_6070": 31.228, "coverage_7080": 4.3253, "coverage_8090": 0.0, "coverage_90": 0.0, "noise4050n": 227.5035, "noise5060n": 289.5258, "noise6070n": 26.9271, "noise7080n": 3.7398, "noise8090n": 0.0, "noise90n": 0.0, "noise4050p": 0.0306, "noise5060p": 0.0382, "noise6070p": 0.0031, "noise7080p": 0.0004, "noise8090p": 0.0, "noise90p": 0.0 }, "geometry": { "type": "MultiPolygon", "coordinates": [ [ [ [ -97.161655000166107, 32.875836000419298 ], [ -97.160573000306925, 32.876728000040636 ], [ -97.158893999638934, 32.8781260002838 ], [ -97.156025000001861, 32.880539000410728 ], [ -97.15514299979165, 32.881516999742686 ], [ -97.145107999892758, 32.881426999963871 ], [ -97.140452000086626, 32.881871999865979 ], [ -97.134888999467165, 32.881861000214812 ], [ -97.126808999527725, 32.881773999668077 ], [ -97.125093999911826, 32.881818000167023 ], [ -97.113492999948591, 32.881787000065117 ], [ -97.106388000510378, 32.881813999879839 ], [ -97.105595999532241, 32.881659000415681 ], [ -97.10496600025796, 32.881513999772146 ], [ -97.099802999654827, 32.881352000053575 ], [ -97.100136000173364, 32.874849000208016 ], [ -97.101741999527036, 32.870182000412768 ], [ -97.10201199977287, 32.86713300000681 ], [ -97.102232999671926, 32.866242000067949 ], [ -97.102256000366665, 32.866152999630543 ], [ -97.103310999613356, 32.866048999609511 ], [ -97.103702999715111, 32.865983000400028 ], [ -97.107244000199515, 32.866050000203671 ], [ -97.107880999936441, 32.866223999877072 ], [ -97.109071999951837, 32.866593000201426 ], [ -97.117201000183698, 32.866589999987426 ], [ -97.120029999813767, 32.866600000379222 ], [ -97.124739000398876, 32.866614000030161 ], [ -97.131345999705886, 32.866697999604625 ], [ -97.141081000113374, 32.866756000188673 ], [ -97.14323399976908, 32.866740000019568 ], [ -97.144537000107519, 32.86675400042499 ], [ -97.148183999644601, 32.86679799973065 ], [ -97.149000000151347, 32.867023999921003 ], [ -97.151944999647554, 32.868326999672462 ], [ -97.152592000231451, 32.868463000363413 ], [ -97.159928000526193, 32.868370000131065 ], [ -97.159224999924319, 32.869649999587168 ], [ -97.159108000296342, 32.870903999917772 ], [ -97.162964999491805, 32.874777999712954 ], [ -97.161655000166107, 32.875836000419298 ] ] ] ] } },
{ "type": "Feature", "properties": { "GEOID": "48439113623", "NAME": "Census Tract 1136.23, Tarrant County, Texas", "variable": "B01003_001", "estimate": 2957, "moe": 385, "coverage_all": 2618.8929, "coverage_na": 2115.3516, "coverage_4050": 192.6789, "coverage_5060": 208.1949, "coverage_6070": 64.7063, "coverage_7080": 37.9611, "coverage_8090": 0.0, "coverage_90": 0.0, "noise4050n": 213.5312, "noise5060n": 209.3402, "noise6070n": 52.8044, "noise7080n": 30.9787, "noise8090n": 0.0, "noise90n": 0.0, "noise4050p": 0.0736, "noise5060p": 0.0795, "noise6070p": 0.0247, "noise7080p": 0.0145, "noise8090p": 0.0, "noise90p": 0.0 }, "geometry": { "type": "MultiPolygon", "coordinates": [ [ [ [ -97.131345999705886, 32.866697999604625 ], [ -97.124739000398876, 32.866614000030161 ], [ -97.120029999813767, 32.866600000379222 ], [ -97.117201000183698, 32.866589999987426 ], [ -97.109071999951837, 32.866593000201426 ], [ -97.107880999936441, 32.866223999877072 ], [ -97.107244000199515, 32.866050000203671 ], [ -97.103702999715111, 32.865983000400028 ], [ -97.103310999613356, 32.866048999609511 ], [ -97.102256000366665, 32.866152999630543 ], [ -97.10098800037197, 32.866236999764233 ], [ -97.099878999814308, 32.866214000005087 ], [ -97.099728000297844, 32.866220999626591 ], [ -97.099797999788024, 32.860812999850644 ], [ -97.099860000122575, 32.859217999850216 ], [ -97.10650000025521, 32.859178000085606 ], [ -97.108398999633238, 32.85916599987101 ], [ -97.10895599948087, 32.859232000167701 ], [ -97.109575000339717, 32.859384999928203 ], [ -97.110876999849381, 32.8598960000012 ], [ -97.111863000471473, 32.860003000407609 ], [ -97.117158000446551, 32.859295000257035 ], [ -97.121746999599893, 32.858439999877653 ], [ -97.124471000111797, 32.859392000087297 ], [ -97.13133700025783, 32.85933300024093 ], [ -97.131345999705886, 32.866697999604625 ] ] ] ] } },
{ "type": "Feature", "properties": { "GEOID": "48439113624", "NAME": "Census Tract 1136.24, Tarrant County, Texas", "variable": "B01003_001", "estimate": 4754, "moe": 588, "coverage_all": 2738.0313, "coverage_na": 2060.5516, "coverage_4050": 203.8461, "coverage_5060": 274.8477, "coverage_6070": 159.4075, "coverage_7080": 39.3784, "coverage_8090": 0.0, "coverage_90": 0.0, "noise4050n": 346.6006, "noise5060n": 474.1356, "noise6070n": 269.7001, "noise7080n": 64.0985, "noise8090n": 0.0, "noise90n": 0.0, "noise4050p": 0.0744, "noise5060p": 0.1004, "noise6070p": 0.0582, "noise7080p": 0.0144, "noise8090p": 0.0, "noise90p": 0.0 }, "geometry": { "type": "MultiPolygon", "coordinates": [ [ [ [ -97.132371000324014, 32.855963000275047 ], [ -97.13133700025783, 32.85933300024093 ], [ -97.124471000111797, 32.859392000087297 ], [ -97.121746999599893, 32.858439999877653 ], [ -97.117158000446551, 32.859295000257035 ], [ -97.111863000471473, 32.860003000407609 ], [ -97.110876999849381, 32.8598960000012 ], [ -97.109575000339717, 32.859384999928203 ], [ -97.10895599948087, 32.859232000167701 ], [ -97.108398999633238, 32.85916599987101 ], [ -97.10650000025521, 32.859178000085606 ], [ -97.099860000122575, 32.859217999850216 ], [ -97.099948000247068, 32.85184300020844 ], [ -97.104899000106059, 32.85185200023944 ], [ -97.107676999479978, 32.851860999705266 ], [ -97.111530000499414, 32.851746000162223 ], [ -97.117037999603042, 32.851917000285241 ], [ -97.124456000409637, 32.851939000166375 ], [ -97.126327999601727, 32.851926999823107 ], [ -97.131821000311632, 32.85196699962745 ], [ -97.132371000324014, 32.855963000275047 ] ] ] ] } },
{ "type": "Feature", "properties": { "GEOID": "48439113625", "NAME": "Census Tract 1136.25, Tarrant County, Texas", "variable": "B01003_001", "estimate": 3322, "moe": 784, "coverage_all": 2304.1526, "coverage_na": 2107.8895, "coverage_4050": 121.4177, "coverage_5060": 74.8455, "coverage_6070": 0.0, "coverage_7080": 0.0, "coverage_8090": 0.0, "coverage_90": 0.0, "noise4050n": 174.4826, "noise5060n": 107.6371, "noise6070n": 0.0, "noise7080n": 0.0, "noise8090n": 0.0, "noise90n": 0.0, "noise4050p": 0.0527, "noise5060p": 0.0325, "noise6070p": 0.0, "noise7080p": 0.0, "noise8090p": 0.0, "noise90p": 0.0 }, "geometry": { "type": "MultiPolygon", "coordinates": [ [ [ [ -97.159928000526193, 32.868370000131065 ], [ -97.152592000231451, 32.868463000363413 ], [ -97.151944999647554, 32.868326999672462 ], [ -97.149000000151347, 32.867023999921003 ], [ -97.148183999644601, 32.86679799973065 ], [ -97.144537000107519, 32.86675400042499 ], [ -97.14323399976908, 32.866740000019568 ], [ -97.141081000113374, 32.866756000188673 ], [ -97.131345999705886, 32.866697999604625 ], [ -97.13133700025783, 32.85933300024093 ], [ -97.132746000195823, 32.859376999921849 ], [ -97.143325000481966, 32.85938099966544 ], [ -97.144298000229227, 32.859439999588588 ], [ -97.147720000260179, 32.861184000094283 ], [ -97.151118000493341, 32.862228999851808 ], [ -97.155233000109291, 32.860619000257977 ], [ -97.159885000015478, 32.861232000434221 ], [ -97.159924999762396, 32.867773000429388 ], [ -97.159928000526193, 32.868370000131065 ] ] ] ] } },
{ "type": "Feature", "properties": { "GEOID": "48439113626", "NAME": "Census Tract 1136.26, Tarrant County, Texas", "variable": "B01003_001", "estimate": 3538, "moe": 519, "coverage_all": 2485.8734, "coverage_na": 2165.9477, "coverage_4050": 86.2438, "coverage_5060": 145.6306, "coverage_6070": 88.0513, "coverage_7080": 0.0, "coverage_8090": 0.0, "coverage_90": 0.0, "noise4050n": 117.66, "noise5060n": 207.1905, "noise6070n": 124.9802, "noise7080n": 0.0, "noise8090n": 0.0, "noise90n": 0.0, "noise4050p": 0.0347, "noise5060p": 0.0586, "noise6070p": 0.0354, "noise7080p": 0.0, "noise8090p": 0.0, "noise90p": 0.0 }, "geometry": { "type": "MultiPolygon", "coordinates": [ [ [ [ -97.159865000338939, 32.858482999926103 ], [ -97.159878000001143, 32.860614000423979 ], [ -97.159882999475514, 32.861074999896672 ], [ -97.159885000015478, 32.861232000434221 ], [ -97.155233000109291, 32.860619000257977 ], [ -97.151118000493341, 32.862228999851808 ], [ -97.147720000260179, 32.861184000094283 ], [ -97.144298000229227, 32.859439999588588 ], [ -97.143325000481966, 32.85938099966544 ], [ -97.132746000195823, 32.859376999921849 ], [ -97.13133700025783, 32.85933300024093 ], [ -97.132371000324014, 32.855963000275047 ], [ -97.131821000311632, 32.85196699962745 ], [ -97.143389000140573, 32.851991000181229 ], [ -97.146463000321219, 32.852074999654036 ], [ -97.147687999896718, 32.852341000387185 ], [ -97.150887999798115, 32.853467999898598 ], [ -97.152793999648978, 32.853923000086404 ], [ -97.156732999717619, 32.853561000172903 ], [ -97.159892999972627, 32.852923999956126 ], [ -97.159865000338939, 32.858482999926103 ] ] ] ] } },
{ "type": "Feature", "properties": { "GEOID": "48439113628", "NAME": "Census Tract 1136.28, Tarrant County, Texas", "variable": "B01003_001", "estimate": 5575, "moe": 691, "coverage_all": 2856.9454, "coverage_na": 1870.6623, "coverage_4050": 275.7143, "coverage_5060": 382.1529, "coverage_6070": 151.9129, "coverage_7080": 152.6837, "coverage_8090": 23.8193, "coverage_90": 0.0, "noise4050n": 576.7778, "noise5060n": 763.2276, "noise6070n": 259.3253, "noise7080n": 295.0387, "noise8090n": 54.6232, "noise90n": 0.0, "noise4050p": 0.0965, "noise5060p": 0.1338, "noise6070p": 0.0532, "noise7080p": 0.0534, "noise8090p": 0.0083, "noise90p": 0.0 }, "geometry": { "type": "MultiPolygon", "coordinates": [ [ [ [ -97.133503000529799, 32.844769000022325 ], [ -97.126793000350062, 32.844731999739508 ], [ -97.124533000114738, 32.844734000210572 ], [ -97.12183399964556, 32.844726000436872 ], [ -97.119867999806317, 32.844775999635445 ], [ -97.116975000509868, 32.84476299982606 ], [ -97.113548000418149, 32.844714000045776 ], [ -97.108435999460738, 32.845173999672454 ], [ -97.105530999492316, 32.845452000296135 ], [ -97.099854000009387, 32.844145999936288 ], [ -97.099829000193481, 32.837577000209009 ], [ -97.107715999480689, 32.837606000080051 ], [ -97.119687999993559, 32.837659000273803 ], [ -97.123956000341352, 32.837665999718737 ], [ -97.128649999755993, 32.836869000268642 ], [ -97.133338999746087, 32.836841000416996 ], [ -97.133479999664274, 32.841177999789814 ], [ -97.133503000529799, 32.844769000022325 ] ] ] ] } },
{ "type": "Feature", "properties": { "GEOID": "48439113629", "NAME": "Census Tract 1136.29, Tarrant County, Texas", "variable": "B01003_001", "estimate": 4955, "moe": 954, "coverage_all": 2635.2, "coverage_na": 2026.1315, "coverage_4050": 170.1637, "coverage_5060": 251.3138, "coverage_6070": 86.6075, "coverage_7080": 85.5222, "coverage_8090": 15.4612, "coverage_90": 0.0, "noise4050n": 357.1575, "noise5060n": 508.3401, "noise6070n": 173.654, "noise7080n": 197.2812, "noise8090n": 29.4671, "noise90n": 0.0, "noise4050p": 0.0646, "noise5060p": 0.0954, "noise6070p": 0.0329, "noise7080p": 0.0325, "noise8090p": 0.0059, "noise90p": 0.0 }, "geometry": { "type": "MultiPolygon", "coordinates": [ [ [ [ -97.159892999972627, 32.852923999956126 ], [ -97.156732999717619, 32.853561000172903 ], [ -97.152793999648978, 32.853923000086404 ], [ -97.150887999798115, 32.853467999898598 ], [ -97.151015999587841, 32.853149999832091 ], [ -97.151007000481783, 32.849209000073927 ], [ -97.151027000021074, 32.841429999662573 ], [ -97.150701000520002, 32.840711000316347 ], [ -97.148248000509938, 32.840626000147957 ], [ -97.147119999776876, 32.841456000124282 ], [ -97.14320700005949, 32.844242999857663 ], [ -97.142643999657366, 32.844606999666141 ], [ -97.138710999527902, 32.844816999628527 ], [ -97.133503000529799, 32.844769000022325 ], [ -97.133479999664274, 32.841177999789814 ], [ -97.133338999746087, 32.836841000416996 ], [ -97.141845999484147, 32.836856999927036 ], [ -97.145851999832374, 32.837196000253265 ], [ -97.15036699977621, 32.839072999995494 ], [ -97.152071000001726, 32.839770000075788 ], [ -97.153006000178493, 32.839972999714895 ], [ -97.159452999856143, 32.840031000099856 ], [ -97.159735999498281, 32.841669999717674 ], [ -97.159858000292644, 32.842309000109339 ], [ -97.159822999555345, 32.849101999592563 ], [ -97.16019600028676, 32.850659000122192 ], [ -97.159892999972627, 32.852923999956126 ] ] ] ] } },
{ "type": "Feature", "properties": { "GEOID": "48439113630", "NAME": "Census Tract 1136.30, Tarrant County, Texas", "variable": "B01003_001", "estimate": 3298, "moe": 294, "coverage_all": 1805.3151, "coverage_na": 1619.8764, "coverage_4050": 73.2362, "coverage_5060": 110.1216, "coverage_6070": 2.0809, "coverage_7080": 0.0, "coverage_8090": 0.0, "coverage_90": 0.0, "noise4050n": 102.4057, "noise5060n": 199.632, "noise6070n": 2.6216, "noise7080n": 0.0, "noise8090n": 0.0, "noise90n": 0.0, "noise4050p": 0.0406, "noise5060p": 0.061, "noise6070p": 0.0012, "noise7080p": 0.0, "noise8090p": 0.0, "noise90p": 0.0 }, "geometry": { "type": "MultiPolygon", "coordinates": [ [ [ [ -97.151007000481783, 32.849209000073927 ], [ -97.151015999587841, 32.853149999832091 ], [ -97.150887999798115, 32.853467999898598 ], [ -97.147687999896718, 32.852341000387185 ], [ -97.146463000321219, 32.852074999654036 ], [ -97.143389000140573, 32.851991000181229 ], [ -97.131821000311632, 32.85196699962745 ], [ -97.133541999638084, 32.847749000412975 ], [ -97.133503000529799, 32.844769000022325 ], [ -97.138710999527902, 32.844816999628527 ], [ -97.142643999657366, 32.844606999666141 ], [ -97.14320700005949, 32.844242999857663 ], [ -97.147119999776876, 32.841456000124282 ], [ -97.148248000509938, 32.840626000147957 ], [ -97.150701000520002, 32.840711000316347 ], [ -97.151027000021074, 32.841429999662573 ], [ -97.151007000481783, 32.849209000073927 ] ] ] ] } },
{ "type": "Feature", "properties": { "GEOID": "48439113632", "NAME": "Census Tract 1136.32, Tarrant County, Texas", "variable": "B01003_001", "estimate": 5111, "moe": 499, "coverage_all": 5808.704, "coverage_na": 4547.8128, "coverage_4050": 656.0454, "coverage_5060": 500.2016, "coverage_6070": 70.4085, "coverage_7080": 28.2358, "coverage_8090": 6.0, "coverage_90": 0.0, "noise4050n": 485.3438, "noise5060n": 398.967, "noise6070n": 48.7008, "noise7080n": 19.5303, "noise8090n": 4.1501, "noise90n": 0.0, "noise4050p": 0.1129, "noise5060p": 0.0861, "noise6070p": 0.0121, "noise7080p": 0.0049, "noise8090p": 0.001, "noise90p": 0.0 }, "geometry": { "type": "MultiPolygon", "coordinates": [ [ [ [ -97.129252000399475, 32.913382999619678 ], [ -97.129382000030816, 32.913670999801234 ], [ -97.129552000418798, 32.913918000224356 ], [ -97.129586000157317, 32.914059999759793 ], [ -97.126254, 32.915277000334001 ], [ -97.119332000326878, 32.9194989998362 ], [ -97.11924800011198, 32.919399000052088 ], [ -97.119073999809501, 32.919221000232326 ], [ -97.118926999637381, 32.919049999965758 ], [ -97.117475000024811, 32.918901000246926 ], [ -97.117531000534541, 32.913534999836806 ], [ -97.117084000191085, 32.912443000216513 ], [ -97.113606000451796, 32.910291000327341 ], [ -97.112568999555577, 32.909736000179272 ], [ -97.106902000481753, 32.909626999672881 ], [ -97.102242999509315, 32.909171000422475 ], [ -97.100307999605619, 32.909122000037257 ], [ -97.100686000013255, 32.907204000395907 ], [ -97.099730999827273, 32.902069999973286 ], [ -97.099778000457221, 32.893434000385035 ], [ -97.105440999633259, 32.89331299997648 ], [ -97.110865000502685, 32.893317999829577 ], [ -97.116911000242908, 32.893205999711313 ], [ -97.125062999935508, 32.892619999920697 ], [ -97.125043999525857, 32.898280000133909 ], [ -97.125055000234809, 32.900018999961603 ], [ -97.125047000384825, 32.908105000424321 ], [ -97.127335999931944, 32.90902499976179 ], [ -97.126710999943469, 32.910217999729376 ], [ -97.129643000506007, 32.91185599991433 ], [ -97.129252000399475, 32.913382999619678 ] ] ] ] } },
{ "type": "Feature", "properties": { "GEOID": "48439113633", "NAME": "Census Tract 1136.33, Tarrant County, Texas", "variable": "B01003_001", "estimate": 4762, "moe": 839, "coverage_all": 3339.9779, "coverage_na": 2931.1241, "coverage_4050": 196.842, "coverage_5060": 210.6371, "coverage_6070": 1.3748, "coverage_7080": 0.0, "coverage_8090": 0.0, "coverage_90": 0.0, "noise4050n": 259.0053, "noise5060n": 224.8704, "noise6070n": 0.8729, "noise7080n": 0.0, "noise8090n": 0.0, "noise90n": 0.0, "noise4050p": 0.0589, "noise5060p": 0.0631, "noise6070p": 0.0004, "noise7080p": 0.0, "noise8090p": 0.0, "noise90p": 0.0 }, "geometry": { "type": "MultiPolygon", "coordinates": [ [ [ [ -97.125066999842218, 32.88940299993093 ], [ -97.125015000049913, 32.889839000096948 ], [ -97.125062999935508, 32.892619999920697 ], [ -97.116911000242908, 32.893205999711313 ], [ -97.110865000502685, 32.893317999829577 ], [ -97.105440999633259, 32.89331299997648 ], [ -97.099778000457221, 32.893434000385035 ], [ -97.099819000454488, 32.888510999701104 ], [ -97.099818999800476, 32.888184000275722 ], [ -97.099802999654827, 32.881352000053575 ], [ -97.10496600025796, 32.881513999772146 ], [ -97.105595999532241, 32.881659000415681 ], [ -97.106388000510378, 32.881813999879839 ], [ -97.113492999948591, 32.881787000065117 ], [ -97.125093999911826, 32.881818000167023 ], [ -97.125066999842218, 32.88940299993093 ] ] ] ] } },
{ "type": "Feature", "properties": { "GEOID": "48439113634", "NAME": "Census Tract 1136.34, Tarrant County, Texas", "variable": "B01003_001", "estimate": 5357, "moe": 671, "coverage_all": 6848.6655, "coverage_na": 5858.3531, "coverage_4050": 468.8574, "coverage_5060": 387.4985, "coverage_6070": 115.5627, "coverage_7080": 18.3401, "coverage_8090": 0.0537, "coverage_90": 0.0, "noise4050n": 342.2934, "noise5060n": 293.9845, "noise6070n": 85.8069, "noise7080n": 13.5839, "noise8090n": 0.037, "noise90n": 0.0, "noise4050p": 0.0685, "noise5060p": 0.0566, "noise6070p": 0.0169, "noise7080p": 0.0027, "noise8090p": 7.8384e-06, "noise90p": 0.0 }, "geometry": { "type": "MultiPolygon", "coordinates": [ [ [ [ -97.14779000005494, 32.892485000094936 ], [ -97.142544000442498, 32.900328999686892 ], [ -97.136159999468404, 32.909793000148476 ], [ -97.135186999739773, 32.910845999648814 ], [ -97.133149000338122, 32.912258000318637 ], [ -97.129382000030816, 32.913670999801234 ], [ -97.129252000399475, 32.913382999619678 ], [ -97.129643000506007, 32.91185599991433 ], [ -97.126710999943469, 32.910217999729376 ], [ -97.127335999931944, 32.90902499976179 ], [ -97.125047000384825, 32.908105000424321 ], [ -97.125055000234809, 32.900018999961603 ], [ -97.125043999525857, 32.898280000133909 ], [ -97.125062999935508, 32.892619999920697 ], [ -97.125015000049913, 32.889839000096948 ], [ -97.125066999842218, 32.88940299993093 ], [ -97.125093999911826, 32.881818000167023 ], [ -97.126808999527725, 32.881773999668077 ], [ -97.134888999467165, 32.881861000214812 ], [ -97.140452000086626, 32.881871999865979 ], [ -97.145107999892758, 32.881426999963871 ], [ -97.15514299979165, 32.881516999742686 ], [ -97.14779000005494, 32.892485000094936 ] ] ] ] } },
{ "type": "Feature", "properties": { "GEOID": "48439113635", "NAME": "Census Tract 1136.35, Tarrant County, Texas", "variable": "B01003_001", "estimate": 4245, "moe": 974, "coverage_all": 1313.5781, "coverage_na": 264.0396, "coverage_4050": 898.0549, "coverage_5060": 151.4837, "coverage_6070": 0.0, "coverage_7080": 0.0, "coverage_8090": 0.0, "coverage_90": 0.0, "noise4050n": 2842.0791, "noise5060n": 509.3082, "noise6070n": 0.0, "noise7080n": 0.0, "noise8090n": 0.0, "noise90n": 0.0, "noise4050p": 0.6837, "noise5060p": 0.1153, "noise6070p": 0.0, "noise7080p": 0.0, "noise8090p": 0.0, "noise90p": 0.0 }, "geometry": { "type": "MultiPolygon", "coordinates": [ [ [ [ -97.117475000024811, 32.918901000246926 ], [ -97.115960999763317, 32.918898000310989 ], [ -97.111718999948408, 32.919963000010362 ], [ -97.103342999933929, 32.920165999840265 ], [ -97.105270000539704, 32.917205000216576 ], [ -97.105726999875174, 32.912089000232513 ], [ -97.106902000481753, 32.909626999672881 ], [ -97.112568999555577, 32.909736000179272 ], [ -97.113606000451796, 32.910291000327341 ], [ -97.117084000191085, 32.912443000216513 ], [ -97.117531000534541, 32.913534999836806 ], [ -97.117475000024811, 32.918901000246926 ] ] ] ] } },
{ "type": "Feature", "properties": { "GEOID": "48439113636", "NAME": "Census Tract 1136.36, Tarrant County, Texas", "variable": "B01003_001", "estimate": 2802, "moe": 632, "coverage_all": 903.8879, "coverage_na": 0.0, "coverage_4050": 404.51, "coverage_5060": 498.8361, "coverage_6070": 0.5419, "coverage_7080": 0.0, "coverage_8090": 0.0, "coverage_90": 0.0, "noise4050n": 1433.0661, "noise5060n": 1367.3148, "noise6070n": 1.6191, "noise7080n": 0.0, "noise8090n": 0.0, "noise90n": 0.0, "noise4050p": 0.4475, "noise5060p": 0.5519, "noise6070p": 0.0006, "noise7080p": 0.0, "noise8090p": 0.0, "noise90p": 0.0 }, "geometry": { "type": "MultiPolygon", "coordinates": [ [ [ [ -97.105726999875174, 32.912089000232513 ], [ -97.105270000539704, 32.917205000216576 ], [ -97.103342999933929, 32.920165999840265 ], [ -97.101222000208708, 32.921042000002743 ], [ -97.099513999764696, 32.920117000401902 ], [ -97.095967999589703, 32.916564000271208 ], [ -97.097080999687122, 32.915253000302037 ], [ -97.09886400020055, 32.913167000085018 ], [ -97.099053000172361, 32.912899999985726 ], [ -97.09924599991767, 32.912573000134131 ], [ -97.099485999591323, 32.911987000201073 ], [ -97.099952999665305, 32.910004000256912 ], [ -97.100307999605619, 32.909122000037257 ], [ -97.102242999509315, 32.909171000422475 ], [ -97.106902000481753, 32.909626999672881 ], [ -97.105726999875174, 32.912089000232513 ] ] ] ] } },
{ "type": "Feature", "properties": { "GEOID": "48439113637", "NAME": "Census Tract 1136.37, Tarrant County, Texas", "variable": "B01003_001", "estimate": 4248, "moe": 708, "coverage_all": 1570.906, "coverage_na": 1274.7627, "coverage_4050": 119.873, "coverage_5060": 174.3317, "coverage_6070": 1.9386, "coverage_7080": 0.0, "coverage_8090": 0.0, "coverage_90": 0.0, "noise4050n": 311.8666, "noise5060n": 488.1934, "noise6070n": 4.2245, "noise7080n": 0.0, "noise8090n": 0.0, "noise90n": 0.0, "noise4050p": 0.0763, "noise5060p": 0.111, "noise6070p": 0.0012, "noise7080p": 0.0, "noise8090p": 0.0, "noise90p": 0.0 }, "geometry": { "type": "MultiPolygon", "coordinates": [ [ [ [ -97.133541999638084, 32.847749000412975 ], [ -97.131821000311632, 32.85196699962745 ], [ -97.126327999601727, 32.851926999823107 ], [ -97.124456000409637, 32.851939000166375 ], [ -97.117037999603042, 32.851917000285241 ], [ -97.111530000499414, 32.851746000162223 ], [ -97.114770999808016, 32.847123000006782 ], [ -97.116975000509868, 32.84476299982606 ], [ -97.119867999806317, 32.844775999635445 ], [ -97.12183399964556, 32.844726000436872 ], [ -97.124533000114738, 32.844734000210572 ], [ -97.126793000350062, 32.844731999739508 ], [ -97.133503000529799, 32.844769000022325 ], [ -97.133541999638084, 32.847749000412975 ] ] ] ] } },
{ "type": "Feature", "properties": { "GEOID": "48439113638", "NAME": "Census Tract 1136.38, Tarrant County, Texas", "variable": "B01003_001", "estimate": 1758, "moe": 308, "coverage_all": 1122.5033, "coverage_na": 799.8985, "coverage_4050": 92.2457, "coverage_5060": 130.665, "coverage_6070": 60.742, "coverage_7080": 38.9522, "coverage_8090": 0.0, "coverage_90": 0.0, "noise4050n": 144.1688, "noise5060n": 202.556, "noise6070n": 93.6566, "noise7080n": 59.6105, "noise8090n": 0.0, "noise90n": 0.0, "noise4050p": 0.0822, "noise5060p": 0.1164, "noise6070p": 0.0541, "noise7080p": 0.0347, "noise8090p": 0.0, "noise90p": 0.0 }, "geometry": { "type": "MultiPolygon", "coordinates": [ [ [ [ -97.114770999808016, 32.847123000006782 ], [ -97.111530000499414, 32.851746000162223 ], [ -97.107676999479978, 32.851860999705266 ], [ -97.104899000106059, 32.85185200023944 ], [ -97.099948000247068, 32.85184300020844 ], [ -97.099854000009387, 32.844145999936288 ], [ -97.105530999492316, 32.845452000296135 ], [ -97.108435999460738, 32.845173999672454 ], [ -97.113548000418149, 32.844714000045776 ], [ -97.116975000509868, 32.84476299982606 ], [ -97.114770999808016, 32.847123000006782 ] ] ] ] } },
{ "type": "Feature", "properties": { "GEOID": "48439113639", "NAME": "Census Tract 1136.39, Tarrant County, Texas", "variable": "B01003_001", "estimate": 6873, "moe": 761, "coverage_all": 10003.2194, "coverage_na": 6064.9066, "coverage_4050": 1973.2368, "coverage_5060": 1483.9901, "coverage_6070": 394.9656, "coverage_7080": 70.1528, "coverage_8090": 13.9675, "coverage_90": 2.0, "noise4050n": 1440.2641, "noise5060n": 1108.4851, "noise6070n": 289.168, "noise7080n": 50.0812, "noise8090n": 10.0641, "noise90n": 1.0476, "noise4050p": 0.1973, "noise5060p": 0.1484, "noise6070p": 0.0395, "noise7080p": 0.007, "noise8090p": 0.0014, "noise90p": 0.0002 }, "geometry": { "type": "MultiPolygon", "coordinates": [ [ [ [ -97.18625600001279, 32.903847999747732 ], [ -97.176837999759456, 32.903859999901393 ], [ -97.174983000015189, 32.904554999758581 ], [ -97.167283000535733, 32.904537000382057 ], [ -97.166864999558044, 32.904533000393982 ], [ -97.166995999964769, 32.900025000142044 ], [ -97.163948000079969, 32.899942999601514 ], [ -97.163765000526624, 32.899890000043207 ], [ -97.162577999935664, 32.897771000277388 ], [ -97.160665999795995, 32.899017000356558 ], [ -97.15675799981112, 32.901757000111239 ], [ -97.154437999758187, 32.900341999955543 ], [ -97.142544000442498, 32.900328999686892 ], [ -97.14779000005494, 32.892485000094936 ], [ -97.15514299979165, 32.881516999742686 ], [ -97.156025000001861, 32.880539000410728 ], [ -97.158893999638934, 32.8781260002838 ], [ -97.160573000306925, 32.876728000040636 ], [ -97.161655000166107, 32.875836000419298 ], [ -97.163911999998007, 32.875445000225952 ], [ -97.166112999796127, 32.876063999838159 ], [ -97.170920000207957, 32.876063000417602 ], [ -97.172374999475508, 32.876544999972801 ], [ -97.173668000444337, 32.876169999621325 ], [ -97.174195999526731, 32.876315000219748 ], [ -97.179691999529538, 32.880428000402482 ], [ -97.183134000170611, 32.882922000245813 ], [ -97.185608000389593, 32.883637000195208 ], [ -97.185964000236055, 32.883658999860955 ], [ -97.185963000416336, 32.883842000097196 ], [ -97.185964000056913, 32.885316999629282 ], [ -97.18596000034411, 32.887484000227317 ], [ -97.185959000480182, 32.888885999884451 ], [ -97.185960000213555, 32.889182000236708 ], [ -97.185961000094437, 32.892566999946233 ], [ -97.186010000065224, 32.902329000437987 ], [ -97.18625600001279, 32.903847999747732 ] ] ] ] } },
{ "type": "Feature", "properties": { "GEOID": "48439113640", "NAME": "Census Tract 1136.40, Tarrant County, Texas", "variable": "B01003_001", "estimate": 6624, "moe": 858, "coverage_all": 11107.7983, "coverage_na": 7410.4339, "coverage_4050": 1711.8564, "coverage_5060": 1517.7438, "coverage_6070": 381.9252, "coverage_7080": 70.8603, "coverage_8090": 8.9788, "coverage_90": 6.0, "noise4050n": 895.4316, "noise5060n": 772.9308, "noise6070n": 194.419, "noise7080n": 37.8796, "noise8090n": 4.4648, "noise90n": 2.8923, "noise4050p": 0.1541, "noise5060p": 0.1366, "noise6070p": 0.0344, "noise7080p": 0.0064, "noise8090p": 0.0008, "noise90p": 0.0005 }, "geometry": { "type": "MultiPolygon", "coordinates": [ [ [ [ -97.192441000065571, 32.905616999988354 ], [ -97.188467999913058, 32.910794000015287 ], [ -97.188058000285267, 32.911517999641347 ], [ -97.187946999830316, 32.911756999781218 ], [ -97.18786800029504, 32.911952000224559 ], [ -97.18657000039633, 32.915318000115597 ], [ -97.186471999684585, 32.916053999771094 ], [ -97.186671000124875, 32.91872299961345 ], [ -97.183755000088709, 32.918145000297827 ], [ -97.18255599985406, 32.918905000284703 ], [ -97.183241999498108, 32.921087000090964 ], [ -97.182167000315118, 32.921559000266377 ], [ -97.181196000307125, 32.920893999713911 ], [ -97.178465000187529, 32.923444999906778 ], [ -97.17689100001077, 32.922560000343303 ], [ -97.174374000360856, 32.921916999693863 ], [ -97.173629999705739, 32.923104999736985 ], [ -97.172197000028277, 32.922489999603791 ], [ -97.170078999832128, 32.922708000325535 ], [ -97.167947999796709, 32.92369599970462 ], [ -97.163403000413496, 32.921449999667949 ], [ -97.161161999544333, 32.920156000309404 ], [ -97.158854000066995, 32.921685999917372 ], [ -97.157728000333151, 32.919856999779739 ], [ -97.154571000287973, 32.916982999635003 ], [ -97.150104000235046, 32.917850000394651 ], [ -97.148890000211253, 32.916839999901534 ], [ -97.147043999618177, 32.917507000107868 ], [ -97.144864999860971, 32.918638999829469 ], [ -97.143318999896906, 32.918272999937734 ], [ -97.139068999863852, 32.916355000236017 ], [ -97.136030999698164, 32.917150000251702 ], [ -97.136267999744902, 32.917728000117791 ], [ -97.136309999658494, 32.919004000103484 ], [ -97.130251999764326, 32.918950999571926 ], [ -97.130547999545186, 32.91801299983414 ], [ -97.129579000500797, 32.916521999618865 ], [ -97.129794000123667, 32.914751999819231 ], [ -97.129586000157317, 32.914059999759793 ], [ -97.129552000418798, 32.913918000224356 ], [ -97.129382000030816, 32.913670999801234 ], [ -97.133149000338122, 32.912258000318637 ], [ -97.135186999739773, 32.910845999648814 ], [ -97.136159999468404, 32.909793000148476 ], [ -97.142544000442498, 32.900328999686892 ], [ -97.154437999758187, 32.900341999955543 ], [ -97.15675799981112, 32.901757000111239 ], [ -97.160665999795995, 32.899017000356558 ], [ -97.162577999935664, 32.897771000277388 ], [ -97.163765000526624, 32.899890000043207 ], [ -97.163948000079969, 32.899942999601514 ], [ -97.166995999964769, 32.900025000142044 ], [ -97.166864999558044, 32.904533000393982 ], [ -97.167283000535733, 32.904537000382057 ], [ -97.174983000015189, 32.904554999758581 ], [ -97.176837999759456, 32.903859999901393 ], [ -97.18625600001279, 32.903847999747732 ], [ -97.189220999828194, 32.904022999822082 ], [ -97.193571000503624, 32.90402300012498 ], [ -97.192441000065571, 32.905616999988354 ] ] ] ] } },
{ "type": "Feature", "properties": { "GEOID": "48439113707", "NAME": "Census Tract 1137.07, Tarrant County, Texas", "variable": "B01003_001", "estimate": 5159, "moe": 694, "coverage_all": 8179.202, "coverage_na": 6809.7478, "coverage_4050": 889.524, "coverage_5060": 383.8967, "coverage_6070": 56.1732, "coverage_7080": 35.4051, "coverage_8090": 4.4551, "coverage_90": 0.0, "noise4050n": 425.3084, "noise5060n": 237.948, "noise6070n": 21.9442, "noise7080n": 13.8311, "noise8090n": 1.7404, "noise90n": 0.0, "noise4050p": 0.1088, "noise5060p": 0.0469, "noise6070p": 0.0069, "noise7080p": 0.0043, "noise8090p": 0.0005, "noise90p": 0.0 }, "geometry": { "type": "MultiPolygon", "coordinates": [ [ [ [ -97.127046999697768, 32.970132999999187 ], [ -97.116718999647489, 32.970394999687962 ], [ -97.115937999775412, 32.970485000203972 ], [ -97.115657999914276, 32.97259400029575 ], [ -97.114235999532326, 32.972629999591291 ], [ -97.114928999570168, 32.974883000191539 ], [ -97.113028999797336, 32.98040599992337 ], [ -97.110198999561604, 32.98271599985916 ], [ -97.110185999879874, 32.984928999696535 ], [ -97.108932999871925, 32.985487000035029 ], [ -97.101737000220808, 32.985340000437532 ], [ -97.101742000171001, 32.984811000415156 ], [ -97.09503400028369, 32.984755000208331 ], [ -97.091594000079084, 32.972727000334729 ], [ -97.097311000300252, 32.967120999940292 ], [ -97.104186000094074, 32.962473999656787 ], [ -97.104196999484941, 32.960405999767659 ], [ -97.10618199949252, 32.958543999978822 ], [ -97.107712000286412, 32.958626000339656 ], [ -97.107654999481042, 32.957079000083084 ], [ -97.105092999584485, 32.955163999930427 ], [ -97.105265000136455, 32.954697999894265 ], [ -97.104565999646681, 32.952549999887211 ], [ -97.104922999777969, 32.948486999640082 ], [ -97.104881999510042, 32.947600000236932 ], [ -97.10802700033301, 32.947649000024732 ], [ -97.108076000219029, 32.944353000042561 ], [ -97.108214999768506, 32.944090000169503 ], [ -97.108024000512259, 32.943382999911712 ], [ -97.108076999997564, 32.942850000335888 ], [ -97.114501999982849, 32.943347000332707 ], [ -97.116657999751254, 32.943479000092921 ], [ -97.116665000079763, 32.94370500017093 ], [ -97.116681999918498, 32.944228000112339 ], [ -97.116677000381799, 32.954907999967922 ], [ -97.116706000440658, 32.96079599995538 ], [ -97.120543000062199, 32.962419999794299 ], [ -97.122543999717919, 32.964826999903373 ], [ -97.127484999561972, 32.968724000266221 ], [ -97.127046999697768, 32.970132999999187 ] ] ] ] } },
{ "type": "Feature", "properties": { "GEOID": "48439113709", "NAME": "Census Tract 1137.09, Tarrant County, Texas", "variable": "B01003_001", "estimate": 5442, "moe": 477, "coverage_all": 6356.8346, "coverage_na": 1879.0, "coverage_4050": 1798.4932, "coverage_5060": 2029.0142, "coverage_6070": 348.2493, "coverage_7080": 289.078, "coverage_8090": 13.0, "coverage_90": 0.0, "noise4050n": 1214.798, "noise5060n": 1180.6627, "noise6070n": 250.1528, "noise7080n": 205.2382, "noise8090n": 5.9872, "noise90n": 0.0, "noise4050p": 0.2829, "noise5060p": 0.3192, "noise6070p": 0.0548, "noise7080p": 0.0455, "noise8090p": 0.002, "noise90p": 0.0 }, "geometry": { "type": "MultiPolygon", "coordinates": [ [ [ [ -97.100307999605619, 32.909122000037257 ], [ -97.099952999665305, 32.910004000256912 ], [ -97.099485999591323, 32.911987000201073 ], [ -97.09924599991767, 32.912573000134131 ], [ -97.099053000172361, 32.912899999985726 ], [ -97.09886400020055, 32.913167000085018 ], [ -97.097080999687122, 32.915253000302037 ], [ -97.095967999589703, 32.916564000271208 ], [ -97.092359000469472, 32.912944999732886 ], [ -97.089539000303489, 32.910131000426944 ], [ -97.089987000015782, 32.909212000410797 ], [ -97.082167999744044, 32.902712999760546 ], [ -97.082316000116506, 32.891753000380824 ], [ -97.080344000507537, 32.889064999773055 ], [ -97.076073000480037, 32.881099000056977 ], [ -97.08232499983346, 32.881100999869098 ], [ -97.09084900009772, 32.88111799969527 ], [ -97.094377000147432, 32.881110000218122 ], [ -97.095242000339425, 32.881154999718014 ], [ -97.099802999654827, 32.881352000053575 ], [ -97.099818999800476, 32.888184000275722 ], [ -97.099819000454488, 32.888510999701104 ], [ -97.099778000457221, 32.893434000385035 ], [ -97.099730999827273, 32.902069999973286 ], [ -97.100686000013255, 32.907204000395907 ], [ -97.100307999605619, 32.909122000037257 ] ] ] ] } },
{ "type": "Feature", "properties": { "GEOID": "48439113710", "NAME": "Census Tract 1137.10, Tarrant County, Texas", "variable": "B01003_001", "estimate": 4837, "moe": 753, "coverage_all": 2408.2949, "coverage_na": 2292.8318, "coverage_4050": 40.2658, "coverage_5060": 75.1974, "coverage_6070": 0.0, "coverage_7080": 0.0, "coverage_8090": 0.0, "coverage_90": 0.0, "noise4050n": 155.2704, "noise5060n": 226.7265, "noise6070n": 0.0, "noise7080n": 0.0, "noise8090n": 0.0, "noise90n": 0.0, "noise4050p": 0.0167, "noise5060p": 0.0312, "noise6070p": 0.0, "noise7080p": 0.0, "noise8090p": 0.0, "noise90p": 0.0 }, "geometry": { "type": "MultiPolygon", "coordinates": [ [ [ [ -97.107712000286412, 32.958626000339656 ], [ -97.10618199949252, 32.958543999978822 ], [ -97.104196999484941, 32.960405999767659 ], [ -97.104186000094074, 32.962473999656787 ], [ -97.097311000300252, 32.967120999940292 ], [ -97.091594000079084, 32.972727000334729 ], [ -97.090951000520931, 32.971597000267018 ], [ -97.088740999773577, 32.969617000016456 ], [ -97.089092999924333, 32.96960599982976 ], [ -97.090466000031597, 32.969794000194568 ], [ -97.090619000026024, 32.96252699975328 ], [ -97.090742999804547, 32.956310000298203 ], [ -97.090742000146861, 32.955252000187699 ], [ -97.090740999869269, 32.954822000127677 ], [ -97.090715999931419, 32.953361000026099 ], [ -97.095000000311899, 32.951773999866468 ], [ -97.096542999471808, 32.950433999693111 ], [ -97.098448000266075, 32.950129999931001 ], [ -97.098394999836799, 32.95478299971689 ], [ -97.099267999992932, 32.954779999813283 ], [ -97.105265000136455, 32.954697999894265 ], [ -97.105092999584485, 32.955163999930427 ], [ -97.107654999481042, 32.957079000083084 ], [ -97.107712000286412, 32.958626000339656 ] ] ] ] } },
{ "type": "Feature", "properties": { "GEOID": "48439113711", "NAME": "Census Tract 1137.11, Tarrant County, Texas", "variable": "B01003_001", "estimate": 4587, "moe": 554, "coverage_all": 2152.3839, "coverage_na": 1294.007, "coverage_4050": 622.21, "coverage_5060": 163.4814, "coverage_6070": 72.1821, "coverage_7080": 0.5035, "coverage_8090": 0.0, "coverage_90": 0.0, "noise4050n": 1377.8867, "noise5060n": 316.4566, "noise6070n": 150.2514, "noise7080n": 1.3163, "noise8090n": 0.0, "noise90n": 0.0, "noise4050p": 0.2891, "noise5060p": 0.076, "noise6070p": 0.0335, "noise7080p": 0.0002, "noise8090p": 0.0, "noise90p": 0.0 }, "geometry": { "type": "MultiPolygon", "coordinates": [ [ [ [ -97.108076000219029, 32.944353000042561 ], [ -97.10802700033301, 32.947649000024732 ], [ -97.104881999510042, 32.947600000236932 ], [ -97.104922999777969, 32.948486999640082 ], [ -97.104565999646681, 32.952549999887211 ], [ -97.105265000136455, 32.954697999894265 ], [ -97.099267999992932, 32.954779999813283 ], [ -97.098394999836799, 32.95478299971689 ], [ -97.098448000266075, 32.950129999931001 ], [ -97.096542999471808, 32.950433999693111 ], [ -97.095000000311899, 32.951773999866468 ], [ -97.090715999931419, 32.953361000026099 ], [ -97.090677999657814, 32.944487000106776 ], [ -97.089035000076535, 32.942244000408152 ], [ -97.088167999556561, 32.941076999637389 ], [ -97.090671999995521, 32.941091999779864 ], [ -97.095290999608835, 32.941110999893176 ], [ -97.099372999907658, 32.941058000015623 ], [ -97.100414000466557, 32.940816000210646 ], [ -97.101003999691272, 32.940426999783327 ], [ -97.102406000160755, 32.941496999805828 ], [ -97.104180999990064, 32.942402999992893 ], [ -97.106411000320506, 32.943097000223446 ], [ -97.107308000507643, 32.943275000130278 ], [ -97.108024000512259, 32.943382999911712 ], [ -97.108214999768506, 32.944090000169503 ], [ -97.108076000219029, 32.944353000042561 ] ] ] ] } },
{ "type": "Feature", "properties": { "GEOID": "48439113712", "NAME": "Census Tract 1137.12, Tarrant County, Texas", "variable": "B01003_001", "estimate": 4893, "moe": 616, "coverage_all": 7903.5697, "coverage_na": 0.0, "coverage_4050": 1455.0, "coverage_5060": 5360.3381, "coverage_6070": 740.2463, "coverage_7080": 279.4173, "coverage_8090": 65.5679, "coverage_90": 3.0, "noise4050n": 896.9222, "noise5060n": 3357.8089, "noise6070n": 458.2347, "noise7080n": 146.1019, "noise8090n": 32.1556, "noise90n": 1.7766, "noise4050p": 0.1841, "noise5060p": 0.6782, "noise6070p": 0.0937, "noise7080p": 0.0354, "noise8090p": 0.0083, "noise90p": 0.0004 }, "geometry": { "type": "MultiPolygon", "coordinates": [ [ [ [ -97.100414000466557, 32.940816000210646 ], [ -97.099372999907658, 32.941058000015623 ], [ -97.095290999608835, 32.941110999893176 ], [ -97.090671999995521, 32.941091999779864 ], [ -97.088167999556561, 32.941076999637389 ], [ -97.087258000114247, 32.941085999770429 ], [ -97.07889400035252, 32.941058000052728 ], [ -97.078169000239512, 32.941029000422247 ], [ -97.073364000215619, 32.941031999968686 ], [ -97.066927999480285, 32.941025999979253 ], [ -97.064704999680572, 32.941355999795931 ], [ -97.062825000277329, 32.942117000346634 ], [ -97.058600000346232, 32.945727000378199 ], [ -97.058252999862873, 32.939893999700033 ], [ -97.058298999682592, 32.93256800006526 ], [ -97.060895000467212, 32.932208999912689 ], [ -97.060905999901763, 32.923394999934374 ], [ -97.060913999919009, 32.922036999861213 ], [ -97.064827999469728, 32.922009000077317 ], [ -97.064889999861634, 32.917933999560525 ], [ -97.071517000378961, 32.917959000151718 ], [ -97.070904999550933, 32.922286000243126 ], [ -97.075235999934378, 32.922342999771239 ], [ -97.078348000519938, 32.921959999972024 ], [ -97.078335999703967, 32.922555000183479 ], [ -97.084297000268663, 32.923251999718339 ], [ -97.086198999750167, 32.923870999578959 ], [ -97.088661000211715, 32.925126000210554 ], [ -97.090094999955923, 32.926099000363585 ], [ -97.094666999697623, 32.931372000040476 ], [ -97.09473700043155, 32.931488000326013 ], [ -97.098266000151924, 32.936122999603676 ], [ -97.098180000386705, 32.93717299958891 ], [ -97.099577999497683, 32.938988999888451 ], [ -97.10029300043837, 32.939683000193902 ], [ -97.101003999691272, 32.940426999783327 ], [ -97.100414000466557, 32.940816000210646 ] ] ] ] } },
{ "type": "Feature", "properties": { "GEOID": "48439113713", "NAME": "Census Tract 1137.13, Tarrant County, Texas", "variable": "B01003_001", "estimate": 1811, "moe": 740, "coverage_all": 6382.0072, "coverage_na": 116.8556, "coverage_4050": 784.7514, "coverage_5060": 4596.4227, "coverage_6070": 677.152, "coverage_7080": 175.9651, "coverage_8090": 27.8604, "coverage_90": 3.0, "noise4050n": 222.6862, "noise5060n": 1304.3109, "noise6070n": 192.1531, "noise7080n": 49.933, "noise8090n": 7.9058, "noise90n": 0.8513, "noise4050p": 0.123, "noise5060p": 0.7202, "noise6070p": 0.1061, "noise7080p": 0.0276, "noise8090p": 0.0044, "noise90p": 0.0005 }, "geometry": { "type": "MultiPolygon", "coordinates": [ [ [ [ -97.12758499989333, 32.926250999615597 ], [ -97.11792500048638, 32.926229000155736 ], [ -97.117414000022379, 32.931734000380821 ], [ -97.116035999867023, 32.931984000280572 ], [ -97.116111000187075, 32.940046999914543 ], [ -97.116082000469177, 32.940813999750667 ], [ -97.116607000200787, 32.942981999783434 ], [ -97.116657999751254, 32.943479000092921 ], [ -97.114501999982849, 32.943347000332707 ], [ -97.108076999997564, 32.942850000335888 ], [ -97.108024000512259, 32.943382999911712 ], [ -97.107308000507643, 32.943275000130278 ], [ -97.106411000320506, 32.943097000223446 ], [ -97.104180999990064, 32.942402999992893 ], [ -97.102406000160755, 32.941496999805828 ], [ -97.101003999691272, 32.940426999783327 ], [ -97.10029300043837, 32.939683000193902 ], [ -97.099577999497683, 32.938988999888451 ], [ -97.098180000386705, 32.93717299958891 ], [ -97.098266000151924, 32.936122999603676 ], [ -97.09473700043155, 32.931488000326013 ], [ -97.094666999697623, 32.931372000040476 ], [ -97.090094999955923, 32.926099000363585 ], [ -97.088661000211715, 32.925126000210554 ], [ -97.086198999750167, 32.923870999578959 ], [ -97.084297000268663, 32.923251999718339 ], [ -97.078335999703967, 32.922555000183479 ], [ -97.078348000519938, 32.921959999972024 ], [ -97.078304000434244, 32.918193999921634 ], [ -97.085879000412675, 32.918279000294824 ], [ -97.087973000033401, 32.920419999968978 ], [ -97.089180999529617, 32.921411000116926 ], [ -97.093007999895065, 32.925341999799855 ], [ -97.098231000311415, 32.929304999561985 ], [ -97.105749999920306, 32.925302000421752 ], [ -97.101222000208708, 32.921042000002743 ], [ -97.103342999933929, 32.920165999840265 ], [ -97.111718999948408, 32.919963000010362 ], [ -97.115960999763317, 32.918898000310989 ], [ -97.117475000024811, 32.918901000246926 ], [ -97.118926999637381, 32.919049999965758 ], [ -97.119073999809501, 32.919221000232326 ], [ -97.11924800011198, 32.919399000052088 ], [ -97.119332000326878, 32.9194989998362 ], [ -97.126254, 32.915277000334001 ], [ -97.127120999479757, 32.921584000246355 ], [ -97.127685000102701, 32.92290100008826 ], [ -97.12758499989333, 32.926250999615597 ] ] ] ] } },
{ "type": "Feature", "properties": { "GEOID": "48439113714", "NAME": "Census Tract 1137.14, Tarrant County, Texas", "variable": "B01003_001", "estimate": 3399, "moe": 681, "coverage_all": 9125.9439, "coverage_na": 5178.2449, "coverage_4050": 3641.4327, "coverage_5060": 257.09, "coverage_6070": 49.1763, "coverage_7080": 0.0, "coverage_8090": 0.0, "coverage_90": 0.0, "noise4050n": 1490.3647, "noise5060n": 145.4163, "noise6070n": 44.188, "noise7080n": 0.0, "noise8090n": 0.0, "noise90n": 0.0, "noise4050p": 0.399, "noise5060p": 0.0282, "noise6070p": 0.0054, "noise7080p": 0.0, "noise8090p": 0.0, "noise90p": 0.0 }, "geometry": { "type": "MultiPolygon", "coordinates": [ [ [ [ -97.09503400028369, 32.984755000208331 ], [ -97.083413000133191, 32.984678999635605 ], [ -97.065777999610091, 32.967163999850825 ], [ -97.070702999463506, 32.963445000105075 ], [ -97.070908000003229, 32.961542999828168 ], [ -97.070751999499691, 32.960418999806976 ], [ -97.073427999885951, 32.959351999618576 ], [ -97.072763999723392, 32.957878999775616 ], [ -97.073333999959232, 32.945867000383977 ], [ -97.073364000215619, 32.941031999968686 ], [ -97.078169000239512, 32.941029000422247 ], [ -97.07889400035252, 32.941058000052728 ], [ -97.087258000114247, 32.941085999770429 ], [ -97.088167999556561, 32.941076999637389 ], [ -97.089035000076535, 32.942244000408152 ], [ -97.090677999657814, 32.944487000106776 ], [ -97.090715999931419, 32.953361000026099 ], [ -97.090740999869269, 32.954822000127677 ], [ -97.090742000146861, 32.955252000187699 ], [ -97.090742999804547, 32.956310000298203 ], [ -97.090619000026024, 32.96252699975328 ], [ -97.090466000031597, 32.969794000194568 ], [ -97.089092999924333, 32.96960599982976 ], [ -97.088740999773577, 32.969617000016456 ], [ -97.090951000520931, 32.971597000267018 ], [ -97.091594000079084, 32.972727000334729 ], [ -97.09503400028369, 32.984755000208331 ] ] ] ] } },
{ "type": "Feature", "properties": { "GEOID": "48439113715", "NAME": "Census Tract 1137.15, Tarrant County, Texas", "variable": "B01003_001", "estimate": 6766, "moe": 1876, "coverage_all": 18190.2028, "coverage_na": 1659.1876, "coverage_4050": 3525.6624, "coverage_5060": 12298.2475, "coverage_6070": 494.7505, "coverage_7080": 197.4985, "coverage_8090": 14.8562, "coverage_90": 0.0, "noise4050n": 607.9416, "noise5060n": 5710.4834, "noise6070n": 120.5053, "noise7080n": 38.4088, "noise8090n": 2.5617, "noise90n": 0.0, "noise4050p": 0.1938, "noise5060p": 0.6761, "noise6070p": 0.0272, "noise7080p": 0.0109, "noise8090p": 0.0008, "noise90p": 0.0 }, "geometry": { "type": "MultiPolygon", "coordinates": [ [ [ [ -97.109231999594073, 32.990203000451544 ], [ -97.088162000527419, 32.99007300016558 ], [ -97.086450000032315, 32.990061000019075 ], [ -97.076604000138573, 32.990000999946176 ], [ -97.071135999761111, 32.989964999624149 ], [ -97.061799999882069, 32.989903999947515 ], [ -97.045477000371108, 32.989791999666558 ], [ -97.03100699957119, 32.989690999792707 ], [ -97.031044000164314, 32.987856000238786 ], [ -97.031116000295157, 32.984638000413121 ], [ -97.031384999583054, 32.97283499966818 ], [ -97.031431999725442, 32.970242000058882 ], [ -97.031438000152335, 32.969922999921664 ], [ -97.03170699955929, 32.955001000310332 ], [ -97.048045999565062, 32.955232999711839 ], [ -97.048328999729492, 32.955247000006466 ], [ -97.052543999629137, 32.955294999768803 ], [ -97.05257199983545, 32.951163000073748 ], [ -97.055006999949157, 32.948980999653308 ], [ -97.058600000346232, 32.945727000378199 ], [ -97.059517999639525, 32.946774999665791 ], [ -97.059604000182844, 32.948146999599921 ], [ -97.061463000124576, 32.951137999711321 ], [ -97.06055599976699, 32.952426999641361 ], [ -97.060762000279681, 32.953552000392108 ], [ -97.060011999572097, 32.955966999957425 ], [ -97.060200000391433, 32.960492999816289 ], [ -97.060949999589894, 32.962369000079946 ], [ -97.065777999610091, 32.967163999850825 ], [ -97.083413000133191, 32.984678999635605 ], [ -97.09503400028369, 32.984755000208331 ], [ -97.101742000171001, 32.984811000415156 ], [ -97.101737000220808, 32.985340000437532 ], [ -97.108932999871925, 32.985487000035029 ], [ -97.109021999793626, 32.986087000076701 ], [ -97.109048999771971, 32.98627099993773 ], [ -97.109271999834405, 32.9879100001938 ], [ -97.109231999594073, 32.990203000451544 ] ] ] ] } },
{ "type": "Feature", "properties": { "GEOID": "48439113716", "NAME": "Census Tract 1137.16, Tarrant County, Texas", "variable": "B01003_001", "estimate": 3116, "moe": 559, "coverage_all": 3328.4836, "coverage_na": 0.0, "coverage_4050": 1594.1864, "coverage_5060": 1679.5012, "coverage_6070": 51.0292, "coverage_7080": 3.7667, "coverage_8090": 0.0, "coverage_90": 0.0, "noise4050n": 1523.75, "noise5060n": 1472.3411, "noise6070n": 118.4126, "noise7080n": 1.4963, "noise8090n": 0.0, "noise90n": 0.0, "noise4050p": 0.479, "noise5060p": 0.5046, "noise6070p": 0.0153, "noise7080p": 0.0011, "noise8090p": 0.0, "noise90p": 0.0 }, "geometry": { "type": "MultiPolygon", "coordinates": [ [ [ [ -97.073427999885951, 32.959351999618576 ], [ -97.070751999499691, 32.960418999806976 ], [ -97.070908000003229, 32.961542999828168 ], [ -97.070702999463506, 32.963445000105075 ], [ -97.065777999610091, 32.967163999850825 ], [ -97.060949999589894, 32.962369000079946 ], [ -97.060200000391433, 32.960492999816289 ], [ -97.060011999572097, 32.955966999957425 ], [ -97.060762000279681, 32.953552000392108 ], [ -97.06055599976699, 32.952426999641361 ], [ -97.061463000124576, 32.951137999711321 ], [ -97.059604000182844, 32.948146999599921 ], [ -97.059517999639525, 32.946774999665791 ], [ -97.058600000346232, 32.945727000378199 ], [ -97.062825000277329, 32.942117000346634 ], [ -97.064704999680572, 32.941355999795931 ], [ -97.066927999480285, 32.941025999979253 ], [ -97.073364000215619, 32.941031999968686 ], [ -97.073333999959232, 32.945867000383977 ], [ -97.072763999723392, 32.957878999775616 ], [ -97.073427999885951, 32.959351999618576 ] ] ] ] } },
{ "type": "Feature", "properties": { "GEOID": "48439113803", "NAME": "Census Tract 1138.03, Tarrant County, Texas", "variable": "B01003_001", "estimate": 5989, "moe": 740, "coverage_all": 2868.0485, "coverage_na": 2138.8937, "coverage_4050": 357.8621, "coverage_5060": 263.7393, "coverage_6070": 97.5282, "coverage_7080": 9.8719, "coverage_8090": 0.1533, "coverage_90": 0.0, "noise4050n": 642.3519, "noise5060n": 531.8764, "noise6070n": 179.9127, "noise7080n": 16.776, "noise8090n": 0.2933, "noise90n": 0.0, "noise4050p": 0.1248, "noise5060p": 0.092, "noise6070p": 0.034, "noise7080p": 0.0034, "noise8090p": 0.0001, "noise90p": 0.0 }, "geometry": { "type": "MultiPolygon", "coordinates": [ [ [ [ -97.261188999714363, 32.880687999979145 ], [ -97.260168999781712, 32.886957000078965 ], [ -97.258884999484223, 32.894750000287864 ], [ -97.258654999697711, 32.894763999866193 ], [ -97.254392000122635, 32.894541999654486 ], [ -97.254441999918569, 32.892808999996838 ], [ -97.247068000208259, 32.892557999756214 ], [ -97.244183999787452, 32.892535000203871 ], [ -97.23855999972821, 32.892518000442593 ], [ -97.238530999703869, 32.892414000052099 ], [ -97.237741000074564, 32.888638000307246 ], [ -97.237832000061687, 32.881368000296689 ], [ -97.239690000351857, 32.881379999572104 ], [ -97.242716999990208, 32.881709999719071 ], [ -97.242965000237646, 32.881739000242391 ], [ -97.245155000319215, 32.881993999682663 ], [ -97.247131000468585, 32.8822020001856 ], [ -97.248715000512604, 32.882235000190072 ], [ -97.251015999984531, 32.88224400018526 ], [ -97.256993000082815, 32.882261000020186 ], [ -97.259454000504093, 32.880650999775291 ], [ -97.261209999728067, 32.880562000137914 ], [ -97.261188999714363, 32.880687999979145 ] ] ] ] } },
{ "type": "Feature", "properties": { "GEOID": "48439113808", "NAME": "Census Tract 1138.08, Tarrant County, Texas", "variable": "B01003_001", "estimate": 6381, "moe": 729, "coverage_all": 3374.9073, "coverage_na": 2696.1743, "coverage_4050": 338.7308, "coverage_5060": 288.2454, "coverage_6070": 48.3027, "coverage_7080": 3.3637, "coverage_8090": 0.0, "coverage_90": 0.0904, "noise4050n": 455.9035, "noise5060n": 499.4109, "noise6070n": 59.3787, "noise7080n": 3.8395, "noise8090n": 0.0, "noise90n": 0.1032, "noise4050p": 0.1004, "noise5060p": 0.0854, "noise6070p": 0.0143, "noise7080p": 0.001, "noise8090p": 0.0, "noise90p": 0.0 }, "geometry": { "type": "MultiPolygon", "coordinates": [ [ [ [ -97.262251000183923, 32.874262999837349 ], [ -97.261209999728067, 32.880562000137914 ], [ -97.259454000504093, 32.880650999775291 ], [ -97.256993000082815, 32.882261000020186 ], [ -97.251015999984531, 32.88224400018526 ], [ -97.248715000512604, 32.882235000190072 ], [ -97.247131000468585, 32.8822020001856 ], [ -97.245155000319215, 32.881993999682663 ], [ -97.242965000237646, 32.881739000242391 ], [ -97.242716999990208, 32.881709999719071 ], [ -97.239690000351857, 32.881379999572104 ], [ -97.237832000061687, 32.881368000296689 ], [ -97.237902000421784, 32.875016999972559 ], [ -97.237940999909284, 32.867646000252599 ], [ -97.246276000162936, 32.867703000011971 ], [ -97.247223999661514, 32.867705999913291 ], [ -97.253942999496417, 32.867735999860891 ], [ -97.254976999695913, 32.867783999889987 ], [ -97.255003999472038, 32.87412099993049 ], [ -97.262062999698202, 32.87417199956333 ], [ -97.262279000136033, 32.874071999756111 ], [ -97.262251000183923, 32.874262999837349 ] ] ] ] } },
{ "type": "Feature", "properties": { "GEOID": "48439113809", "NAME": "Census Tract 1138.09, Tarrant County, Texas", "variable": "B01003_001", "estimate": 4660, "moe": 844, "coverage_all": 2755.1878, "coverage_na": 1685.9321, "coverage_4050": 604.5133, "coverage_5060": 268.4999, "coverage_6070": 179.4001, "coverage_7080": 15.019, "coverage_8090": 1.8236, "coverage_90": 0.0, "noise4050n": 935.2785, "noise5060n": 431.2005, "noise6070n": 284.6647, "noise7080n": 21.9314, "noise8090n": 2.6579, "noise90n": 0.0, "noise4050p": 0.2194, "noise5060p": 0.0975, "noise6070p": 0.0651, "noise7080p": 0.0055, "noise8090p": 0.0007, "noise90p": 0.0 }, "geometry": { "type": "MultiPolygon", "coordinates": [ [ [ [ -97.264611999922877, 32.860581000226915 ], [ -97.263440999990706, 32.867820000395255 ], [ -97.26338200001554, 32.868188000263892 ], [ -97.262279000136033, 32.874071999756111 ], [ -97.262062999698202, 32.87417199956333 ], [ -97.255003999472038, 32.87412099993049 ], [ -97.254976999695913, 32.867783999889987 ], [ -97.253942999496417, 32.867735999860891 ], [ -97.247223999661514, 32.867705999913291 ], [ -97.246276000162936, 32.867703000011971 ], [ -97.237940999909284, 32.867646000252599 ], [ -97.237996000232997, 32.860413999852419 ], [ -97.246237000454428, 32.860418999964459 ], [ -97.24953999999714, 32.860500999839935 ], [ -97.253922999556877, 32.860534000222472 ], [ -97.263281999573351, 32.860524999646977 ], [ -97.263976000290469, 32.860584999943995 ], [ -97.264611999922877, 32.860581000226915 ] ] ] ] } },
{ "type": "Feature", "properties": { "GEOID": "48439113810", "NAME": "Census Tract 1138.10, Tarrant County, Texas", "variable": "B01003_001", "estimate": 4448, "moe": 534, "coverage_all": 3030.9982, "coverage_na": 841.0, "coverage_4050": 1426.6669, "coverage_5060": 597.6868, "coverage_6070": 140.9481, "coverage_7080": 23.6963, "coverage_8090": 1.0, "coverage_90": 0.0, "noise4050n": 2121.8357, "noise5060n": 739.6942, "noise6070n": 181.6958, "noise7080n": 27.4737, "noise8090n": 1.1002, "noise90n": 0.0, "noise4050p": 0.4707, "noise5060p": 0.1972, "noise6070p": 0.0465, "noise7080p": 0.0078, "noise8090p": 0.0003, "noise90p": 0.0 }, "geometry": { "type": "MultiPolygon", "coordinates": [ [ [ [ -97.263978000504622, 32.860511999976545 ], [ -97.263976000290469, 32.860584999943995 ], [ -97.263281999573351, 32.860524999646977 ], [ -97.253922999556877, 32.860534000222472 ], [ -97.24953999999714, 32.860500999839935 ], [ -97.246237000454428, 32.860418999964459 ], [ -97.237996000232997, 32.860413999852419 ], [ -97.238369000106175, 32.855444000254536 ], [ -97.238595000223825, 32.8531180001793 ], [ -97.238652000400776, 32.85035100039984 ], [ -97.238624000387034, 32.846814999732011 ], [ -97.243420999992892, 32.84692499980315 ], [ -97.245720999880646, 32.848809999925201 ], [ -97.249613000149395, 32.848813000173543 ], [ -97.250005000116587, 32.848813000445958 ], [ -97.251065999773274, 32.848706000045929 ], [ -97.251754000350502, 32.848694999868457 ], [ -97.252951999833485, 32.848711000089018 ], [ -97.253410999574228, 32.851334000268146 ], [ -97.251957000408154, 32.851442999706343 ], [ -97.252532999567208, 32.853111999811304 ], [ -97.264030000250614, 32.853040000261025 ], [ -97.263978000504622, 32.860511999976545 ] ] ] ] } },
{ "type": "Feature", "properties": { "GEOID": "48439113811", "NAME": "Census Tract 1138.11, Tarrant County, Texas", "variable": "B01003_001", "estimate": 3958, "moe": 726, "coverage_all": 3399.7829, "coverage_na": 0.0, "coverage_4050": 1620.3331, "coverage_5060": 1286.9576, "coverage_6070": 325.6584, "coverage_7080": 146.1566, "coverage_8090": 19.7577, "coverage_90": 0.9195, "noise4050n": 1977.0743, "noise5060n": 1425.0731, "noise6070n": 363.5909, "noise7080n": 169.2011, "noise8090n": 21.8501, "noise90n": 1.2106, "noise4050p": 0.4766, "noise5060p": 0.3785, "noise6070p": 0.0958, "noise7080p": 0.043, "noise8090p": 0.0058, "noise90p": 0.0003 }, "geometry": { "type": "MultiPolygon", "coordinates": [ [ [ [ -97.268379000483264, 32.841126999688356 ], [ -97.268123000361697, 32.841700999790582 ], [ -97.267437000299296, 32.843493999714241 ], [ -97.266189000279965, 32.85085599981182 ], [ -97.26397600037545, 32.850838000243115 ], [ -97.264030000250614, 32.853040000261025 ], [ -97.252532999567208, 32.853111999811304 ], [ -97.251957000408154, 32.851442999706343 ], [ -97.253410999574228, 32.851334000268146 ], [ -97.252951999833485, 32.848711000089018 ], [ -97.251754000350502, 32.848694999868457 ], [ -97.251065999773274, 32.848706000045929 ], [ -97.250005000116587, 32.848813000445958 ], [ -97.249613000149395, 32.848813000173543 ], [ -97.245720999880646, 32.848809999925201 ], [ -97.243420999992892, 32.84692499980315 ], [ -97.238624000387034, 32.846814999732011 ], [ -97.23871299977165, 32.843760999900745 ], [ -97.238728999747408, 32.840335999656084 ], [ -97.252849999620253, 32.840307999849692 ], [ -97.2554740004216, 32.840233999992016 ], [ -97.255474000194354, 32.840039000272292 ], [ -97.264084000072629, 32.839379999664985 ], [ -97.269460999897447, 32.839398999969745 ], [ -97.268379000483264, 32.841126999688356 ] ] ] ] } },
{ "type": "Feature", "properties": { "GEOID": "48439113812", "NAME": "Census Tract 1138.12, Tarrant County, Texas", "variable": "B01003_001", "estimate": 5885, "moe": 634, "coverage_all": 4885.0295, "coverage_na": 3278.4622, "coverage_4050": 796.2763, "coverage_5060": 552.9331, "coverage_6070": 241.8705, "coverage_7080": 14.8525, "coverage_8090": 0.6349, "coverage_90": 0.0, "noise4050n": 542.4841, "noise5060n": 468.4638, "noise6070n": 210.7246, "noise7080n": 8.3534, "noise8090n": 0.3571, "noise90n": 0.0, "noise4050p": 0.163, "noise5060p": 0.1132, "noise6070p": 0.0495, "noise7080p": 0.003, "noise8090p": 0.0001, "noise90p": 4.7848e-09 }, "geometry": { "type": "MultiPolygon", "coordinates": [ [ [ [ -97.258884999484223, 32.894750000287864 ], [ -97.256138000344606, 32.911419999610089 ], [ -97.256283000181099, 32.911428000384873 ], [ -97.255859999954509, 32.916632000320405 ], [ -97.255862000200835, 32.916712999609935 ], [ -97.255152000250007, 32.916712999629894 ], [ -97.251909999757373, 32.916704999572218 ], [ -97.251910999801808, 32.912044999750783 ], [ -97.24805499999141, 32.91206200027937 ], [ -97.24205100026613, 32.91198599997918 ], [ -97.232255000236137, 32.911979999776477 ], [ -97.232267000460709, 32.910014999665961 ], [ -97.232551999587827, 32.908768999769826 ], [ -97.23841600002271, 32.901200000225408 ], [ -97.23853900035715, 32.899032999940587 ], [ -97.23861900038473, 32.898668000034441 ], [ -97.23855999972821, 32.892518000442593 ], [ -97.244183999787452, 32.892535000203871 ], [ -97.247068000208259, 32.892557999756214 ], [ -97.254441999918569, 32.892808999996838 ], [ -97.254392000122635, 32.894541999654486 ], [ -97.258654999697711, 32.894763999866193 ], [ -97.258884999484223, 32.894750000287864 ] ] ] ] } },
{ "type": "Feature", "properties": { "GEOID": "48439113813", "NAME": "Census Tract 1138.13, Tarrant County, Texas", "variable": "B01003_001", "estimate": 5640, "moe": 529, "coverage_all": 4456.7456, "coverage_na": 3888.5844, "coverage_4050": 150.9461, "coverage_5060": 276.452, "coverage_6070": 140.7631, "coverage_7080": 0.0, "coverage_8090": 0.0, "coverage_90": 0.0, "noise4050n": 190.9243, "noise5060n": 349.1296, "noise6070n": 178.2579, "noise7080n": 0.0, "noise8090n": 0.0, "noise90n": 0.0, "noise4050p": 0.0339, "noise5060p": 0.062, "noise6070p": 0.0316, "noise7080p": 0.0, "noise8090p": 0.0, "noise90p": 0.0 }, "geometry": { "type": "MultiPolygon", "coordinates": [ [ [ [ -97.23861900038473, 32.898668000034441 ], [ -97.23853900035715, 32.899032999940587 ], [ -97.23841600002271, 32.901200000225408 ], [ -97.232551999587827, 32.908768999769826 ], [ -97.232267000460709, 32.910014999665961 ], [ -97.232255000236137, 32.911979999776477 ], [ -97.225830000332735, 32.911812999943116 ], [ -97.225811000483603, 32.907842000433043 ], [ -97.21663799975822, 32.907550000037084 ], [ -97.214444999590498, 32.907563999793155 ], [ -97.214457999664248, 32.900882000108382 ], [ -97.214217000443739, 32.900289999901958 ], [ -97.213936999737697, 32.898727999829326 ], [ -97.21396400026849, 32.897016999900487 ], [ -97.213971000451593, 32.895955999658185 ], [ -97.213992000145325, 32.893061000282088 ], [ -97.214185999717827, 32.891891000237322 ], [ -97.217327000456805, 32.891942000039116 ], [ -97.225816999882426, 32.892362999999108 ], [ -97.225986000066811, 32.892363999964687 ], [ -97.229033999591422, 32.892382999671867 ], [ -97.238530999703869, 32.892414000052099 ], [ -97.23855999972821, 32.892518000442593 ], [ -97.23861900038473, 32.898668000034441 ] ] ] ] } },
{ "type": "Feature", "properties": { "GEOID": "48439113814", "NAME": "Census Tract 1138.14, Tarrant County, Texas", "variable": "B01003_001", "estimate": 4599, "moe": 514, "coverage_all": 4218.3933, "coverage_na": 3530.7772, "coverage_4050": 237.6608, "coverage_5060": 274.1114, "coverage_6070": 164.1909, "coverage_7080": 11.6528, "coverage_8090": 0.0, "coverage_90": 0.0, "noise4050n": 264.4638, "noise5060n": 307.6138, "noise6070n": 194.1358, "noise7080n": 11.8629, "noise8090n": 0.0, "noise90n": 0.0, "noise4050p": 0.0563, "noise5060p": 0.065, "noise6070p": 0.0389, "noise7080p": 0.0028, "noise8090p": 0.0, "noise90p": 0.0 }, "geometry": { "type": "MultiPolygon", "coordinates": [ [ [ [ -97.214444999590498, 32.907563999793155 ], [ -97.210653999509574, 32.90759299966129 ], [ -97.201262000050065, 32.907555999860229 ], [ -97.19774499968787, 32.907553000093046 ], [ -97.197753999770342, 32.905729999963178 ], [ -97.192441000065571, 32.905616999988354 ], [ -97.193571000503624, 32.90402300012498 ], [ -97.189220999828194, 32.904022999822082 ], [ -97.18625600001279, 32.903847999747732 ], [ -97.186010000065224, 32.902329000437987 ], [ -97.185961000094437, 32.892566999946233 ], [ -97.185960000213555, 32.889182000236708 ], [ -97.185959000480182, 32.888885999884451 ], [ -97.18596000034411, 32.887484000227317 ], [ -97.185964000056913, 32.885316999629282 ], [ -97.185963000416336, 32.883842000097196 ], [ -97.187099000460137, 32.883881000387937 ], [ -97.187103999741737, 32.884198999823695 ], [ -97.186462999563574, 32.884168999628095 ], [ -97.186343000306366, 32.884404000108667 ], [ -97.186444000311383, 32.884782999747543 ], [ -97.186632999876011, 32.885091999691511 ], [ -97.187062000220664, 32.885599000371869 ], [ -97.187301000025755, 32.885739999802048 ], [ -97.189189999533795, 32.885685999697039 ], [ -97.189441000346918, 32.887225000087184 ], [ -97.190375999727891, 32.887434000011112 ], [ -97.193985000315649, 32.890089000281371 ], [ -97.194804000471365, 32.891514999599295 ], [ -97.194259000230375, 32.892839000351351 ], [ -97.199847000337073, 32.893808000075353 ], [ -97.201037000451237, 32.894874000020749 ], [ -97.204543999855034, 32.895868000079687 ], [ -97.204022999837449, 32.896563000071943 ], [ -97.207273999525384, 32.896557000437717 ], [ -97.207486000293102, 32.897502000418775 ], [ -97.208014999956532, 32.89771400001419 ], [ -97.21164799971335, 32.89953499964377 ], [ -97.213936999737697, 32.898727999829326 ], [ -97.214217000443739, 32.900289999901958 ], [ -97.214457999664248, 32.900882000108382 ], [ -97.214444999590498, 32.907563999793155 ] ] ] ] } },
{ "type": "Feature", "properties": { "GEOID": "48439113815", "NAME": "Census Tract 1138.15, Tarrant County, Texas", "variable": "B01003_001", "estimate": 6378, "moe": 572, "coverage_all": 5976.9993, "coverage_na": 5514.868, "coverage_4050": 147.7522, "coverage_5060": 292.5562, "coverage_6070": 19.2677, "coverage_7080": 2.5552, "coverage_8090": 0.0, "coverage_90": 0.0, "noise4050n": 158.1669, "noise5060n": 314.5442, "noise6070n": 15.7053, "noise7080n": 2.0089, "noise8090n": 0.0, "noise90n": 0.0, "noise4050p": 0.0247, "noise5060p": 0.0489, "noise6070p": 0.0032, "noise7080p": 0.0004, "noise8090p": 0.0, "noise90p": 0.0 }, "geometry": { "type": "MultiPolygon", "coordinates": [ [ [ [ -97.220456999551715, 32.926499000068034 ], [ -97.219719000404723, 32.928679999892097 ], [ -97.217048000525452, 32.926028000004663 ], [ -97.217094000321453, 32.925289000006714 ], [ -97.213992999550385, 32.924064000218095 ], [ -97.20961700037536, 32.924766999605431 ], [ -97.208661999854968, 32.925748000086124 ], [ -97.20826299996196, 32.925351000139727 ], [ -97.205071999910317, 32.925441000248561 ], [ -97.201856000297113, 32.923527000230351 ], [ -97.200677999682839, 32.92339099983473 ], [ -97.200669000362282, 32.92335000029 ], [ -97.200206999838528, 32.923144000016777 ], [ -97.199999000287207, 32.92309399972379 ], [ -97.199846000521646, 32.923023000232114 ], [ -97.1996159994724, 32.922992000148263 ], [ -97.19940199957658, 32.922999999671781 ], [ -97.199220000268269, 32.922949000431942 ], [ -97.198952000373794, 32.922787000352592 ], [ -97.198881999802779, 32.922772000272545 ], [ -97.197324000381229, 32.921442000262545 ], [ -97.196248000054226, 32.921190999827523 ], [ -97.195845999897003, 32.919976999744485 ], [ -97.193453999614007, 32.921564999900582 ], [ -97.189501999716455, 32.920600000367727 ], [ -97.188498000020445, 32.919021999751244 ], [ -97.186671000124875, 32.91872299961345 ], [ -97.186471999684585, 32.916053999771094 ], [ -97.18657000039633, 32.915318000115597 ], [ -97.18786800029504, 32.911952000224559 ], [ -97.187946999830316, 32.911756999781218 ], [ -97.188058000285267, 32.911517999641347 ], [ -97.188467999913058, 32.910794000015287 ], [ -97.192441000065571, 32.905616999988354 ], [ -97.197753999770342, 32.905729999963178 ], [ -97.19774499968787, 32.907553000093046 ], [ -97.201262000050065, 32.907555999860229 ], [ -97.210653999509574, 32.90759299966129 ], [ -97.214444999590498, 32.907563999793155 ], [ -97.21663799975822, 32.907550000037084 ], [ -97.216622000015974, 32.911301000276914 ], [ -97.220435999771539, 32.912141999562017 ], [ -97.220456999551715, 32.926499000068034 ] ] ] ] } },
{ "type": "Feature", "properties": { "GEOID": "48439113816", "NAME": "Census Tract 1138.16, Tarrant County, Texas", "variable": "B01003_001", "estimate": 5246, "moe": 511, "coverage_all": 6309.3603, "coverage_na": 5031.7997, "coverage_4050": 624.4298, "coverage_5060": 496.0732, "coverage_6070": 147.6884, "coverage_7080": 7.8668, "coverage_8090": 1.5023, "coverage_90": 0.0, "noise4050n": 456.401, "noise5060n": 384.3677, "noise6070n": 112.6626, "noise7080n": 5.4163, "noise8090n": 1.0343, "noise90n": 0.0, "noise4050p": 0.099, "noise5060p": 0.0786, "noise6070p": 0.0234, "noise7080p": 0.0012, "noise8090p": 0.0002, "noise90p": 0.0 }, "geometry": { "type": "MultiPolygon", "coordinates": [ [ [ [ -97.255165000433863, 32.928977000268006 ], [ -97.253906999907201, 32.928992999587962 ], [ -97.249654999895498, 32.927388000403873 ], [ -97.24872999997126, 32.926242000103294 ], [ -97.24926499964306, 32.925159999709138 ], [ -97.247451999999001, 32.923788999608327 ], [ -97.244541999645449, 32.925292000384921 ], [ -97.242973999534499, 32.927195999698235 ], [ -97.240971999972189, 32.92756599995738 ], [ -97.239439000331245, 32.926546999959882 ], [ -97.234030000490819, 32.926939999596584 ], [ -97.232116000185258, 32.92658000028689 ], [ -97.22519899987573, 32.927849999763929 ], [ -97.224065999998587, 32.926809999744073 ], [ -97.221921999785536, 32.927116999952126 ], [ -97.22126899965582, 32.928662000348105 ], [ -97.219719000404723, 32.928679999892097 ], [ -97.220456999551715, 32.926499000068034 ], [ -97.220435999771539, 32.912141999562017 ], [ -97.216622000015974, 32.911301000276914 ], [ -97.21663799975822, 32.907550000037084 ], [ -97.225811000483603, 32.907842000433043 ], [ -97.225830000332735, 32.911812999943116 ], [ -97.232255000236137, 32.911979999776477 ], [ -97.24205100026613, 32.91198599997918 ], [ -97.24805499999141, 32.91206200027937 ], [ -97.251910999801808, 32.912044999750783 ], [ -97.251909999757373, 32.916704999572218 ], [ -97.255152000250007, 32.916712999629894 ], [ -97.255862000200835, 32.916712999609935 ], [ -97.255165000433863, 32.928977000268006 ] ] ] ] } },
{ "type": "Feature", "properties": { "GEOID": "48439113906", "NAME": "Census Tract 1139.06, Tarrant County, Texas", "variable": "B01003_001", "estimate": 7336, "moe": 834, "coverage_all": 14656.1217, "coverage_na": 11374.9945, "coverage_4050": 1732.3412, "coverage_5060": 1091.2838, "coverage_6070": 349.7747, "coverage_7080": 99.6015, "coverage_8090": 8.126, "coverage_90": 0.0, "noise4050n": 722.9092, "noise5060n": 533.4834, "noise6070n": 171.5917, "noise7080n": 38.7986, "noise8090n": 2.6383, "noise90n": 0.0, "noise4050p": 0.1182, "noise5060p": 0.0745, "noise6070p": 0.0239, "noise7080p": 0.0068, "noise8090p": 0.0006, "noise90p": 0.0 }, "geometry": { "type": "MultiPolygon", "coordinates": [ [ [ [ -97.185828999930052, 32.960564000111283 ], [ -97.184267000489669, 32.960601999688151 ], [ -97.181576000144446, 32.960656000028358 ], [ -97.181447999487489, 32.96298099962619 ], [ -97.178943000280668, 32.963367999604976 ], [ -97.178886000448358, 32.966330000249542 ], [ -97.178224999790089, 32.967618999742605 ], [ -97.178098000000375, 32.970688999798327 ], [ -97.180256000152639, 32.972809999926604 ], [ -97.180556999464272, 32.977620999821454 ], [ -97.184118000280037, 32.978004999833715 ], [ -97.184188999719211, 32.978008000287737 ], [ -97.18534400025527, 32.983188000314449 ], [ -97.184933000448268, 32.984311999656349 ], [ -97.184119000044305, 32.985256000397371 ], [ -97.182701999589838, 32.986888000135579 ], [ -97.182369000406197, 32.987584999813464 ], [ -97.181450000115149, 32.989816999884262 ], [ -97.184355999490037, 32.990669999576923 ], [ -97.183810000319966, 32.990666999750154 ], [ -97.169188999491283, 32.990575999787858 ], [ -97.167258999855164, 32.990564000135755 ], [ -97.167256999689911, 32.987117999686895 ], [ -97.167211000081636, 32.986126999921908 ], [ -97.168047000093836, 32.985486000104075 ], [ -97.168105000400985, 32.983666000295806 ], [ -97.167170000400958, 32.982857999744787 ], [ -97.1624029995493, 32.976247000405031 ], [ -97.160410999715211, 32.973923000037097 ], [ -97.158768999697529, 32.970401000014 ], [ -97.156435000345127, 32.964871999639591 ], [ -97.155404999667596, 32.963581999872794 ], [ -97.153440999723799, 32.962016000263034 ], [ -97.15096200023045, 32.961011000121587 ], [ -97.151017999919105, 32.941530000361468 ], [ -97.155599000352666, 32.941073999660226 ], [ -97.16272299954548, 32.941237000041184 ], [ -97.171350999573377, 32.941429000029359 ], [ -97.177031999458748, 32.941428999695049 ], [ -97.180745999570505, 32.940738999581583 ], [ -97.185802999779611, 32.937604000072042 ], [ -97.185741000220347, 32.948839000150613 ], [ -97.185671999762349, 32.954550999580611 ], [ -97.185676000293441, 32.956126999689907 ], [ -97.18567300010929, 32.957090999693065 ], [ -97.185834000312227, 32.960261999775526 ], [ -97.185828999930052, 32.960564000111283 ] ] ] ] } },
{ "type": "Feature", "properties": { "GEOID": "48439113908", "NAME": "Census Tract 1139.08, Tarrant County, Texas", "variable": "B01003_001", "estimate": 5233, "moe": 524, "coverage_all": 6876.413, "coverage_na": 6248.5337, "coverage_4050": 211.252, "coverage_5060": 296.0783, "coverage_6070": 105.3065, "coverage_7080": 15.2424, "coverage_8090": 0.0, "coverage_90": 0.0, "noise4050n": 150.5008, "noise5060n": 207.1895, "noise6070n": 66.6888, "noise7080n": 9.1903, "noise8090n": 0.0, "noise90n": 0.0, "noise4050p": 0.0307, "noise5060p": 0.0431, "noise6070p": 0.0153, "noise7080p": 0.0022, "noise8090p": 0.0, "noise90p": 0.0 }, "geometry": { "type": "MultiPolygon", "coordinates": [ [ [ [ -97.186763999801727, 32.921463999928378 ], [ -97.1861789997876, 32.923988000412173 ], [ -97.186122999829763, 32.924243000185058 ], [ -97.185976999890315, 32.925063000054337 ], [ -97.185792000473754, 32.933444999685257 ], [ -97.185802999779611, 32.937604000072042 ], [ -97.180745999570505, 32.940738999581583 ], [ -97.177031999458748, 32.941428999695049 ], [ -97.171350999573377, 32.941429000029359 ], [ -97.16272299954548, 32.941237000041184 ], [ -97.155599000352666, 32.941073999660226 ], [ -97.151017999919105, 32.941530000361468 ], [ -97.151087000087941, 32.94029500033718 ], [ -97.153713999671638, 32.937484999989358 ], [ -97.155214000241529, 32.934714000336676 ], [ -97.155918999495825, 32.92641199969141 ], [ -97.156560000196563, 32.925339999927466 ], [ -97.157728000333151, 32.919856999779739 ], [ -97.158854000066995, 32.921685999917372 ], [ -97.161161999544333, 32.920156000309404 ], [ -97.163403000413496, 32.921449999667949 ], [ -97.167947999796709, 32.92369599970462 ], [ -97.170078999832128, 32.922708000325535 ], [ -97.172197000028277, 32.922489999603791 ], [ -97.173629999705739, 32.923104999736985 ], [ -97.174374000360856, 32.921916999693863 ], [ -97.17689100001077, 32.922560000343303 ], [ -97.178465000187529, 32.923444999906778 ], [ -97.181196000307125, 32.920893999713911 ], [ -97.182167000315118, 32.921559000266377 ], [ -97.183241999498108, 32.921087000090964 ], [ -97.18255599985406, 32.918905000284703 ], [ -97.183755000088709, 32.918145000297827 ], [ -97.186671000124875, 32.91872299961345 ], [ -97.186763999801727, 32.921463999928378 ] ] ] ] } },
{ "type": "Feature", "properties": { "GEOID": "48439113912", "NAME": "Census Tract 1139.12, Tarrant County, Texas", "variable": "B01003_001", "estimate": 6075, "moe": 498, "coverage_all": 9828.7609, "coverage_na": 8870.1763, "coverage_4050": 404.7225, "coverage_5060": 365.5612, "coverage_6070": 168.6496, "coverage_7080": 19.6513, "coverage_8090": 0.0, "coverage_90": 0.0, "noise4050n": 229.1454, "noise5060n": 237.8581, "noise6070n": 94.3093, "noise7080n": 10.2267, "noise8090n": 0.0, "noise90n": 0.0, "noise4050p": 0.0412, "noise5060p": 0.0372, "noise6070p": 0.0172, "noise7080p": 0.002, "noise8090p": 0.0, "noise90p": 0.0 }, "geometry": { "type": "MultiPolygon", "coordinates": [ [ [ [ -97.220484999813223, 32.947195000061548 ], [ -97.22045799965494, 32.948199999846253 ], [ -97.217057000336382, 32.9493250003989 ], [ -97.216984999904, 32.950857000371336 ], [ -97.210858999573844, 32.950608999794667 ], [ -97.210813999848426, 32.94930200039709 ], [ -97.208683999889672, 32.949253000095453 ], [ -97.207155999492656, 32.948964999898052 ], [ -97.203040000305606, 32.948921000238698 ], [ -97.185741000220347, 32.948839000150613 ], [ -97.185802999779611, 32.937604000072042 ], [ -97.185792000473754, 32.933444999685257 ], [ -97.185976999890315, 32.925063000054337 ], [ -97.186122999829763, 32.924243000185058 ], [ -97.1861789997876, 32.923988000412173 ], [ -97.186763999801727, 32.921463999928378 ], [ -97.186671000124875, 32.91872299961345 ], [ -97.188498000020445, 32.919021999751244 ], [ -97.189501999716455, 32.920600000367727 ], [ -97.193453999614007, 32.921564999900582 ], [ -97.195845999897003, 32.919976999744485 ], [ -97.196248000054226, 32.921190999827523 ], [ -97.197324000381229, 32.921442000262545 ], [ -97.198881999802779, 32.922772000272545 ], [ -97.198952000373794, 32.922787000352592 ], [ -97.199220000268269, 32.922949000431942 ], [ -97.19940199957658, 32.922999999671781 ], [ -97.1996159994724, 32.922992000148263 ], [ -97.199846000521646, 32.923023000232114 ], [ -97.199999000287207, 32.92309399972379 ], [ -97.200206999838528, 32.923144000016777 ], [ -97.200669000362282, 32.92335000029 ], [ -97.200677999682839, 32.92339099983473 ], [ -97.201856000297113, 32.923527000230351 ], [ -97.205071999910317, 32.925441000248561 ], [ -97.20826299996196, 32.925351000139727 ], [ -97.208661999854968, 32.925748000086124 ], [ -97.20961700037536, 32.924766999605431 ], [ -97.213992999550385, 32.924064000218095 ], [ -97.217094000321453, 32.925289000006714 ], [ -97.217048000525452, 32.926028000004663 ], [ -97.219719000404723, 32.928679999892097 ], [ -97.218567000107313, 32.931919000076164 ], [ -97.218498000458581, 32.934513000089112 ], [ -97.216129000237657, 32.934558999558973 ], [ -97.216240000244611, 32.941774000340729 ], [ -97.220550000058509, 32.941800000428145 ], [ -97.220484999813223, 32.947195000061548 ] ] ] ] } },
{ "type": "Feature", "properties": { "GEOID": "48439113916", "NAME": "Census Tract 1139.16, Tarrant County, Texas", "variable": "B01003_001", "estimate": 4152, "moe": 583, "coverage_all": 2037.9529, "coverage_na": 199.5693, "coverage_4050": 1597.3517, "coverage_5060": 169.5504, "coverage_6070": 71.4815, "coverage_7080": 0.0, "coverage_8090": 0.0, "coverage_90": 0.0, "noise4050n": 3407.3159, "noise5060n": 326.2646, "noise6070n": 110.7821, "noise7080n": 0.0, "noise8090n": 0.0, "noise90n": 0.0, "noise4050p": 0.7838, "noise5060p": 0.0832, "noise6070p": 0.0351, "noise7080p": 0.0, "noise8090p": 0.0, "noise90p": 0.0 }, "geometry": { "type": "MultiPolygon", "coordinates": [ [ [ [ -97.306685999890874, 32.865482000413969 ], [ -97.305355000467799, 32.866403000336085 ], [ -97.303990999799353, 32.865342000345457 ], [ -97.303714999828415, 32.865743999843318 ], [ -97.305809000244281, 32.871172999663969 ], [ -97.306049999859994, 32.872692000206293 ], [ -97.301864999863867, 32.872679999702548 ], [ -97.297144000272894, 32.873215999581809 ], [ -97.29269800051506, 32.873206000082469 ], [ -97.290435999458225, 32.87259999973967 ], [ -97.290908000344899, 32.871424999837842 ], [ -97.291325999846066, 32.869752000365033 ], [ -97.291364999467476, 32.868625000116602 ], [ -97.291380999509258, 32.866816000317826 ], [ -97.29125099984978, 32.864877000408057 ], [ -97.290072999727116, 32.860969999787557 ], [ -97.304744999706045, 32.861037000251201 ], [ -97.307011999878156, 32.860942999817183 ], [ -97.306685999890874, 32.865482000413969 ] ] ] ] } },
{ "type": "Feature", "properties": { "GEOID": "48439113917", "NAME": "Census Tract 1139.17, Tarrant County, Texas", "variable": "B01003_001", "estimate": 7680, "moe": 1014, "coverage_all": 2686.046, "coverage_na": 1757.5087, "coverage_4050": 461.278, "coverage_5060": 318.8152, "coverage_6070": 130.8696, "coverage_7080": 15.3981, "coverage_8090": 2.1764, "coverage_90": 0.0, "noise4050n": 1378.5603, "noise5060n": 990.5181, "noise6070n": 392.9448, "noise7080n": 50.0871, "noise8090n": 7.0795, "noise90n": 0.0, "noise4050p": 0.1717, "noise5060p": 0.1187, "noise6070p": 0.0487, "noise7080p": 0.0057, "noise8090p": 0.0008, "noise90p": 0.0 }, "geometry": { "type": "MultiPolygon", "coordinates": [ [ [ [ -97.285297000179241, 32.861097999923516 ], [ -97.285201999576373, 32.867179000265587 ], [ -97.284717999708164, 32.868295000430159 ], [ -97.283337999898336, 32.867600999975849 ], [ -97.281692000387181, 32.867358000282252 ], [ -97.280750000388707, 32.867249999672296 ], [ -97.27883099949284, 32.867364000255414 ], [ -97.278351000434299, 32.871477999741337 ], [ -97.276609000037098, 32.871715999921598 ], [ -97.276156000166282, 32.871836999636955 ], [ -97.275208000192308, 32.872150999654622 ], [ -97.272688999969716, 32.873344000046664 ], [ -97.272512999656257, 32.873425999663127 ], [ -97.270792999667222, 32.873975000136049 ], [ -97.269015000098179, 32.874101999883763 ], [ -97.262279000136033, 32.874071999756111 ], [ -97.26338200001554, 32.868188000263892 ], [ -97.263440999990706, 32.867820000395255 ], [ -97.264611999922877, 32.860581000226915 ], [ -97.267075999892953, 32.860824999965224 ], [ -97.269038999613286, 32.860818999872798 ], [ -97.2723779996752, 32.860804999932732 ], [ -97.280503999481539, 32.860850000403715 ], [ -97.281524000045806, 32.860877000199515 ], [ -97.281666000234537, 32.860881000004319 ], [ -97.285290999810584, 32.860923000280934 ], [ -97.285297000179241, 32.861097999923516 ] ] ] ] } },
{ "type": "Feature", "properties": { "GEOID": "48439113918", "NAME": "Census Tract 1139.18, Tarrant County, Texas", "variable": "B01003_001", "estimate": 5670, "moe": 793, "coverage_all": 1810.7922, "coverage_na": 1054.8389, "coverage_4050": 506.2827, "coverage_5060": 145.733, "coverage_6070": 101.1387, "coverage_7080": 2.7989, "coverage_8090": 0.0, "coverage_90": 0.0, "noise4050n": 1598.8104, "noise5060n": 436.9617, "noise6070n": 320.5386, "noise7080n": 7.9021, "noise8090n": 0.0, "noise90n": 0.0, "noise4050p": 0.2796, "noise5060p": 0.0805, "noise6070p": 0.0559, "noise7080p": 0.0015, "noise8090p": 0.0, "noise90p": 0.0 }, "geometry": { "type": "MultiPolygon", "coordinates": [ [ [ [ -97.291364999467476, 32.868625000116602 ], [ -97.291325999846066, 32.869752000365033 ], [ -97.290908000344899, 32.871424999837842 ], [ -97.290435999458225, 32.87259999973967 ], [ -97.289931000309537, 32.874049000316546 ], [ -97.289794000220894, 32.876361999965667 ], [ -97.289775000406976, 32.877850999576332 ], [ -97.284080999581121, 32.877812999855429 ], [ -97.27981900013495, 32.877786000308966 ], [ -97.279772000360481, 32.875888000432326 ], [ -97.27837999988985, 32.87330299979525 ], [ -97.278351000434299, 32.871477999741337 ], [ -97.27883099949284, 32.867364000255414 ], [ -97.280750000388707, 32.867249999672296 ], [ -97.281692000387181, 32.867358000282252 ], [ -97.283337999898336, 32.867600999975849 ], [ -97.284717999708164, 32.868295000430159 ], [ -97.285201999576373, 32.867179000265587 ], [ -97.285297000179241, 32.861097999923516 ], [ -97.285290999810584, 32.860923000280934 ], [ -97.28988000012788, 32.860966999959373 ], [ -97.290072999727116, 32.860969999787557 ], [ -97.29125099984978, 32.864877000408057 ], [ -97.291380999509258, 32.866816000317826 ], [ -97.291364999467476, 32.868625000116602 ] ] ] ] } },
{ "type": "Feature", "properties": { "GEOID": "48439113919", "NAME": "Census Tract 1139.19, Tarrant County, Texas", "variable": "B01003_001", "estimate": 7520, "moe": 1117, "coverage_all": 3601.6634, "coverage_na": 2946.9049, "coverage_4050": 430.4415, "coverage_5060": 142.6788, "coverage_6070": 81.6381, "coverage_7080": 0.0, "coverage_8090": 0.0, "coverage_90": 0.0, "noise4050n": 967.2997, "noise5060n": 300.3298, "noise6070n": 194.2209, "noise7080n": 0.0, "noise8090n": 0.0, "noise90n": 0.0, "noise4050p": 0.1195, "noise5060p": 0.0396, "noise6070p": 0.0227, "noise7080p": 0.0, "noise8090p": 0.0, "noise90p": 0.0 }, "geometry": { "type": "MultiPolygon", "coordinates": [ [ [ [ -97.289710999803887, 32.884104999657929 ], [ -97.289692999672582, 32.88564700024456 ], [ -97.289676999929057, 32.890752000201061 ], [ -97.289584000442161, 32.892804999740044 ], [ -97.289638000350578, 32.893873000403175 ], [ -97.284639999711757, 32.892516000048985 ], [ -97.281829999949665, 32.89250700020677 ], [ -97.277768999939795, 32.892653999751772 ], [ -97.276744000509808, 32.892881999686516 ], [ -97.272402999569081, 32.894661000018779 ], [ -97.272630000467927, 32.890587999557447 ], [ -97.272970999560286, 32.889302000205021 ], [ -97.273653999915197, 32.886105000122576 ], [ -97.273412000130762, 32.884410999674301 ], [ -97.273024999571334, 32.882831999637745 ], [ -97.271129000116829, 32.880035000025877 ], [ -97.269379000336457, 32.87742799971177 ], [ -97.268988000326445, 32.874310999895393 ], [ -97.269015000098179, 32.874101999883763 ], [ -97.270792999667222, 32.873975000136049 ], [ -97.272512999656257, 32.873425999663127 ], [ -97.272688999969716, 32.873344000046664 ], [ -97.275208000192308, 32.872150999654622 ], [ -97.276156000166282, 32.871836999636955 ], [ -97.276609000037098, 32.871715999921598 ], [ -97.278351000434299, 32.871477999741337 ], [ -97.27837999988985, 32.87330299979525 ], [ -97.279772000360481, 32.875888000432326 ], [ -97.27981900013495, 32.877786000308966 ], [ -97.284080999581121, 32.877812999855429 ], [ -97.289775000406976, 32.877850999576332 ], [ -97.289710999803887, 32.884104999657929 ] ] ] ] } },
{ "type": "Feature", "properties": { "GEOID": "48439113920", "NAME": "Census Tract 1139.20, Tarrant County, Texas", "variable": "B01003_001", "estimate": 6568, "moe": 653, "coverage_all": 2702.2746, "coverage_na": 1553.7474, "coverage_4050": 579.001, "coverage_5060": 428.2845, "coverage_6070": 110.1159, "coverage_7080": 24.3695, "coverage_8090": 5.8467, "coverage_90": 0.9096, "noise4050n": 1387.2977, "noise5060n": 974.502, "noise6070n": 243.3741, "noise7080n": 54.1032, "noise8090n": 12.6572, "noise90n": 2.0953, "noise4050p": 0.2143, "noise5060p": 0.1585, "noise6070p": 0.0407, "noise7080p": 0.009, "noise8090p": 0.0022, "noise90p": 0.0003 }, "geometry": { "type": "MultiPolygon", "coordinates": [ [ [ [ -97.273653999915197, 32.886105000122576 ], [ -97.272970999560286, 32.889302000205021 ], [ -97.272630000467927, 32.890587999557447 ], [ -97.272402999569081, 32.894661000018779 ], [ -97.271422999558396, 32.894803999939363 ], [ -97.258884999484223, 32.894750000287864 ], [ -97.260168999781712, 32.886957000078965 ], [ -97.261188999714363, 32.880687999979145 ], [ -97.261209999728067, 32.880562000137914 ], [ -97.262251000183923, 32.874262999837349 ], [ -97.262279000136033, 32.874071999756111 ], [ -97.269015000098179, 32.874101999883763 ], [ -97.268988000326445, 32.874310999895393 ], [ -97.269379000336457, 32.87742799971177 ], [ -97.271129000116829, 32.880035000025877 ], [ -97.273024999571334, 32.882831999637745 ], [ -97.273412000130762, 32.884410999674301 ], [ -97.273653999915197, 32.886105000122576 ] ] ] ] } },
{ "type": "Feature", "properties": { "GEOID": "48439113923", "NAME": "Census Tract 1139.23, Tarrant County, Texas", "variable": "B01003_001", "estimate": 5044, "moe": 781, "coverage_all": 4313.8361, "coverage_na": 795.4307, "coverage_4050": 2626.2506, "coverage_5060": 540.8484, "coverage_6070": 223.6292, "coverage_7080": 78.3111, "coverage_8090": 49.3661, "coverage_90": 0.0, "noise4050n": 2123.9403, "noise5060n": 490.807, "noise6070n": 220.8306, "noise7080n": 65.2665, "noise8090n": 54.7441, "noise90n": 0.0, "noise4050p": 0.6088, "noise5060p": 0.1254, "noise6070p": 0.0518, "noise7080p": 0.0182, "noise8090p": 0.0114, "noise90p": 0.0 }, "geometry": { "type": "MultiPolygon", "coordinates": [ [ [ [ -97.317073000345502, 32.887388999663052 ], [ -97.317078999728125, 32.89064999975696 ], [ -97.317054000510367, 32.898340000385659 ], [ -97.316799999852265, 32.898328000202333 ], [ -97.313931999835901, 32.898218000352031 ], [ -97.31023400045116, 32.896092000088871 ], [ -97.306958999575158, 32.895803999579272 ], [ -97.306971000463946, 32.890776999811429 ], [ -97.306831000050877, 32.881272999710781 ], [ -97.30629099991107, 32.880023000284133 ], [ -97.304304000181403, 32.878293000281197 ], [ -97.304969000088434, 32.87706500029666 ], [ -97.306049999859994, 32.872692000206293 ], [ -97.305809000244281, 32.871172999663969 ], [ -97.303714999828415, 32.865743999843318 ], [ -97.303990999799353, 32.865342000345457 ], [ -97.305355000467799, 32.866403000336085 ], [ -97.306685999890874, 32.865482000413969 ], [ -97.307011999878156, 32.860942999817183 ], [ -97.308165999512681, 32.860817999852763 ], [ -97.30943699946863, 32.860801000156023 ], [ -97.311846000239072, 32.860760000142314 ], [ -97.314212999659034, 32.860891999984382 ], [ -97.314561000142064, 32.862564000086536 ], [ -97.316724999526784, 32.872694999660297 ], [ -97.317011000158502, 32.87476300006179 ], [ -97.317090999987627, 32.881799000083774 ], [ -97.317073000345502, 32.887388999663052 ] ] ] ] } },
{ "type": "Feature", "properties": { "GEOID": "48439113924", "NAME": "Census Tract 1139.24, Tarrant County, Texas", "variable": "B01003_001", "estimate": 5473, "moe": 716, "coverage_all": 2619.4295, "coverage_na": 0.0, "coverage_4050": 2339.1098, "coverage_5060": 235.1991, "coverage_6070": 45.1206, "coverage_7080": 0.0, "coverage_8090": 0.0, "coverage_90": 0.0, "noise4050n": 4917.7094, "noise5060n": 459.091, "noise6070n": 96.1997, "noise7080n": 0.0, "noise8090n": 0.0, "noise90n": 0.0, "noise4050p": 0.893, "noise5060p": 0.0898, "noise6070p": 0.0172, "noise7080p": 0.0, "noise8090p": 0.0, "noise90p": 0.0 }, "geometry": { "type": "MultiPolygon", "coordinates": [ [ [ [ -97.306958999575158, 32.895803999579272 ], [ -97.302105000144309, 32.89523900025366 ], [ -97.292902999630257, 32.894846000289675 ], [ -97.289638000350578, 32.893873000403175 ], [ -97.289584000442161, 32.892804999740044 ], [ -97.289676999929057, 32.890752000201061 ], [ -97.289692999672582, 32.88564700024456 ], [ -97.29271000010587, 32.885617999888673 ], [ -97.293610000102831, 32.88563799996259 ], [ -97.29790500035466, 32.885652000439514 ], [ -97.298604000090478, 32.879257999773969 ], [ -97.298341000087376, 32.877454000253351 ], [ -97.303095000027014, 32.877395000159055 ], [ -97.304304000181403, 32.878293000281197 ], [ -97.30629099991107, 32.880023000284133 ], [ -97.306831000050877, 32.881272999710781 ], [ -97.306971000463946, 32.890776999811429 ], [ -97.306958999575158, 32.895803999579272 ] ] ] ] } },
{ "type": "Feature", "properties": { "GEOID": "48439113925", "NAME": "Census Tract 1139.25, Tarrant County, Texas", "variable": "B01003_001", "estimate": 4070, "moe": 685, "coverage_all": 1621.2563, "coverage_na": 0.0, "coverage_4050": 1480.0374, "coverage_5060": 135.7235, "coverage_6070": 5.2943, "coverage_7080": 0.2011, "coverage_8090": 0.0, "coverage_90": 0.0, "noise4050n": 3737.0058, "noise5060n": 318.8468, "noise6070n": 13.6971, "noise7080n": 0.4503, "noise8090n": 0.0, "noise90n": 0.0, "noise4050p": 0.9129, "noise5060p": 0.0837, "noise6070p": 0.0033, "noise7080p": 0.0001, "noise8090p": 0.0, "noise90p": 0.0 }, "geometry": { "type": "MultiPolygon", "coordinates": [ [ [ [ -97.304969000088434, 32.87706500029666 ], [ -97.304304000181403, 32.878293000281197 ], [ -97.303095000027014, 32.877395000159055 ], [ -97.298341000087376, 32.877454000253351 ], [ -97.298604000090478, 32.879257999773969 ], [ -97.29790500035466, 32.885652000439514 ], [ -97.293610000102831, 32.88563799996259 ], [ -97.29271000010587, 32.885617999888673 ], [ -97.289692999672582, 32.88564700024456 ], [ -97.289710999803887, 32.884104999657929 ], [ -97.289775000406976, 32.877850999576332 ], [ -97.289794000220894, 32.876361999965667 ], [ -97.289931000309537, 32.874049000316546 ], [ -97.290435999458225, 32.87259999973967 ], [ -97.29269800051506, 32.873206000082469 ], [ -97.297144000272894, 32.873215999581809 ], [ -97.301864999863867, 32.872679999702548 ], [ -97.306049999859994, 32.872692000206293 ], [ -97.304969000088434, 32.87706500029666 ] ] ] ] } },
{ "type": "Feature", "properties": { "GEOID": "48439113930", "NAME": "Census Tract 1139.30, Tarrant County, Texas", "variable": "B01003_001", "estimate": 11284, "moe": 1959, "coverage_all": 9534.2725, "coverage_na": 6712.64, "coverage_4050": 1792.3336, "coverage_5060": 732.1569, "coverage_6070": 229.2745, "coverage_7080": 48.4181, "coverage_8090": 19.4494, "coverage_90": 0.0, "noise4050n": 2830.891, "noise5060n": 831.1261, "noise6070n": 175.3598, "noise7080n": 32.8326, "noise8090n": 16.3572, "noise90n": 0.0, "noise4050p": 0.188, "noise5060p": 0.0768, "noise6070p": 0.024, "noise7080p": 0.0051, "noise8090p": 0.002, "noise90p": 0.0 }, "geometry": { "type": "MultiPolygon", "coordinates": [ [ [ [ -97.34885299987026, 32.909777000022103 ], [ -97.348728000443714, 32.915717000301456 ], [ -97.348721000214056, 32.916024000087688 ], [ -97.342795000296533, 32.90977299967161 ], [ -97.340130999507053, 32.906892999564541 ], [ -97.336032999769571, 32.902461000128199 ], [ -97.331710000508039, 32.898789999849519 ], [ -97.331706999466036, 32.898507999852768 ], [ -97.331701000129328, 32.894342999613599 ], [ -97.331760000472713, 32.891329000371755 ], [ -97.331774000534168, 32.887342000002327 ], [ -97.331654000031662, 32.886007999709193 ], [ -97.328799000395932, 32.880732999932263 ], [ -97.328533999542998, 32.875051000353515 ], [ -97.327348999994683, 32.872640999825762 ], [ -97.316724999526784, 32.872694999660297 ], [ -97.314561000142064, 32.862564000086536 ], [ -97.314212999659034, 32.860891999984382 ], [ -97.317200999999116, 32.861010000017103 ], [ -97.321464999466357, 32.861118000147833 ], [ -97.322900999936536, 32.861134000201254 ], [ -97.327157999484911, 32.8611590003839 ], [ -97.333086000220291, 32.861229999940754 ], [ -97.334366999598046, 32.861358999590117 ], [ -97.335648999910845, 32.861349999788303 ], [ -97.338688999567268, 32.861405999648561 ], [ -97.342700999496842, 32.861508000032138 ], [ -97.342348000425574, 32.862921000216168 ], [ -97.342409000427011, 32.870807000380594 ], [ -97.342469999800798, 32.881952999638671 ], [ -97.342521999494807, 32.88332199958586 ], [ -97.342776999713593, 32.884012999716361 ], [ -97.343920999646542, 32.886286000178664 ], [ -97.346356999973921, 32.890658000241906 ], [ -97.348615999764959, 32.894369999824427 ], [ -97.348879000039787, 32.895166999912284 ], [ -97.34885299987026, 32.909777000022103 ] ] ] ] } },
{ "type": "Feature", "properties": { "GEOID": "48439113931", "NAME": "Census Tract 1139.31, Tarrant County, Texas", "variable": "B01003_001", "estimate": 11729, "moe": 2000, "coverage_all": 10537.8759, "coverage_na": 1810.1938, "coverage_4050": 5511.1229, "coverage_5060": 2405.2932, "coverage_6070": 528.5323, "coverage_7080": 220.6591, "coverage_8090": 62.0745, "coverage_90": 0.0, "noise4050n": 6964.1501, "noise5060n": 1570.4685, "noise6070n": 452.8797, "noise7080n": 124.294, "noise8090n": 59.3111, "noise90n": 0.0, "noise4050p": 0.523, "noise5060p": 0.2283, "noise6070p": 0.0502, "noise7080p": 0.0209, "noise8090p": 0.0059, "noise90p": 0.0 }, "geometry": { "type": "MultiPolygon", "coordinates": [ [ [ [ -97.331760000472713, 32.891329000371755 ], [ -97.331701000129328, 32.894342999613599 ], [ -97.331706999466036, 32.898507999852768 ], [ -97.331710000508039, 32.898789999849519 ], [ -97.331615999846221, 32.905398999799807 ], [ -97.331587999954039, 32.909768000029707 ], [ -97.33158099971682, 32.911056999734214 ], [ -97.331548999600685, 32.914552000326097 ], [ -97.331526999551386, 32.924113000449474 ], [ -97.331527000014091, 32.924172000359192 ], [ -97.331479000465421, 32.930908999710915 ], [ -97.331043999479704, 32.931311999860348 ], [ -97.324931999766591, 32.93125400043926 ], [ -97.32287999977622, 32.931273999737975 ], [ -97.32274299949357, 32.932954000156386 ], [ -97.322751999512391, 32.933397000104684 ], [ -97.322384000406188, 32.942081000434364 ], [ -97.313378000242011, 32.942046999951785 ], [ -97.312530000069032, 32.942030999929273 ], [ -97.315334000027448, 32.933383000136836 ], [ -97.316878000202578, 32.927809000181306 ], [ -97.317047999901845, 32.914479000351697 ], [ -97.317063999756868, 32.904819999939896 ], [ -97.317065999963603, 32.903212000360895 ], [ -97.317067999623461, 32.901686999632801 ], [ -97.317054000510367, 32.898340000385659 ], [ -97.317078999728125, 32.89064999975696 ], [ -97.317073000345502, 32.887388999663052 ], [ -97.317090999987627, 32.881799000083774 ], [ -97.317011000158502, 32.87476300006179 ], [ -97.316724999526784, 32.872694999660297 ], [ -97.327348999994683, 32.872640999825762 ], [ -97.328533999542998, 32.875051000353515 ], [ -97.328799000395932, 32.880732999932263 ], [ -97.331654000031662, 32.886007999709193 ], [ -97.331774000534168, 32.887342000002327 ], [ -97.331760000472713, 32.891329000371755 ] ] ] ] } },
{ "type": "Feature", "properties": { "GEOID": "48439113932", "NAME": "Census Tract 1139.32, Tarrant County, Texas", "variable": "B01003_001", "estimate": 4860, "moe": 944, "coverage_all": 30463.6565, "coverage_na": 4384.7025, "coverage_4050": 8901.6604, "coverage_5060": 10234.8833, "coverage_6070": 4871.3967, "coverage_7080": 1340.3769, "coverage_8090": 652.2482, "coverage_90": 78.3884, "noise4050n": 1669.1956, "noise5060n": 1044.5092, "noise6070n": 292.302, "noise7080n": 70.0515, "noise8090n": 2.1851, "noise90n": 1.2057, "noise4050p": 0.2922, "noise5060p": 0.336, "noise6070p": 0.1599, "noise7080p": 0.044, "noise8090p": 0.0214, "noise90p": 0.0026 }, "geometry": { "type": "MultiPolygon", "coordinates": [ [ [ [ -97.359360999508596, 32.946143000066677 ], [ -97.356056999535625, 32.955500000285944 ], [ -97.355206999482988, 32.957907000039405 ], [ -97.354179000504629, 32.960803000088482 ], [ -97.353293000351016, 32.963326000131474 ], [ -97.353784999609942, 32.965208999731317 ], [ -97.352153000472327, 32.969968000357838 ], [ -97.352145000423448, 32.970013999771048 ], [ -97.351586999842084, 32.971036999699585 ], [ -97.34802600005645, 32.974400999927553 ], [ -97.34320899988316, 32.978468000239609 ], [ -97.335164999743142, 32.984881000430001 ], [ -97.330740000237583, 32.988442000394386 ], [ -97.329583999686136, 32.989379000287059 ], [ -97.327762000388248, 32.991418000106599 ], [ -97.327047999891761, 32.991415000324274 ], [ -97.321019000467146, 32.991387999720338 ], [ -97.299650999769156, 32.991281999664317 ], [ -97.299329000148987, 32.991282000011807 ], [ -97.305337000453775, 32.982554999905034 ], [ -97.306727999564131, 32.980156999780938 ], [ -97.308173999590977, 32.975223000173983 ], [ -97.308828000211236, 32.972301999709948 ], [ -97.309505000217229, 32.972301999725993 ], [ -97.311006000115185, 32.966297999704409 ], [ -97.311256000168243, 32.958519999788791 ], [ -97.311198999829017, 32.95695300034572 ], [ -97.311150000382483, 32.949425999913643 ], [ -97.313378000242011, 32.942046999951785 ], [ -97.322384000406188, 32.942081000434364 ], [ -97.322751999512391, 32.933397000104684 ], [ -97.32274299949357, 32.932954000156386 ], [ -97.32287999977622, 32.931273999737975 ], [ -97.324931999766591, 32.93125400043926 ], [ -97.331043999479704, 32.931311999860348 ], [ -97.331479000465421, 32.930908999710915 ], [ -97.331527000014091, 32.924172000359192 ], [ -97.331526999551386, 32.924113000449474 ], [ -97.331548999600685, 32.914552000326097 ], [ -97.33158099971682, 32.911056999734214 ], [ -97.331587999954039, 32.909768000029707 ], [ -97.331615999846221, 32.905398999799807 ], [ -97.331710000508039, 32.898789999849519 ], [ -97.336032999769571, 32.902461000128199 ], [ -97.340130999507053, 32.906892999564541 ], [ -97.342795000296533, 32.90977299967161 ], [ -97.348721000214056, 32.916024000087688 ], [ -97.348817999655779, 32.924293000387564 ], [ -97.348799000431541, 32.92772499961319 ], [ -97.348731999721949, 32.93567900036934 ], [ -97.348712000008845, 32.937695999640624 ], [ -97.348627999742234, 32.946043000374239 ], [ -97.359215999680188, 32.946139999861835 ], [ -97.359360999508596, 32.946143000066677 ] ] ] ] } },
{ "type": "Feature", "properties": { "GEOID": "48439113933", "NAME": "Census Tract 1139.33, Tarrant County, Texas", "variable": "B01003_001", "estimate": 2532, "moe": 711, "coverage_all": 2872.2012, "coverage_na": 0.0, "coverage_4050": 0.0, "coverage_5060": 2617.6435, "coverage_6070": 171.947, "coverage_7080": 74.3134, "coverage_8090": 8.2974, "coverage_90": 0.0, "noise4050n": 0.0, "noise5060n": 2307.5937, "noise6070n": 151.5805, "noise7080n": 65.5112, "noise8090n": 7.3146, "noise90n": 0.0, "noise4050p": 0.0, "noise5060p": 0.9114, "noise6070p": 0.0599, "noise7080p": 0.0259, "noise8090p": 0.0029, "noise90p": 0.0 }, "geometry": { "type": "MultiPolygon", "coordinates": [ [ [ [ -97.316878000202578, 32.927809000181306 ], [ -97.315334000027448, 32.933383000136836 ], [ -97.312530000069032, 32.942030999929273 ], [ -97.31167100051367, 32.942044999551477 ], [ -97.310134999545241, 32.942096999847571 ], [ -97.306862000312236, 32.942087000154416 ], [ -97.306612000080719, 32.942099000059173 ], [ -97.306667999493342, 32.939078999659088 ], [ -97.30667899982295, 32.937338000377608 ], [ -97.30675400027846, 32.93344900028287 ], [ -97.307173000339873, 32.932451000274121 ], [ -97.307200000036886, 32.929663999769389 ], [ -97.307218999850761, 32.923803000179099 ], [ -97.306827999947089, 32.921964000089204 ], [ -97.306808999806364, 32.9214729995551 ], [ -97.306644999901735, 32.916914000130355 ], [ -97.307114999816548, 32.913622000214701 ], [ -97.313295999937438, 32.914487000349872 ], [ -97.317047999901845, 32.914479000351697 ], [ -97.316878000202578, 32.927809000181306 ] ] ] ] } },
{ "type": "Feature", "properties": { "GEOID": "48439113934", "NAME": "Census Tract 1139.34, Tarrant County, Texas", "variable": "B01003_001", "estimate": 6787, "moe": 2352, "coverage_all": 4881.0695, "coverage_na": 0.0, "coverage_4050": 1207.3651, "coverage_5060": 3533.111, "coverage_6070": 127.7431, "coverage_7080": 12.8503, "coverage_8090": 0.0, "coverage_90": 0.0, "noise4050n": 1713.5391, "noise5060n": 4905.598, "noise6070n": 152.7416, "noise7080n": 15.1214, "noise8090n": 0.0, "noise90n": 0.0, "noise4050p": 0.2474, "noise5060p": 0.7238, "noise6070p": 0.0262, "noise7080p": 0.0026, "noise8090p": 0.0, "noise90p": 0.0 }, "geometry": { "type": "MultiPolygon", "coordinates": [ [ [ [ -97.307200000036886, 32.929663999769389 ], [ -97.307173000339873, 32.932451000274121 ], [ -97.30675400027846, 32.93344900028287 ], [ -97.30667899982295, 32.937338000377608 ], [ -97.306667999493342, 32.939078999659088 ], [ -97.305291000014989, 32.939068000296906 ], [ -97.297928999775891, 32.939023999689759 ], [ -97.281426000344695, 32.938890999696909 ], [ -97.28143299956534, 32.938645000286833 ], [ -97.281577000418523, 32.937812999560208 ], [ -97.281735000233596, 32.937413000096029 ], [ -97.282133999845385, 32.936822999726587 ], [ -97.281685999821747, 32.936603999802841 ], [ -97.281444000046974, 32.936269999628138 ], [ -97.281505000128291, 32.931426999801346 ], [ -97.289468999617526, 32.931508000376859 ], [ -97.294828000298054, 32.931614999974109 ], [ -97.295251999648272, 32.924967000052568 ], [ -97.295674999921232, 32.924308999626206 ], [ -97.2946119996314, 32.92317300039366 ], [ -97.294864999464096, 32.92123599973641 ], [ -97.291827000202176, 32.921096999644625 ], [ -97.291754999939386, 32.919468999966554 ], [ -97.289740999815294, 32.918191000119087 ], [ -97.289452000140585, 32.91818999966317 ], [ -97.289690999871112, 32.914918000348464 ], [ -97.291954999996122, 32.914872000287396 ], [ -97.296806999532606, 32.915289999637864 ], [ -97.304638000276356, 32.913396000108847 ], [ -97.307114999816548, 32.913622000214701 ], [ -97.306644999901735, 32.916914000130355 ], [ -97.306808999806364, 32.9214729995551 ], [ -97.306827999947089, 32.921964000089204 ], [ -97.307218999850761, 32.923803000179099 ], [ -97.307200000036886, 32.929663999769389 ] ] ] ] } },
{ "type": "Feature", "properties": { "GEOID": "48439113935", "NAME": "Census Tract 1139.35, Tarrant County, Texas", "variable": "B01003_001", "estimate": 3193, "moe": 605, "coverage_all": 1698.6267, "coverage_na": 0.0, "coverage_4050": 1412.7167, "coverage_5060": 223.2675, "coverage_6070": 62.3932, "coverage_7080": 0.2493, "coverage_8090": 0.0, "coverage_90": 0.0, "noise4050n": 2655.4036, "noise5060n": 419.0202, "noise6070n": 118.1137, "noise7080n": 0.4626, "noise8090n": 0.0, "noise90n": 0.0, "noise4050p": 0.8317, "noise5060p": 0.1314, "noise6070p": 0.0367, "noise7080p": 0.0001, "noise8090p": 0.0, "noise90p": 0.0 }, "geometry": { "type": "MultiPolygon", "coordinates": [ [ [ [ -97.295251999648272, 32.924967000052568 ], [ -97.294828000298054, 32.931614999974109 ], [ -97.289468999617526, 32.931508000376859 ], [ -97.281505000128291, 32.931426999801346 ], [ -97.281572000043127, 32.926021999976484 ], [ -97.28150099998075, 32.9244560000147 ], [ -97.284757000149042, 32.924173999567451 ], [ -97.285122999742782, 32.91998800034542 ], [ -97.285140999989778, 32.919564999614316 ], [ -97.285252999595741, 32.918183000041594 ], [ -97.289452000140585, 32.91818999966317 ], [ -97.289740999815294, 32.918191000119087 ], [ -97.291754999939386, 32.919468999966554 ], [ -97.291827000202176, 32.921096999644625 ], [ -97.294864999464096, 32.92123599973641 ], [ -97.2946119996314, 32.92317300039366 ], [ -97.295674999921232, 32.924308999626206 ], [ -97.295251999648272, 32.924967000052568 ] ] ] ] } },
{ "type": "Feature", "properties": { "GEOID": "48439113936", "NAME": "Census Tract 1139.36, Tarrant County, Texas", "variable": "B01003_001", "estimate": 6007, "moe": 713, "coverage_all": 3045.5737, "coverage_na": 0.0, "coverage_4050": 1439.9791, "coverage_5060": 1557.827, "coverage_6070": 47.238, "coverage_7080": 0.5296, "coverage_8090": 0.0, "coverage_90": 0.0, "noise4050n": 2934.2705, "noise5060n": 2984.9237, "noise6070n": 86.7864, "noise7080n": 1.0195, "noise8090n": 0.0, "noise90n": 0.0, "noise4050p": 0.4728, "noise5060p": 0.5115, "noise6070p": 0.0155, "noise7080p": 0.0002, "noise8090p": 0.0, "noise90p": 0.0 }, "geometry": { "type": "MultiPolygon", "coordinates": [ [ [ [ -97.307114999816548, 32.913622000214701 ], [ -97.304638000276356, 32.913396000108847 ], [ -97.296806999532606, 32.915289999637864 ], [ -97.291954999996122, 32.914872000287396 ], [ -97.289690999871112, 32.914918000348464 ], [ -97.289721000434042, 32.908209000269224 ], [ -97.289616000493055, 32.902088000185309 ], [ -97.289637000159701, 32.894189999768258 ], [ -97.292676999721692, 32.895067999595007 ], [ -97.292650999514962, 32.896433000262732 ], [ -97.296000999631431, 32.897981000235497 ], [ -97.297381999878496, 32.899774000135814 ], [ -97.300739000114987, 32.901035000249806 ], [ -97.301238000393482, 32.901733000081599 ], [ -97.301886000059085, 32.901276000400394 ], [ -97.306372999937878, 32.902673000379053 ], [ -97.306527999932584, 32.903503000435705 ], [ -97.306945000279981, 32.903485999906017 ], [ -97.306919000294556, 32.908498999744189 ], [ -97.306749000509726, 32.910136999757228 ], [ -97.307252999644476, 32.911745999601145 ], [ -97.307114999816548, 32.913622000214701 ] ] ] ] } },
{ "type": "Feature", "properties": { "GEOID": "48439113937", "NAME": "Census Tract 1139.37, Tarrant County, Texas", "variable": "B01003_001", "estimate": 0, "moe": 14, "coverage_all": 1989.4511, "coverage_na": 0.0, "coverage_4050": 993.2281, "coverage_5060": 805.0825, "coverage_6070": 136.7736, "coverage_7080": 48.776, "coverage_8090": 5.5909, "coverage_90": 0.0, "noise4050n": 0.0, "noise5060n": 0.0, "noise6070n": 0.0, "noise7080n": 0.0, "noise8090n": 0.0, "noise90n": 0.0, "noise4050p": 0.4992, "noise5060p": 0.4047, "noise6070p": 0.0687, "noise7080p": 0.0245, "noise8090p": 0.0028, "noise90p": 0.0 }, "geometry": { "type": "MultiPolygon", "coordinates": [ [ [ [ -97.317065999963603, 32.903212000360895 ], [ -97.317063999756868, 32.904819999939896 ], [ -97.317047999901845, 32.914479000351697 ], [ -97.313295999937438, 32.914487000349872 ], [ -97.307114999816548, 32.913622000214701 ], [ -97.307252999644476, 32.911745999601145 ], [ -97.306749000509726, 32.910136999757228 ], [ -97.306919000294556, 32.908498999744189 ], [ -97.306945000279981, 32.903485999906017 ], [ -97.306958999575158, 32.895803999579272 ], [ -97.31023400045116, 32.896092000088871 ], [ -97.313931999835901, 32.898218000352031 ], [ -97.316799999852265, 32.898328000202333 ], [ -97.317054000510367, 32.898340000385659 ], [ -97.317067999623461, 32.901686999632801 ], [ -97.317065999963603, 32.903212000360895 ] ] ] ] } },
{ "type": "Feature", "properties": { "GEOID": "48439113938", "NAME": "Census Tract 1139.38, Tarrant County, Texas", "variable": "B01003_001", "estimate": 1939, "moe": 594, "coverage_all": 835.4972, "coverage_na": 0.0, "coverage_4050": 207.5916, "coverage_5060": 541.8489, "coverage_6070": 85.0038, "coverage_7080": 1.0528, "coverage_8090": 0.0, "coverage_90": 0.0, "noise4050n": 481.7732, "noise5060n": 1257.5088, "noise6070n": 197.2746, "noise7080n": 2.4434, "noise8090n": 0.0, "noise90n": 0.0, "noise4050p": 0.2485, "noise5060p": 0.6485, "noise6070p": 0.1017, "noise7080p": 0.0013, "noise8090p": 0.0, "noise90p": 0.0 }, "geometry": { "type": "MultiPolygon", "coordinates": [ [ [ [ -97.306945000279981, 32.903485999906017 ], [ -97.306527999932584, 32.903503000435705 ], [ -97.306372999937878, 32.902673000379053 ], [ -97.301886000059085, 32.901276000400394 ], [ -97.301238000393482, 32.901733000081599 ], [ -97.300739000114987, 32.901035000249806 ], [ -97.297381999878496, 32.899774000135814 ], [ -97.296000999631431, 32.897981000235497 ], [ -97.292650999514962, 32.896433000262732 ], [ -97.292676999721692, 32.895067999595007 ], [ -97.289637000159701, 32.894189999768258 ], [ -97.289638000350578, 32.893873000403175 ], [ -97.292902999630257, 32.894846000289675 ], [ -97.302105000144309, 32.89523900025366 ], [ -97.306958999575158, 32.895803999579272 ], [ -97.306945000279981, 32.903485999906017 ] ] ] ] } },
{ "type": "Feature", "properties": { "GEOID": "48439113939", "NAME": "Census Tract 1139.39, Tarrant County, Texas", "variable": "B01003_001", "estimate": 4211, "moe": 770, "coverage_all": 2948.678, "coverage_na": 0.0, "coverage_4050": 1369.2617, "coverage_5060": 1562.8129, "coverage_6070": 16.6035, "coverage_7080": 0.0, "coverage_8090": 0.0, "coverage_90": 0.0, "noise4050n": 1962.706, "noise5060n": 2225.079, "noise6070n": 23.215, "noise7080n": 0.0, "noise8090n": 0.0, "noise90n": 0.0, "noise4050p": 0.4644, "noise5060p": 0.53, "noise6070p": 0.0056, "noise7080p": 0.0, "noise8090p": 0.0, "noise90p": 0.0 }, "geometry": { "type": "MultiPolygon", "coordinates": [ [ [ [ -97.306612000080719, 32.942099000059173 ], [ -97.303012000324586, 32.942599000131572 ], [ -97.301137000306227, 32.945259999992331 ], [ -97.29992799961768, 32.9470239996296 ], [ -97.298752000030092, 32.947994999637785 ], [ -97.297827999735887, 32.9488120001038 ], [ -97.297099000471391, 32.949397999705248 ], [ -97.295364000443641, 32.950561999640875 ], [ -97.293811000295747, 32.950998000103873 ], [ -97.287557999848403, 32.951508000297984 ], [ -97.281238999485794, 32.954023999634046 ], [ -97.281320999972692, 32.947539000268144 ], [ -97.281323000488626, 32.947207999763641 ], [ -97.281426000344695, 32.938890999696909 ], [ -97.297928999775891, 32.939023999689759 ], [ -97.305291000014989, 32.939068000296906 ], [ -97.306667999493342, 32.939078999659088 ], [ -97.306612000080719, 32.942099000059173 ] ] ] ] } },
{ "type": "Feature", "properties": { "GEOID": "48439113940", "NAME": "Census Tract 1139.40, Tarrant County, Texas", "variable": "B01003_001", "estimate": 7147, "moe": 889, "coverage_all": 5650.4236, "coverage_na": 0.0, "coverage_4050": 2480.5863, "coverage_5060": 2551.55, "coverage_6070": 528.9458, "coverage_7080": 80.3415, "coverage_8090": 9.0, "coverage_90": 0.0, "noise4050n": 3690.9657, "noise5060n": 2792.4876, "noise6070n": 567.9788, "noise7080n": 85.9408, "noise8090n": 9.6272, "noise90n": 0.0, "noise4050p": 0.439, "noise5060p": 0.4516, "noise6070p": 0.0936, "noise7080p": 0.0142, "noise8090p": 0.0016, "noise90p": 0.0 }, "geometry": { "type": "MultiPolygon", "coordinates": [ [ [ [ -97.313378000242011, 32.942046999951785 ], [ -97.311150000382483, 32.949425999913643 ], [ -97.311198999829017, 32.95695300034572 ], [ -97.311256000168243, 32.958519999788791 ], [ -97.310358000170325, 32.958499000126864 ], [ -97.306552999904255, 32.958668999582237 ], [ -97.304707999745162, 32.95916899975736 ], [ -97.303240000466417, 32.959814000143304 ], [ -97.298329999902563, 32.963200000107925 ], [ -97.295809000361444, 32.964887000104099 ], [ -97.292515000404165, 32.966545000063682 ], [ -97.282232000308966, 32.970236000405237 ], [ -97.281279000462717, 32.970577000259333 ], [ -97.281095000050627, 32.96393900012869 ], [ -97.281206000350878, 32.957271000066783 ], [ -97.281232000333091, 32.954959999638227 ], [ -97.281233000172662, 32.954869999887478 ], [ -97.281238999485794, 32.954023999634046 ], [ -97.287557999848403, 32.951508000297984 ], [ -97.293811000295747, 32.950998000103873 ], [ -97.295364000443641, 32.950561999640875 ], [ -97.297099000471391, 32.949397999705248 ], [ -97.297827999735887, 32.9488120001038 ], [ -97.298752000030092, 32.947994999637785 ], [ -97.29992799961768, 32.9470239996296 ], [ -97.301137000306227, 32.945259999992331 ], [ -97.303012000324586, 32.942599000131572 ], [ -97.306612000080719, 32.942099000059173 ], [ -97.306862000312236, 32.942087000154416 ], [ -97.310134999545241, 32.942096999847571 ], [ -97.31167100051367, 32.942044999551477 ], [ -97.312530000069032, 32.942030999929273 ], [ -97.313378000242011, 32.942046999951785 ] ] ] ] } },
{ "type": "Feature", "properties": { "GEOID": "48439113941", "NAME": "Census Tract 1139.41, Tarrant County, Texas", "variable": "B01003_001", "estimate": 6021, "moe": 945, "coverage_all": 13757.396, "coverage_na": 3865.9273, "coverage_4050": 3795.9659, "coverage_5060": 4799.4362, "coverage_6070": 900.1459, "coverage_7080": 380.6147, "coverage_8090": 15.1446, "coverage_90": 0.1613, "noise4050n": 1952.3604, "noise5060n": 2812.4248, "noise6070n": 391.1592, "noise7080n": 128.7338, "noise8090n": 7.9286, "noise90n": 0.0, "noise4050p": 0.2759, "noise5060p": 0.3489, "noise6070p": 0.0654, "noise7080p": 0.0277, "noise8090p": 0.0011, "noise90p": 0.0 }, "geometry": { "type": "MultiPolygon", "coordinates": [ [ [ [ -97.311006000115185, 32.966297999704409 ], [ -97.309505000217229, 32.972301999725993 ], [ -97.308828000211236, 32.972301999709948 ], [ -97.308173999590977, 32.975223000173983 ], [ -97.306727999564131, 32.980156999780938 ], [ -97.305337000453775, 32.982554999905034 ], [ -97.299329000148987, 32.991282000011807 ], [ -97.294805000281912, 32.991260000388976 ], [ -97.29474300053451, 32.991262000150329 ], [ -97.291164999586286, 32.991243000291171 ], [ -97.291141999871215, 32.991242999594256 ], [ -97.288777000317623, 32.991231999703231 ], [ -97.262794999824152, 32.991096000369495 ], [ -97.259912000007532, 32.99108199979635 ], [ -97.254164000130018, 32.991052000040987 ], [ -97.235250000410019, 32.990954000409197 ], [ -97.23672099968789, 32.988507000173065 ], [ -97.237048999801146, 32.988509000286363 ], [ -97.238382999825745, 32.986084000179673 ], [ -97.238873999677082, 32.985195999630115 ], [ -97.246484999584055, 32.985170999917003 ], [ -97.249581000277189, 32.984780000062969 ], [ -97.255300999567524, 32.982419000367031 ], [ -97.262912000018474, 32.978595000223194 ], [ -97.270902000059792, 32.974668999732444 ], [ -97.276407999811084, 32.972410999878633 ], [ -97.277527999850534, 32.971972000047352 ], [ -97.2809750001813, 32.970683000352615 ], [ -97.281279000462717, 32.970577000259333 ], [ -97.282232000308966, 32.970236000405237 ], [ -97.292515000404165, 32.966545000063682 ], [ -97.295809000361444, 32.964887000104099 ], [ -97.298329999902563, 32.963200000107925 ], [ -97.303240000466417, 32.959814000143304 ], [ -97.304707999745162, 32.95916899975736 ], [ -97.306552999904255, 32.958668999582237 ], [ -97.310358000170325, 32.958499000126864 ], [ -97.311256000168243, 32.958519999788791 ], [ -97.311006000115185, 32.966297999704409 ] ] ] ] } },
{ "type": "Feature", "properties": { "GEOID": "48439113942", "NAME": "Census Tract 1139.42, Tarrant County, Texas", "variable": "B01003_001", "estimate": 5946, "moe": 929, "coverage_all": 3249.6851, "coverage_na": 2005.3421, "coverage_4050": 1011.9139, "coverage_5060": 230.0943, "coverage_6070": 2.3348, "coverage_7080": 0.0, "coverage_8090": 0.0, "coverage_90": 0.0, "noise4050n": 1636.0074, "noise5060n": 352.6441, "noise6070n": 3.6026, "noise7080n": 0.0, "noise8090n": 0.0, "noise90n": 0.0, "noise4050p": 0.3114, "noise5060p": 0.0708, "noise6070p": 0.0007, "noise7080p": 0.0, "noise8090p": 0.0, "noise90p": 0.0 }, "geometry": { "type": "MultiPolygon", "coordinates": [ [ [ [ -97.281279000462717, 32.970577000259333 ], [ -97.2809750001813, 32.970683000352615 ], [ -97.277527999850534, 32.971972000047352 ], [ -97.276407999811084, 32.972410999878633 ], [ -97.270902000059792, 32.974668999732444 ], [ -97.262912000018474, 32.978595000223194 ], [ -97.263020999468651, 32.972193000422962 ], [ -97.263049000380008, 32.971438999807624 ], [ -97.262562999810228, 32.967686999568194 ], [ -97.264620999488301, 32.963707000396553 ], [ -97.271043000377531, 32.963796999949295 ], [ -97.271064999599744, 32.957632000218183 ], [ -97.269659000206232, 32.956974999876032 ], [ -97.269657000384143, 32.955528999593838 ], [ -97.274915000317165, 32.955575999704223 ], [ -97.275329000189458, 32.955532000258749 ], [ -97.275582000452857, 32.955490999821315 ], [ -97.275873999820647, 32.955425000251402 ], [ -97.276288000085103, 32.955264999873414 ], [ -97.278469999987195, 32.954419000363622 ], [ -97.279083999905168, 32.954155999685874 ], [ -97.281238999485794, 32.954023999634046 ], [ -97.281233000172662, 32.954869999887478 ], [ -97.281232000333091, 32.954959999638227 ], [ -97.281206000350878, 32.957271000066783 ], [ -97.281095000050627, 32.96393900012869 ], [ -97.281279000462717, 32.970577000259333 ] ] ] ] } },
{ "type": "Feature", "properties": { "GEOID": "48439113943", "NAME": "Census Tract 1139.43, Tarrant County, Texas", "variable": "B01003_001", "estimate": 5111, "moe": 741, "coverage_all": 6200.6288, "coverage_na": 2796.2286, "coverage_4050": 2409.0078, "coverage_5060": 832.5054, "coverage_6070": 128.3364, "coverage_7080": 27.9732, "coverage_8090": 6.5775, "coverage_90": 0.0, "noise4050n": 2381.4557, "noise5060n": 613.1203, "noise6070n": 116.8171, "noise7080n": 34.3305, "noise8090n": 8.9493, "noise90n": 0.0, "noise4050p": 0.3885, "noise5060p": 0.1343, "noise6070p": 0.0207, "noise7080p": 0.0045, "noise8090p": 0.0011, "noise90p": 0.0 }, "geometry": { "type": "MultiPolygon", "coordinates": [ [ [ [ -97.271043000377531, 32.963796999949295 ], [ -97.264620999488301, 32.963707000396553 ], [ -97.262562999810228, 32.967686999568194 ], [ -97.263049000380008, 32.971438999807624 ], [ -97.263020999468651, 32.972193000422962 ], [ -97.262912000018474, 32.978595000223194 ], [ -97.255300999567524, 32.982419000367031 ], [ -97.249581000277189, 32.984780000062969 ], [ -97.246484999584055, 32.985170999917003 ], [ -97.238873999677082, 32.985195999630115 ], [ -97.246269999827675, 32.971591000170974 ], [ -97.24661699947508, 32.970950999604881 ], [ -97.248124000235791, 32.967783999746999 ], [ -97.250446999671794, 32.963514000423068 ], [ -97.254039000096213, 32.956954000145075 ], [ -97.254148000115947, 32.956468999720173 ], [ -97.254552999674274, 32.954844000181694 ], [ -97.254569000234966, 32.952934000239537 ], [ -97.254743999526099, 32.952920000192819 ], [ -97.254972000307461, 32.952901999886322 ], [ -97.255197000178697, 32.952862000353029 ], [ -97.264828000064085, 32.952924999882889 ], [ -97.269672999675151, 32.952955999808779 ], [ -97.269657000384143, 32.955528999593838 ], [ -97.269659000206232, 32.956974999876032 ], [ -97.271064999599744, 32.957632000218183 ], [ -97.271043000377531, 32.963796999949295 ] ] ] ] } },
{ "type": "Feature", "properties": { "GEOID": "48439113944", "NAME": "Census Tract 1139.44, Tarrant County, Texas", "variable": "B01003_001", "estimate": 6187, "moe": 1378, "coverage_all": 2292.2456, "coverage_na": 807.4294, "coverage_4050": 1324.3725, "coverage_5060": 157.3462, "coverage_6070": 3.0976, "coverage_7080": 0.0, "coverage_8090": 0.0, "coverage_90": 0.0, "noise4050n": 3597.224, "noise5060n": 432.7063, "noise6070n": 8.4046, "noise7080n": 0.0, "noise8090n": 0.0, "noise90n": 0.0, "noise4050p": 0.5778, "noise5060p": 0.0686, "noise6070p": 0.0014, "noise7080p": 0.0, "noise8090p": 0.0, "noise90p": 0.0 }, "geometry": { "type": "MultiPolygon", "coordinates": [ [ [ [ -97.281323000488626, 32.947207999763641 ], [ -97.281320999972692, 32.947539000268144 ], [ -97.281238999485794, 32.954023999634046 ], [ -97.279083999905168, 32.954155999685874 ], [ -97.278469999987195, 32.954419000363622 ], [ -97.276288000085103, 32.955264999873414 ], [ -97.275873999820647, 32.955425000251402 ], [ -97.275582000452857, 32.955490999821315 ], [ -97.275329000189458, 32.955532000258749 ], [ -97.274915000317165, 32.955575999704223 ], [ -97.269657000384143, 32.955528999593838 ], [ -97.269672999675151, 32.952955999808779 ], [ -97.264828000064085, 32.952924999882889 ], [ -97.265079000480114, 32.951169000193985 ], [ -97.266271999769074, 32.949636999994802 ], [ -97.267586999583017, 32.948177000158552 ], [ -97.271602999826754, 32.9422889996005 ], [ -97.272337000040878, 32.941152000018946 ], [ -97.272514999690159, 32.938830999768257 ], [ -97.281426000344695, 32.938890999696909 ], [ -97.281323000488626, 32.947207999763641 ] ] ] ] } },
{ "type": "Feature", "properties": { "GEOID": "48439113945", "NAME": "Census Tract 1139.45, Tarrant County, Texas", "variable": "B01003_001", "estimate": 4125, "moe": 637, "coverage_all": 2271.6561, "coverage_na": 196.0, "coverage_4050": 1766.3412, "coverage_5060": 291.4475, "coverage_6070": 15.6946, "coverage_7080": 0.3366, "coverage_8090": 1.8361, "coverage_90": 0.0, "noise4050n": 3203.6866, "noise5060n": 520.1226, "noise6070n": 27.2007, "noise7080n": 0.5658, "noise8090n": 3.0859, "noise90n": 0.0, "noise4050p": 0.7776, "noise5060p": 0.1283, "noise6070p": 0.0069, "noise7080p": 0.0001, "noise8090p": 0.0008, "noise90p": 0.0 }, "geometry": { "type": "MultiPolygon", "coordinates": [ [ [ [ -97.272337000040878, 32.941152000018946 ], [ -97.271602999826754, 32.9422889996005 ], [ -97.267586999583017, 32.948177000158552 ], [ -97.266271999769074, 32.949636999994802 ], [ -97.265079000480114, 32.951169000193985 ], [ -97.264828000064085, 32.952924999882889 ], [ -97.255197000178697, 32.952862000353029 ], [ -97.254972000307461, 32.952901999886322 ], [ -97.255011999936215, 32.9417210004125 ], [ -97.255025000158625, 32.938737000235243 ], [ -97.255264000122935, 32.938753999712468 ], [ -97.255550999518604, 32.938755000245798 ], [ -97.266901999965569, 32.938828999939176 ], [ -97.272514999690159, 32.938830999768257 ], [ -97.272337000040878, 32.941152000018946 ] ] ] ] } },
{ "type": "Feature", "properties": { "GEOID": "48439113946", "NAME": "Census Tract 1139.46, Tarrant County, Texas", "variable": "B01003_001", "estimate": 7214, "moe": 4963, "coverage_all": 1772.7675, "coverage_na": 1256.8807, "coverage_4050": 317.4784, "coverage_5060": 100.883, "coverage_6070": 97.0694, "coverage_7080": 0.456, "coverage_8090": 0.0, "coverage_90": 0.0, "noise4050n": 1874.1308, "noise5060n": 515.4325, "noise6070n": 488.9382, "noise7080n": 3.0081, "noise8090n": 0.0, "noise90n": 0.0, "noise4050p": 0.1791, "noise5060p": 0.0569, "noise6070p": 0.0548, "noise7080p": 0.0003, "noise8090p": 0.0, "noise90p": 0.0 }, "geometry": { "type": "MultiPolygon", "coordinates": [ [ [ [ -97.289637000159701, 32.894189999768258 ], [ -97.289616000493055, 32.902088000185309 ], [ -97.284050000348572, 32.902042999593007 ], [ -97.278414000159259, 32.901994000416103 ], [ -97.272516999816929, 32.901940999646172 ], [ -97.272464000441033, 32.896633000122122 ], [ -97.272402999569081, 32.894661000018779 ], [ -97.276744000509808, 32.892881999686516 ], [ -97.277768999939795, 32.892653999751772 ], [ -97.281829999949665, 32.89250700020677 ], [ -97.284639999711757, 32.892516000048985 ], [ -97.289638000350578, 32.893873000403175 ], [ -97.289637000159701, 32.894189999768258 ] ] ] ] } },
{ "type": "Feature", "properties": { "GEOID": "48439113947", "NAME": "Census Tract 1139.47, Tarrant County, Texas", "variable": "B01003_001", "estimate": 3191, "moe": 325, "coverage_all": 1989.9872, "coverage_na": 1297.1193, "coverage_4050": 544.0971, "coverage_5060": 86.0807, "coverage_6070": 62.6599, "coverage_7080": 0.0302, "coverage_8090": 0.0, "coverage_90": 0.0, "noise4050n": 874.7979, "noise5060n": 138.1769, "noise6070n": 100.7472, "noise7080n": 0.0486, "noise8090n": 0.0, "noise90n": 0.0, "noise4050p": 0.2734, "noise5060p": 0.0433, "noise6070p": 0.0315, "noise7080p": 0.0, "noise8090p": 0.0, "noise90p": 0.0 }, "geometry": { "type": "MultiPolygon", "coordinates": [ [ [ [ -97.289690999871112, 32.914918000348464 ], [ -97.286536000517415, 32.914562999616201 ], [ -97.281148000259307, 32.910879999571691 ], [ -97.279138000317758, 32.910154999570615 ], [ -97.278255999543433, 32.910149999841259 ], [ -97.272529999693901, 32.911527000373852 ], [ -97.272516999816929, 32.901940999646172 ], [ -97.278414000159259, 32.901994000416103 ], [ -97.284050000348572, 32.902042999593007 ], [ -97.289616000493055, 32.902088000185309 ], [ -97.289721000434042, 32.908209000269224 ], [ -97.289690999871112, 32.914918000348464 ] ] ] ] } },
{ "type": "Feature", "properties": { "GEOID": "48439113948", "NAME": "Census Tract 1139.48, Tarrant County, Texas", "variable": "B01003_001", "estimate": 5802, "moe": 1652, "coverage_all": 2881.1582, "coverage_na": 1634.0, "coverage_4050": 671.1623, "coverage_5060": 399.2363, "coverage_6070": 147.4241, "coverage_7080": 22.3645, "coverage_8090": 5.9712, "coverage_90": 1.0, "noise4050n": 1301.9589, "noise5060n": 789.9043, "noise6070n": 284.363, "noise7080n": 43.1226, "noise8090n": 11.5134, "noise90n": 1.9281, "noise4050p": 0.2329, "noise5060p": 0.1386, "noise6070p": 0.0512, "noise7080p": 0.0078, "noise8090p": 0.0021, "noise90p": 0.0003 }, "geometry": { "type": "MultiPolygon", "coordinates": [ [ [ [ -97.272529999693901, 32.911527000373852 ], [ -97.267235000245265, 32.911420999639368 ], [ -97.256283000181099, 32.911428000384873 ], [ -97.256138000344606, 32.911419999610089 ], [ -97.258884999484223, 32.894750000287864 ], [ -97.271422999558396, 32.894803999939363 ], [ -97.272402999569081, 32.894661000018779 ], [ -97.272464000441033, 32.896633000122122 ], [ -97.272516999816929, 32.901940999646172 ], [ -97.272529999693901, 32.911527000373852 ] ] ] ] } },
{ "type": "Feature", "properties": { "GEOID": "48439113949", "NAME": "Census Tract 1139.49, Tarrant County, Texas", "variable": "B01003_001", "estimate": 3329, "moe": 1061, "coverage_all": 2083.4806, "coverage_na": 1486.6347, "coverage_4050": 407.0013, "coverage_5060": 114.8571, "coverage_6070": 74.4632, "coverage_7080": 0.5244, "coverage_8090": 0.0, "coverage_90": 0.0, "noise4050n": 656.3117, "noise5060n": 187.1191, "noise6070n": 124.6142, "noise7080n": 0.8778, "noise8090n": 0.0, "noise90n": 0.0, "noise4050p": 0.1953, "noise5060p": 0.0551, "noise6070p": 0.0357, "noise7080p": 0.0003, "noise8090p": 0.0, "noise90p": 0.0 }, "geometry": { "type": "MultiPolygon", "coordinates": [ [ [ [ -97.289452000140585, 32.91818999966317 ], [ -97.285252999595741, 32.918183000041594 ], [ -97.285140999989778, 32.919564999614316 ], [ -97.285122999742782, 32.91998800034542 ], [ -97.284757000149042, 32.924173999567451 ], [ -97.28150099998075, 32.9244560000147 ], [ -97.278460999473637, 32.924275999767886 ], [ -97.278068999681409, 32.924262000027412 ], [ -97.277215000281089, 32.924234999854868 ], [ -97.272503999766087, 32.924127999882806 ], [ -97.272524999602879, 32.917391999794269 ], [ -97.27248200054197, 32.916730000379722 ], [ -97.272465000104859, 32.916550000045056 ], [ -97.272494000512197, 32.91316400034443 ], [ -97.272529999693901, 32.911527000373852 ], [ -97.278255999543433, 32.910149999841259 ], [ -97.279138000317758, 32.910154999570615 ], [ -97.281148000259307, 32.910879999571691 ], [ -97.286536000517415, 32.914562999616201 ], [ -97.289690999871112, 32.914918000348464 ], [ -97.289452000140585, 32.91818999966317 ] ] ] ] } },
{ "type": "Feature", "properties": { "GEOID": "48439113950", "NAME": "Census Tract 1139.50, Tarrant County, Texas", "variable": "B01003_001", "estimate": 6922, "moe": 1134, "coverage_all": 6903.0445, "coverage_na": 2012.3653, "coverage_4050": 3569.9377, "coverage_5060": 1046.1522, "coverage_6070": 227.9306, "coverage_7080": 38.4227, "coverage_8090": 8.236, "coverage_90": 0.0, "noise4050n": 2959.0923, "noise5060n": 871.0676, "noise6070n": 173.4981, "noise7080n": 29.0364, "noise8090n": 5.6153, "noise90n": 0.0, "noise4050p": 0.5172, "noise5060p": 0.1515, "noise6070p": 0.033, "noise7080p": 0.0056, "noise8090p": 0.0012, "noise90p": 0.0 }, "geometry": { "type": "MultiPolygon", "coordinates": [ [ [ [ -97.281735000233596, 32.937413000096029 ], [ -97.281577000418523, 32.937812999560208 ], [ -97.28143299956534, 32.938645000286833 ], [ -97.281426000344695, 32.938890999696909 ], [ -97.272514999690159, 32.938830999768257 ], [ -97.266901999965569, 32.938828999939176 ], [ -97.255550999518604, 32.938755000245798 ], [ -97.255264000122935, 32.938753999712468 ], [ -97.255025000158625, 32.938737000235243 ], [ -97.254900000235793, 32.934611999613352 ], [ -97.254913000465308, 32.934418999649125 ], [ -97.255165000433863, 32.928977000268006 ], [ -97.255862000200835, 32.916712999609935 ], [ -97.255859999954509, 32.916632000320405 ], [ -97.256283000181099, 32.911428000384873 ], [ -97.267235000245265, 32.911420999639368 ], [ -97.272529999693901, 32.911527000373852 ], [ -97.272494000512197, 32.91316400034443 ], [ -97.272465000104859, 32.916550000045056 ], [ -97.27248200054197, 32.916730000379722 ], [ -97.272524999602879, 32.917391999794269 ], [ -97.272503999766087, 32.924127999882806 ], [ -97.277215000281089, 32.924234999854868 ], [ -97.278068999681409, 32.924262000027412 ], [ -97.278460999473637, 32.924275999767886 ], [ -97.28150099998075, 32.9244560000147 ], [ -97.281572000043127, 32.926021999976484 ], [ -97.281505000128291, 32.931426999801346 ], [ -97.281444000046974, 32.936269999628138 ], [ -97.281685999821747, 32.936603999802841 ], [ -97.282133999845385, 32.936822999726587 ], [ -97.281735000233596, 32.937413000096029 ] ] ] ] } },
{ "type": "Feature", "properties": { "GEOID": "48439113951", "NAME": "Census Tract 1139.51, Tarrant County, Texas", "variable": "B01003_001", "estimate": 3876, "moe": 697, "coverage_all": 3096.415, "coverage_na": 2247.0604, "coverage_4050": 370.3563, "coverage_5060": 350.3933, "coverage_6070": 123.0039, "coverage_7080": 4.8239, "coverage_8090": 0.777, "coverage_90": 0.0, "noise4050n": 442.7077, "noise5060n": 415.3955, "noise6070n": 157.123, "noise7080n": 5.5384, "noise8090n": 0.8895, "noise90n": 0.0, "noise4050p": 0.1196, "noise5060p": 0.1132, "noise6070p": 0.0397, "noise7080p": 0.0016, "noise8090p": 0.0003, "noise90p": 0.0 }, "geometry": { "type": "MultiPolygon", "coordinates": [ [ [ [ -97.254913000465308, 32.934418999649125 ], [ -97.254900000235793, 32.934611999613352 ], [ -97.253655999580104, 32.934573000259363 ], [ -97.239403999839467, 32.934383000282622 ], [ -97.229266999696151, 32.934350999632976 ], [ -97.218498000458581, 32.934513000089112 ], [ -97.218567000107313, 32.931919000076164 ], [ -97.219719000404723, 32.928679999892097 ], [ -97.22126899965582, 32.928662000348105 ], [ -97.221921999785536, 32.927116999952126 ], [ -97.224065999998587, 32.926809999744073 ], [ -97.22519899987573, 32.927849999763929 ], [ -97.232116000185258, 32.92658000028689 ], [ -97.234030000490819, 32.926939999596584 ], [ -97.239439000331245, 32.926546999959882 ], [ -97.240971999972189, 32.92756599995738 ], [ -97.242973999534499, 32.927195999698235 ], [ -97.244541999645449, 32.925292000384921 ], [ -97.247451999999001, 32.923788999608327 ], [ -97.24926499964306, 32.925159999709138 ], [ -97.24872999997126, 32.926242000103294 ], [ -97.249654999895498, 32.927388000403873 ], [ -97.253906999907201, 32.928992999587962 ], [ -97.255165000433863, 32.928977000268006 ], [ -97.254913000465308, 32.934418999649125 ] ] ] ] } },
{ "type": "Feature", "properties": { "GEOID": "48439113952", "NAME": "Census Tract 1139.52, Tarrant County, Texas", "variable": "B01003_001", "estimate": 5157, "moe": 530, "coverage_all": 5121.2815, "coverage_na": 3993.5455, "coverage_4050": 484.3737, "coverage_5060": 451.1735, "coverage_6070": 161.3687, "coverage_7080": 26.2107, "coverage_8090": 4.6094, "coverage_90": 0.0, "noise4050n": 603.4095, "noise5060n": 499.4777, "noise6070n": 199.2995, "noise7080n": 33.0073, "noise8090n": 6.1675, "noise90n": 0.0, "noise4050p": 0.0946, "noise5060p": 0.0881, "noise6070p": 0.0315, "noise7080p": 0.0051, "noise8090p": 0.0009, "noise90p": 0.0 }, "geometry": { "type": "MultiPolygon", "coordinates": [ [ [ [ -97.255011999936215, 32.9417210004125 ], [ -97.254488999754031, 32.941739000068658 ], [ -97.253883999733517, 32.941738000163056 ], [ -97.242973000119875, 32.941709999616769 ], [ -97.24279199985844, 32.949030000137675 ], [ -97.224759999845944, 32.948936000334157 ], [ -97.220497999868414, 32.948664999647093 ], [ -97.22045799965494, 32.948199999846253 ], [ -97.220484999813223, 32.947195000061548 ], [ -97.220550000058509, 32.941800000428145 ], [ -97.216240000244611, 32.941774000340729 ], [ -97.216129000237657, 32.934558999558973 ], [ -97.218498000458581, 32.934513000089112 ], [ -97.229266999696151, 32.934350999632976 ], [ -97.239403999839467, 32.934383000282622 ], [ -97.253655999580104, 32.934573000259363 ], [ -97.254900000235793, 32.934611999613352 ], [ -97.255025000158625, 32.938737000235243 ], [ -97.255011999936215, 32.9417210004125 ] ] ] ] } },
{ "type": "Feature", "properties": { "GEOID": "48439113953", "NAME": "Census Tract 1139.53, Tarrant County, Texas", "variable": "B01003_001", "estimate": 7891, "moe": 845, "coverage_all": 17576.093, "coverage_na": 13748.6289, "coverage_4050": 2028.6149, "coverage_5060": 1153.8961, "coverage_6070": 515.5498, "coverage_7080": 115.9695, "coverage_8090": 12.5951, "coverage_90": 0.8387, "noise4050n": 1163.3997, "noise5060n": 611.7209, "noise6070n": 304.3284, "noise7080n": 65.2393, "noise8090n": 7.6084, "noise90n": 0.5581, "noise4050p": 0.1154, "noise5060p": 0.0657, "noise6070p": 0.0293, "noise7080p": 0.0066, "noise8090p": 0.0007, "noise90p": 0.0 }, "geometry": { "type": "MultiPolygon", "coordinates": [ [ [ [ -97.254972000307461, 32.952901999886322 ], [ -97.254743999526099, 32.952920000192819 ], [ -97.254569000234966, 32.952934000239537 ], [ -97.254552999674274, 32.954844000181694 ], [ -97.254148000115947, 32.956468999720173 ], [ -97.254039000096213, 32.956954000145075 ], [ -97.250446999671794, 32.963514000423068 ], [ -97.248124000235791, 32.967783999746999 ], [ -97.24661699947508, 32.970950999604881 ], [ -97.246269999827675, 32.971591000170974 ], [ -97.238873999677082, 32.985195999630115 ], [ -97.238382999825745, 32.986084000179673 ], [ -97.237048999801146, 32.988509000286363 ], [ -97.23672099968789, 32.988507000173065 ], [ -97.235250000410019, 32.990954000409197 ], [ -97.234528999775122, 32.990948999611746 ], [ -97.228762000185085, 32.990919000362609 ], [ -97.21641499955561, 32.990848999693348 ], [ -97.210338999778955, 32.990815000011629 ], [ -97.210897999561425, 32.989913000282868 ], [ -97.210771999702203, 32.98727000025616 ], [ -97.210579000410306, 32.986843999840218 ], [ -97.210002999856826, 32.986437999758095 ], [ -97.209865000494872, 32.986099000058744 ], [ -97.209882999873997, 32.985918000252937 ], [ -97.210495000227525, 32.985023999922319 ], [ -97.21121599953949, 32.984542999962613 ], [ -97.211378000397715, 32.984369000201823 ], [ -97.211390999485673, 32.982199999764191 ], [ -97.21139999947971, 32.979436000328732 ], [ -97.211329999519251, 32.979218000240195 ], [ -97.211338000074178, 32.978408999740743 ], [ -97.211564000452071, 32.973246000231079 ], [ -97.211567000124731, 32.971428999818741 ], [ -97.212328000332363, 32.970184999742131 ], [ -97.212409000079674, 32.957063999870201 ], [ -97.212889999583467, 32.956415000355442 ], [ -97.214303000008556, 32.956241999924032 ], [ -97.214870000226156, 32.954463999609303 ], [ -97.216964999677515, 32.953833000392123 ], [ -97.216984999904, 32.950857000371336 ], [ -97.217057000336382, 32.9493250003989 ], [ -97.22045799965494, 32.948199999846253 ], [ -97.220497999868414, 32.948664999647093 ], [ -97.224759999845944, 32.948936000334157 ], [ -97.24279199985844, 32.949030000137675 ], [ -97.242973000119875, 32.941709999616769 ], [ -97.253883999733517, 32.941738000163056 ], [ -97.254488999754031, 32.941739000068658 ], [ -97.255011999936215, 32.9417210004125 ], [ -97.254972000307461, 32.952901999886322 ] ] ] ] } },
{ "type": "Feature", "properties": { "GEOID": "48439113954", "NAME": "Census Tract 1139.54, Tarrant County, Texas", "variable": "B01003_001", "estimate": 4162, "moe": 556, "coverage_all": 14256.6563, "coverage_na": 13209.8345, "coverage_4050": 539.5566, "coverage_5060": 346.9716, "coverage_6070": 140.5949, "coverage_7080": 17.9747, "coverage_8090": 1.7239, "coverage_90": 0.0, "noise4050n": 136.8192, "noise5060n": 97.5073, "noise6070n": 29.4751, "noise7080n": 3.6521, "noise8090n": 0.3503, "noise90n": 0.0, "noise4050p": 0.0378, "noise5060p": 0.0243, "noise6070p": 0.0099, "noise7080p": 0.0013, "noise8090p": 0.0001, "noise90p": 0.0 }, "geometry": { "type": "MultiPolygon", "coordinates": [ [ [ [ -97.216964999677515, 32.953833000392123 ], [ -97.214870000226156, 32.954463999609303 ], [ -97.214303000008556, 32.956241999924032 ], [ -97.212889999583467, 32.956415000355442 ], [ -97.212409000079674, 32.957063999870201 ], [ -97.212328000332363, 32.970184999742131 ], [ -97.211567000124731, 32.971428999818741 ], [ -97.211564000452071, 32.973246000231079 ], [ -97.211338000074178, 32.978408999740743 ], [ -97.211329999519251, 32.979218000240195 ], [ -97.21139999947971, 32.979436000328732 ], [ -97.211390999485673, 32.982199999764191 ], [ -97.211378000397715, 32.984369000201823 ], [ -97.21121599953949, 32.984542999962613 ], [ -97.210495000227525, 32.985023999922319 ], [ -97.209882999873997, 32.985918000252937 ], [ -97.209865000494872, 32.986099000058744 ], [ -97.210002999856826, 32.986437999758095 ], [ -97.210579000410306, 32.986843999840218 ], [ -97.210771999702203, 32.98727000025616 ], [ -97.210897999561425, 32.989913000282868 ], [ -97.210338999778955, 32.990815000011629 ], [ -97.185456999562348, 32.990677000173655 ], [ -97.184355999490037, 32.990669999576923 ], [ -97.181450000115149, 32.989816999884262 ], [ -97.182369000406197, 32.987584999813464 ], [ -97.182701999589838, 32.986888000135579 ], [ -97.184119000044305, 32.985256000397371 ], [ -97.184933000448268, 32.984311999656349 ], [ -97.18534400025527, 32.983188000314449 ], [ -97.184188999719211, 32.978008000287737 ], [ -97.184118000280037, 32.978004999833715 ], [ -97.180556999464272, 32.977620999821454 ], [ -97.180256000152639, 32.972809999926604 ], [ -97.178098000000375, 32.970688999798327 ], [ -97.178224999790089, 32.967618999742605 ], [ -97.178886000448358, 32.966330000249542 ], [ -97.178943000280668, 32.963367999604976 ], [ -97.181447999487489, 32.96298099962619 ], [ -97.181576000144446, 32.960656000028358 ], [ -97.184267000489669, 32.960601999688151 ], [ -97.185828999930052, 32.960564000111283 ], [ -97.185834000312227, 32.960261999775526 ], [ -97.18567300010929, 32.957090999693065 ], [ -97.185676000293441, 32.956126999689907 ], [ -97.185671999762349, 32.954550999580611 ], [ -97.185741000220347, 32.948839000150613 ], [ -97.203040000305606, 32.948921000238698 ], [ -97.207155999492656, 32.948964999898052 ], [ -97.208683999889672, 32.949253000095453 ], [ -97.210813999848426, 32.94930200039709 ], [ -97.210858999573844, 32.950608999794667 ], [ -97.216984999904, 32.950857000371336 ], [ -97.216964999677515, 32.953833000392123 ] ] ] ] } },
{ "type": "Feature", "properties": { "GEOID": "48439113955", "NAME": "Census Tract 1139.55, Tarrant County, Texas", "variable": "B01003_001", "estimate": 4549, "moe": 1340, "coverage_all": 12565.469, "coverage_na": 7219.4495, "coverage_4050": 4462.7827, "coverage_5060": 637.9848, "coverage_6070": 122.677, "coverage_7080": 104.3653, "coverage_8090": 18.2098, "coverage_90": 0.0, "noise4050n": 1401.8961, "noise5060n": 208.2813, "noise6070n": 38.3176, "noise7080n": 32.598, "noise8090n": 5.6877, "noise90n": 0.0, "noise4050p": 0.3552, "noise5060p": 0.0508, "noise6070p": 0.0098, "noise7080p": 0.0083, "noise8090p": 0.0014, "noise90p": 0.0 }, "geometry": { "type": "MultiPolygon", "coordinates": [ [ [ [ -97.168047000093836, 32.985486000104075 ], [ -97.167211000081636, 32.986126999921908 ], [ -97.167256999689911, 32.987117999686895 ], [ -97.167258999855164, 32.990564000135755 ], [ -97.156846999681406, 32.990499999957152 ], [ -97.137580000026531, 32.990377000427436 ], [ -97.130244000089277, 32.990334999801561 ], [ -97.12414299984232, 32.99029599958876 ], [ -97.109231999594073, 32.990203000451544 ], [ -97.109271999834405, 32.9879100001938 ], [ -97.109048999771971, 32.98627099993773 ], [ -97.109021999793626, 32.986087000076701 ], [ -97.108932999871925, 32.985487000035029 ], [ -97.110185999879874, 32.984928999696535 ], [ -97.110198999561604, 32.98271599985916 ], [ -97.113028999797336, 32.98040599992337 ], [ -97.114928999570168, 32.974883000191539 ], [ -97.114235999532326, 32.972629999591291 ], [ -97.115657999914276, 32.97259400029575 ], [ -97.115937999775412, 32.970485000203972 ], [ -97.116718999647489, 32.970394999687962 ], [ -97.127046999697768, 32.970132999999187 ], [ -97.127484999561972, 32.968724000266221 ], [ -97.128767000418932, 32.969721000014772 ], [ -97.134002000498057, 32.97054200008796 ], [ -97.134968999927509, 32.970886000147701 ], [ -97.149599000363608, 32.970949000406222 ], [ -97.150824999691196, 32.970641000080427 ], [ -97.150963000438551, 32.961259999668442 ], [ -97.15096200023045, 32.961011000121587 ], [ -97.153440999723799, 32.962016000263034 ], [ -97.155404999667596, 32.963581999872794 ], [ -97.156435000345127, 32.964871999639591 ], [ -97.158768999697529, 32.970401000014 ], [ -97.160410999715211, 32.973923000037097 ], [ -97.1624029995493, 32.976247000405031 ], [ -97.167170000400958, 32.982857999744787 ], [ -97.168105000400985, 32.983666000295806 ], [ -97.168047000093836, 32.985486000104075 ] ] ] ] } },
{ "type": "Feature", "properties": { "GEOID": "48439113956", "NAME": "Census Tract 1139.56, Tarrant County, Texas", "variable": "B01003_001", "estimate": 5706, "moe": 823, "coverage_all": 10897.8101, "coverage_na": 2351.2305, "coverage_4050": 4350.9132, "coverage_5060": 3592.6921, "coverage_6070": 390.3256, "coverage_7080": 185.0253, "coverage_8090": 27.6234, "coverage_90": 0.0, "noise4050n": 2244.4243, "noise5060n": 1767.5202, "noise6070n": 213.5945, "noise7080n": 88.2888, "noise8090n": 12.6513, "noise90n": 0.0, "noise4050p": 0.3992, "noise5060p": 0.3297, "noise6070p": 0.0358, "noise7080p": 0.017, "noise8090p": 0.0025, "noise90p": 0.0 }, "geometry": { "type": "MultiPolygon", "coordinates": [ [ [ [ -97.15096200023045, 32.961011000121587 ], [ -97.150963000438551, 32.961259999668442 ], [ -97.150824999691196, 32.970641000080427 ], [ -97.149599000363608, 32.970949000406222 ], [ -97.134968999927509, 32.970886000147701 ], [ -97.134002000498057, 32.97054200008796 ], [ -97.128767000418932, 32.969721000014772 ], [ -97.127484999561972, 32.968724000266221 ], [ -97.122543999717919, 32.964826999903373 ], [ -97.120543000062199, 32.962419999794299 ], [ -97.116706000440658, 32.96079599995538 ], [ -97.116677000381799, 32.954907999967922 ], [ -97.116681999918498, 32.944228000112339 ], [ -97.116665000079763, 32.94370500017093 ], [ -97.116657999751254, 32.943479000092921 ], [ -97.116607000200787, 32.942981999783434 ], [ -97.116082000469177, 32.940813999750667 ], [ -97.117090999724624, 32.940946999908398 ], [ -97.133587999883929, 32.941080000271313 ], [ -97.145591999953936, 32.941065000284006 ], [ -97.151017999919105, 32.941530000361468 ], [ -97.15096200023045, 32.961011000121587 ] ] ] ] } },
{ "type": "Feature", "properties": { "GEOID": "48439113957", "NAME": "Census Tract 1139.57, Tarrant County, Texas", "variable": "B01003_001", "estimate": 4174, "moe": 456, "coverage_all": 6456.7646, "coverage_na": 4122.8634, "coverage_4050": 1609.8719, "coverage_5060": 664.8014, "coverage_6070": 53.7897, "coverage_7080": 5.4382, "coverage_8090": 0.0, "coverage_90": 0.0, "noise4050n": 902.7752, "noise5060n": 398.13, "noise6070n": 32.8394, "noise7080n": 3.5304, "noise8090n": 0.0, "noise90n": 0.0, "noise4050p": 0.2493, "noise5060p": 0.103, "noise6070p": 0.0083, "noise7080p": 0.0008, "noise8090p": 0.0, "noise90p": 0.0 }, "geometry": { "type": "MultiPolygon", "coordinates": [ [ [ [ -97.155214000241529, 32.934714000336676 ], [ -97.153713999671638, 32.937484999989358 ], [ -97.151087000087941, 32.94029500033718 ], [ -97.151017999919105, 32.941530000361468 ], [ -97.145591999953936, 32.941065000284006 ], [ -97.133587999883929, 32.941080000271313 ], [ -97.117090999724624, 32.940946999908398 ], [ -97.116082000469177, 32.940813999750667 ], [ -97.116111000187075, 32.940046999914543 ], [ -97.116035999867023, 32.931984000280572 ], [ -97.117414000022379, 32.931734000380821 ], [ -97.11792500048638, 32.926229000155736 ], [ -97.12758499989333, 32.926250999615597 ], [ -97.133584000020093, 32.926276999904509 ], [ -97.142045999471648, 32.92621699995717 ], [ -97.155918999495825, 32.92641199969141 ], [ -97.155214000241529, 32.934714000336676 ] ] ] ] } },
{ "type": "Feature", "properties": { "GEOID": "48439113958", "NAME": "Census Tract 1139.58, Tarrant County, Texas", "variable": "B01003_001", "estimate": 2018, "moe": 353, "coverage_all": 3029.4349, "coverage_na": 2750.8372, "coverage_4050": 156.7328, "coverage_5060": 115.082, "coverage_6070": 6.7828, "coverage_7080": 0.0, "coverage_8090": 0.0, "coverage_90": 0.0, "noise4050n": 80.454, "noise5060n": 63.5205, "noise6070n": 3.104, "noise7080n": 0.0, "noise8090n": 0.0, "noise90n": 0.0, "noise4050p": 0.0517, "noise5060p": 0.038, "noise6070p": 0.0022, "noise7080p": 0.0, "noise8090p": 0.0, "noise90p": 0.0 }, "geometry": { "type": "MultiPolygon", "coordinates": [ [ [ [ -97.156560000196563, 32.925339999927466 ], [ -97.155918999495825, 32.92641199969141 ], [ -97.142045999471648, 32.92621699995717 ], [ -97.133584000020093, 32.926276999904509 ], [ -97.12758499989333, 32.926250999615597 ], [ -97.127685000102701, 32.92290100008826 ], [ -97.127120999479757, 32.921584000246355 ], [ -97.126254, 32.915277000334001 ], [ -97.129586000157317, 32.914059999759793 ], [ -97.129794000123667, 32.914751999819231 ], [ -97.129579000500797, 32.916521999618865 ], [ -97.130547999545186, 32.91801299983414 ], [ -97.130251999764326, 32.918950999571926 ], [ -97.136309999658494, 32.919004000103484 ], [ -97.136267999744902, 32.917728000117791 ], [ -97.136030999698164, 32.917150000251702 ], [ -97.139068999863852, 32.916355000236017 ], [ -97.143318999896906, 32.918272999937734 ], [ -97.144864999860971, 32.918638999829469 ], [ -97.147043999618177, 32.917507000107868 ], [ -97.148890000211253, 32.916839999901534 ], [ -97.150104000235046, 32.917850000394651 ], [ -97.154571000287973, 32.916982999635003 ], [ -97.157728000333151, 32.919856999779739 ], [ -97.156560000196563, 32.925339999927466 ] ] ] ] } },
{ "type": "Feature", "properties": { "GEOID": "48439114003", "NAME": "Census Tract 1140.03, Tarrant County, Texas", "variable": "B01003_001", "estimate": 8206, "moe": 912, "coverage_all": 12711.134, "coverage_na": 926.0, "coverage_4050": 4845.6158, "coverage_5060": 6193.6175, "coverage_6070": 583.8924, "coverage_7080": 122.0819, "coverage_8090": 35.652, "coverage_90": 4.2745, "noise4050n": 3010.5336, "noise5060n": 3745.1364, "noise6070n": 346.3351, "noise7080n": 66.8262, "noise8090n": 19.4244, "noise90n": 2.8213, "noise4050p": 0.3812, "noise5060p": 0.4873, "noise6070p": 0.0459, "noise7080p": 0.0096, "noise8090p": 0.0028, "noise90p": 0.0003 }, "geometry": { "type": "MultiPolygon", "coordinates": [ [ [ [ -97.381236000455957, 32.880823999968641 ], [ -97.376087999757047, 32.880825999930735 ], [ -97.374661000204867, 32.881291999807736 ], [ -97.373240999587694, 32.882937000292465 ], [ -97.371791000382103, 32.883747000387721 ], [ -97.369963999788837, 32.883813999907893 ], [ -97.362795999521836, 32.883748999856827 ], [ -97.34972999965197, 32.88377799978803 ], [ -97.342776999713593, 32.884012999716361 ], [ -97.342521999494807, 32.88332199958586 ], [ -97.342469999800798, 32.881952999638671 ], [ -97.342409000427011, 32.870807000380594 ], [ -97.342348000425574, 32.862921000216168 ], [ -97.342700999496842, 32.861508000032138 ], [ -97.338688999567268, 32.861405999648561 ], [ -97.33723999996451, 32.860584999712451 ], [ -97.335587999718712, 32.858636000371177 ], [ -97.335398000316033, 32.858357999841914 ], [ -97.333730999827253, 32.855911999879154 ], [ -97.333598999546481, 32.855595999675415 ], [ -97.333650000153028, 32.854603999837998 ], [ -97.333532000198204, 32.853681999664296 ], [ -97.333584999668417, 32.851816000097976 ], [ -97.333447000372701, 32.850371999720721 ], [ -97.333088000162178, 32.850094000301247 ], [ -97.330385000497813, 32.849020000379767 ], [ -97.329647999599828, 32.847924000260505 ], [ -97.330681999646956, 32.847844000117554 ], [ -97.333102000306766, 32.847834999652875 ], [ -97.342590000378081, 32.847859000299948 ], [ -97.342609000412224, 32.84283200016084 ], [ -97.343014999501762, 32.842849000236775 ], [ -97.345499000135902, 32.842730000433505 ], [ -97.347306999626198, 32.842385000184635 ], [ -97.347510999649401, 32.842332999945015 ], [ -97.347680000233069, 32.842527999817271 ], [ -97.34784200012804, 32.842992999592902 ], [ -97.352127999936414, 32.847899999938313 ], [ -97.359449000317653, 32.847915000077393 ], [ -97.360144999863223, 32.847857999721214 ], [ -97.360171000528354, 32.848162000440993 ], [ -97.361068000312471, 32.855231000366395 ], [ -97.361527000441157, 32.856726999709913 ], [ -97.362488999741544, 32.858595000058969 ], [ -97.363915999754369, 32.860211000139714 ], [ -97.369914000478005, 32.867295000144622 ], [ -97.374185999603895, 32.872206000192129 ], [ -97.378626999471791, 32.877282999847935 ], [ -97.381744000133111, 32.880835000042239 ], [ -97.381236000455957, 32.880823999968641 ] ] ] ] } },
{ "type": "Feature", "properties": { "GEOID": "48439114006", "NAME": "Census Tract 1140.06, Tarrant County, Texas", "variable": "B01003_001", "estimate": 6129, "moe": 695, "coverage_all": 3504.3821, "coverage_na": 0.0, "coverage_4050": 1231.5225, "coverage_5060": 2197.7157, "coverage_6070": 72.5178, "coverage_7080": 2.6261, "coverage_8090": 0.0, "coverage_90": 0.0, "noise4050n": 1712.835, "noise5060n": 4259.9239, "noise6070n": 150.691, "noise7080n": 5.5501, "noise8090n": 0.0, "noise90n": 0.0, "noise4050p": 0.3514, "noise5060p": 0.6271, "noise6070p": 0.0207, "noise7080p": 0.0007, "noise8090p": 0.0, "noise90p": 0.0 }, "geometry": { "type": "MultiPolygon", "coordinates": [ [ [ [ -97.390660000485013, 32.858575000198066 ], [ -97.380231999612562, 32.858626000268266 ], [ -97.374028000295084, 32.858571999823205 ], [ -97.369985000401115, 32.85851599991156 ], [ -97.369335999808541, 32.858683000315359 ], [ -97.363915999754369, 32.860211000139714 ], [ -97.362488999741544, 32.858595000058969 ], [ -97.361527000441157, 32.856726999709913 ], [ -97.361068000312471, 32.855231000366395 ], [ -97.360171000528354, 32.848162000440993 ], [ -97.360144999863223, 32.847857999721214 ], [ -97.369327999655908, 32.847880999756548 ], [ -97.369382999590187, 32.847878999668666 ], [ -97.370101999894487, 32.847862000179383 ], [ -97.370688999869571, 32.847896000422075 ], [ -97.376397999551884, 32.847986000134277 ], [ -97.377143999501101, 32.847972999759229 ], [ -97.386390000378768, 32.848020000237376 ], [ -97.388467000052742, 32.851147000356157 ], [ -97.390660000485013, 32.858575000198066 ] ] ] ] } },
{ "type": "Feature", "properties": { "GEOID": "48439114009", "NAME": "Census Tract 1140.09, Tarrant County, Texas", "variable": "B01003_001", "estimate": 4848, "moe": 730, "coverage_all": 4972.6688, "coverage_na": 4668.6606, "coverage_4050": 84.1789, "coverage_5060": 219.8293, "coverage_6070": 0.0, "coverage_7080": 0.0, "coverage_8090": 0.0, "coverage_90": 0.0, "noise4050n": 90.4279, "noise5060n": 202.269, "noise6070n": 0.0, "noise7080n": 0.0, "noise8090n": 0.0, "noise90n": 0.0, "noise4050p": 0.0169, "noise5060p": 0.0442, "noise6070p": 0.0, "noise7080p": 0.0, "noise8090p": 0.0, "noise90p": 0.0 }, "geometry": { "type": "MultiPolygon", "coordinates": [ [ [ [ -97.426212000434901, 32.857569000439078 ], [ -97.426133999779651, 32.862988000294983 ], [ -97.425993000343254, 32.870209999700272 ], [ -97.417340999732204, 32.870037999804637 ], [ -97.416831000178476, 32.869890999656178 ], [ -97.411086999645818, 32.869832999651031 ], [ -97.404974999520277, 32.869807999899656 ], [ -97.4040560001486, 32.868806000207591 ], [ -97.401502999965146, 32.863839999677559 ], [ -97.401793999953753, 32.861650999631919 ], [ -97.401062000451986, 32.858051000152017 ], [ -97.399695000356729, 32.857070999712356 ], [ -97.399466999652972, 32.856664999844796 ], [ -97.400681000160844, 32.855195000110861 ], [ -97.400179000100962, 32.852341999665413 ], [ -97.41131899956774, 32.852378000099655 ], [ -97.411391000029411, 32.852378999650213 ], [ -97.417581999689389, 32.852437999557488 ], [ -97.418970999532505, 32.852291999823613 ], [ -97.426316999675862, 32.85230900042496 ], [ -97.426212000434901, 32.857569000439078 ] ] ] ] } },
{ "type": "Feature", "properties": { "GEOID": "48439114010", "NAME": "Census Tract 1140.10, Tarrant County, Texas", "variable": "B01003_001", "estimate": 8097, "moe": 1956, "coverage_all": 6469.9974, "coverage_na": 4652.6109, "coverage_4050": 1409.1519, "coverage_5060": 310.8073, "coverage_6070": 44.5702, "coverage_7080": 43.66, "coverage_8090": 9.197, "coverage_90": 0.0, "noise4050n": 1182.3803, "noise5060n": 416.088, "noise6070n": 27.5891, "noise7080n": 27.0257, "noise8090n": 5.693, "noise90n": 0.0, "noise4050p": 0.2178, "noise5060p": 0.048, "noise6070p": 0.0069, "noise7080p": 0.0067, "noise8090p": 0.0014, "noise90p": 0.0 }, "geometry": { "type": "MultiPolygon", "coordinates": [ [ [ [ -97.417581999689389, 32.852437999557488 ], [ -97.411391000029411, 32.852378999650213 ], [ -97.41131899956774, 32.852378000099655 ], [ -97.400179000100962, 32.852341999665413 ], [ -97.398755000392612, 32.851359999949423 ], [ -97.397614999868495, 32.848247000353858 ], [ -97.398423000343968, 32.847409000240638 ], [ -97.396379999613018, 32.843950000035576 ], [ -97.396816999659777, 32.84261299977284 ], [ -97.395799000214652, 32.840856999622801 ], [ -97.395582999689651, 32.840766999808615 ], [ -97.395838000228224, 32.840232000423775 ], [ -97.396193000338442, 32.839858000395523 ], [ -97.395998999839023, 32.835560000290265 ], [ -97.395900000279767, 32.833200999690732 ], [ -97.395368000322449, 32.830221999940122 ], [ -97.39243699995049, 32.826250000333097 ], [ -97.390219999475349, 32.828850000124518 ], [ -97.39070400016908, 32.825860999850192 ], [ -97.394900000425167, 32.823306999687404 ], [ -97.394147999519433, 32.822271999763878 ], [ -97.401332000155804, 32.818995000252428 ], [ -97.403972000078952, 32.81774900028018 ], [ -97.404413999801761, 32.818394999694164 ], [ -97.405014000085629, 32.818765000061212 ], [ -97.405759000407329, 32.821267000421699 ], [ -97.409356999608349, 32.827756999629145 ], [ -97.409185000376411, 32.828527000224376 ], [ -97.40680600018986, 32.832289999622589 ], [ -97.41106499952285, 32.834180000288498 ], [ -97.415644999894681, 32.836255000063915 ], [ -97.417802999884543, 32.839287000432918 ], [ -97.417581999689389, 32.852437999557488 ] ] ] ] } },
{ "type": "Feature", "properties": { "GEOID": "48439114011", "NAME": "Census Tract 1140.11, Tarrant County, Texas", "variable": "B01003_001", "estimate": 6109, "moe": 763, "coverage_all": 4008.3856, "coverage_na": 3608.4361, "coverage_4050": 119.5976, "coverage_5060": 244.2934, "coverage_6070": 15.939, "coverage_7080": 13.2638, "coverage_8090": 6.8556, "coverage_90": 0.0, "noise4050n": 176.5805, "noise5060n": 367.6714, "noise6070n": 23.1461, "noise7080n": 19.3397, "noise8090n": 9.996, "noise90n": 0.0, "noise4050p": 0.0298, "noise5060p": 0.0609, "noise6070p": 0.004, "noise7080p": 0.0033, "noise8090p": 0.0017, "noise90p": 0.0 }, "geometry": { "type": "MultiPolygon", "coordinates": [ [ [ [ -97.426316999675862, 32.85230900042496 ], [ -97.418970999532505, 32.852291999823613 ], [ -97.417581999689389, 32.852437999557488 ], [ -97.417802999884543, 32.839287000432918 ], [ -97.415644999894681, 32.836255000063915 ], [ -97.41106499952285, 32.834180000288498 ], [ -97.40680600018986, 32.832289999622589 ], [ -97.409185000376411, 32.828527000224376 ], [ -97.409356999608349, 32.827756999629145 ], [ -97.405759000407329, 32.821267000421699 ], [ -97.405014000085629, 32.818765000061212 ], [ -97.404413999801761, 32.818394999694164 ], [ -97.403972000078952, 32.81774900028018 ], [ -97.407447000092716, 32.816187000445922 ], [ -97.407853999507182, 32.816002000398669 ], [ -97.407838999564305, 32.821466999888202 ], [ -97.411406000062783, 32.821506999982461 ], [ -97.419993999747575, 32.821559000054719 ], [ -97.420016000167053, 32.82386599977437 ], [ -97.420081000414953, 32.827754999865313 ], [ -97.424185000138522, 32.831298999642598 ], [ -97.425208999838205, 32.832996000194356 ], [ -97.425274999782914, 32.836333999692513 ], [ -97.425292000095737, 32.840076999785687 ], [ -97.426427000430223, 32.844675000293641 ], [ -97.426316999675862, 32.85230900042496 ] ] ] ] } },
{ "type": "Feature", "properties": { "GEOID": "48439114012", "NAME": "Census Tract 1140.12, Tarrant County, Texas", "variable": "B01003_001", "estimate": 9391, "moe": 1439, "coverage_all": 8180.3604, "coverage_na": 5830.1356, "coverage_4050": 1859.2898, "coverage_5060": 438.9732, "coverage_6070": 46.4432, "coverage_7080": 5.5186, "coverage_8090": 0.0, "coverage_90": 0.0, "noise4050n": 3078.7788, "noise5060n": 631.6631, "noise6070n": 57.9533, "noise7080n": 6.9118, "noise8090n": 0.0, "noise90n": 0.0, "noise4050p": 0.2273, "noise5060p": 0.0537, "noise6070p": 0.0057, "noise7080p": 0.0007, "noise8090p": 0.0, "noise90p": 0.0 }, "geometry": { "type": "MultiPolygon", "coordinates": [ [ [ [ -97.425829999818149, 32.879871000300746 ], [ -97.425821000398727, 32.881085999904649 ], [ -97.425808000050552, 32.884031999748267 ], [ -97.425799999514624, 32.886947000406366 ], [ -97.425872999823966, 32.887631000027838 ], [ -97.424795999758842, 32.887639000392888 ], [ -97.419704000510734, 32.887624999938588 ], [ -97.41737800037599, 32.888480000191137 ], [ -97.408745999587964, 32.888417999573903 ], [ -97.408711000341185, 32.88831099963032 ], [ -97.408745999783903, 32.8809800003568 ], [ -97.391392000128107, 32.880876999834108 ], [ -97.390944000195546, 32.880864000294011 ], [ -97.390875000225378, 32.874833999823196 ], [ -97.390787000189292, 32.86967300016682 ], [ -97.390760000354618, 32.869075999672553 ], [ -97.390728000495869, 32.862476000213576 ], [ -97.390660000485013, 32.858575000198066 ], [ -97.388467000052742, 32.851147000356157 ], [ -97.394448999903872, 32.852282000390787 ], [ -97.39960099966568, 32.852331999700006 ], [ -97.400179000100962, 32.852341999665413 ], [ -97.400681000160844, 32.855195000110861 ], [ -97.399466999652972, 32.856664999844796 ], [ -97.399695000356729, 32.857070999712356 ], [ -97.401062000451986, 32.858051000152017 ], [ -97.401793999953753, 32.861650999631919 ], [ -97.401502999965146, 32.863839999677559 ], [ -97.4040560001486, 32.868806000207591 ], [ -97.404974999520277, 32.869807999899656 ], [ -97.411086999645818, 32.869832999651031 ], [ -97.416831000178476, 32.869890999656178 ], [ -97.417340999732204, 32.870037999804637 ], [ -97.425993000343254, 32.870209999700272 ], [ -97.425829999818149, 32.879871000300746 ] ] ] ] } },
{ "type": "Feature", "properties": { "GEOID": "48439114013", "NAME": "Census Tract 1140.13, Tarrant County, Texas", "variable": "B01003_001", "estimate": 9308, "moe": 2060, "coverage_all": 8813.3316, "coverage_na": 0.0, "coverage_4050": 4703.0853, "coverage_5060": 3138.0317, "coverage_6070": 648.0052, "coverage_7080": 262.6974, "coverage_8090": 60.5121, "coverage_90": 1.0, "noise4050n": 4996.0066, "noise5060n": 3622.6511, "noise6070n": 474.1591, "noise7080n": 175.4601, "noise8090n": 38.943, "noise90n": 0.78, "noise4050p": 0.5336, "noise5060p": 0.3561, "noise6070p": 0.0735, "noise7080p": 0.0298, "noise8090p": 0.0069, "noise90p": 0.0001 }, "geometry": { "type": "MultiPolygon", "coordinates": [ [ [ [ -97.39960099966568, 32.852331999700006 ], [ -97.394448999903872, 32.852282000390787 ], [ -97.388467000052742, 32.851147000356157 ], [ -97.386390000378768, 32.848020000237376 ], [ -97.377143999501101, 32.847972999759229 ], [ -97.376397999551884, 32.847986000134277 ], [ -97.370688999869571, 32.847896000422075 ], [ -97.370101999894487, 32.847862000179383 ], [ -97.369382999590187, 32.847878999668666 ], [ -97.369327999655908, 32.847880999756548 ], [ -97.360144999863223, 32.847857999721214 ], [ -97.359449000317653, 32.847915000077393 ], [ -97.352127999936414, 32.847899999938313 ], [ -97.34784200012804, 32.842992999592902 ], [ -97.347680000233069, 32.842527999817271 ], [ -97.347510999649401, 32.842332999945015 ], [ -97.357955999784039, 32.838358000372381 ], [ -97.362809000313831, 32.836538999965136 ], [ -97.370792000257694, 32.833428999696928 ], [ -97.379380000344497, 32.829491999671788 ], [ -97.385184999764164, 32.82650900001741 ], [ -97.394147999519433, 32.822271999763878 ], [ -97.394900000425167, 32.823306999687404 ], [ -97.39070400016908, 32.825860999850192 ], [ -97.390219999475349, 32.828850000124518 ], [ -97.39243699995049, 32.826250000333097 ], [ -97.395368000322449, 32.830221999940122 ], [ -97.395900000279767, 32.833200999690732 ], [ -97.395998999839023, 32.835560000290265 ], [ -97.396193000338442, 32.839858000395523 ], [ -97.395838000228224, 32.840232000423775 ], [ -97.395582999689651, 32.840766999808615 ], [ -97.395799000214652, 32.840856999622801 ], [ -97.396816999659777, 32.84261299977284 ], [ -97.396379999613018, 32.843950000035576 ], [ -97.398423000343968, 32.847409000240638 ], [ -97.397614999868495, 32.848247000353858 ], [ -97.398755000392612, 32.851359999949423 ], [ -97.400179000100962, 32.852341999665413 ], [ -97.39960099966568, 32.852331999700006 ] ] ] ] } },
{ "type": "Feature", "properties": { "GEOID": "48439114014", "NAME": "Census Tract 1140.14, Tarrant County, Texas", "variable": "B01003_001", "estimate": 7038, "moe": 1225, "coverage_all": 3502.1454, "coverage_na": 0.0, "coverage_4050": 1886.7475, "coverage_5060": 1605.9413, "coverage_6070": 9.4567, "coverage_7080": 0.0, "coverage_8090": 0.0, "coverage_90": 0.0, "noise4050n": 3697.2316, "noise5060n": 3323.5413, "noise6070n": 17.2271, "noise7080n": 0.0, "noise8090n": 0.0, "noise90n": 0.0, "noise4050p": 0.5387, "noise5060p": 0.4586, "noise6070p": 0.0027, "noise7080p": 0.0, "noise8090p": 0.0, "noise90p": 0.0 }, "geometry": { "type": "MultiPolygon", "coordinates": [ [ [ [ -97.390944000195546, 32.880864000294011 ], [ -97.381744000133111, 32.880835000042239 ], [ -97.378626999471791, 32.877282999847935 ], [ -97.374185999603895, 32.872206000192129 ], [ -97.375951999608148, 32.871395000123364 ], [ -97.377593999535691, 32.870240000091201 ], [ -97.379452999771559, 32.869425000305796 ], [ -97.379553999677952, 32.866706000131991 ], [ -97.376258000416911, 32.866536999886932 ], [ -97.376317000475638, 32.862000000439956 ], [ -97.374154999624352, 32.860452000411733 ], [ -97.374028000295084, 32.858571999823205 ], [ -97.380231999612562, 32.858626000268266 ], [ -97.390660000485013, 32.858575000198066 ], [ -97.390728000495869, 32.862476000213576 ], [ -97.390760000354618, 32.869075999672553 ], [ -97.390787000189292, 32.86967300016682 ], [ -97.390875000225378, 32.874833999823196 ], [ -97.390944000195546, 32.880864000294011 ] ] ] ] } },
{ "type": "Feature", "properties": { "GEOID": "48439114015", "NAME": "Census Tract 1140.15, Tarrant County, Texas", "variable": "B01003_001", "estimate": 3814, "moe": 1427, "coverage_all": 1239.7393, "coverage_na": 0.0, "coverage_4050": 46.5705, "coverage_5060": 1186.1075, "coverage_6070": 6.9485, "coverage_7080": 0.1128, "coverage_8090": 0.0, "coverage_90": 0.0, "noise4050n": 115.5341, "noise5060n": 3674.7969, "noise6070n": 23.2893, "noise7080n": 0.3797, "noise8090n": 0.0, "noise90n": 0.0, "noise4050p": 0.0376, "noise5060p": 0.9567, "noise6070p": 0.0056, "noise7080p": 0.0001, "noise8090p": 0.0, "noise90p": 0.0 }, "geometry": { "type": "MultiPolygon", "coordinates": [ [ [ [ -97.379452999771559, 32.869425000305796 ], [ -97.377593999535691, 32.870240000091201 ], [ -97.375951999608148, 32.871395000123364 ], [ -97.374185999603895, 32.872206000192129 ], [ -97.369914000478005, 32.867295000144622 ], [ -97.363915999754369, 32.860211000139714 ], [ -97.369335999808541, 32.858683000315359 ], [ -97.369985000401115, 32.85851599991156 ], [ -97.374028000295084, 32.858571999823205 ], [ -97.374154999624352, 32.860452000411733 ], [ -97.376317000475638, 32.862000000439956 ], [ -97.376258000416911, 32.866536999886932 ], [ -97.379553999677952, 32.866706000131991 ], [ -97.379452999771559, 32.869425000305796 ] ] ] ] } },
{ "type": "Feature", "properties": { "GEOID": "48439114105", "NAME": "Census Tract 1141.05, Tarrant County, Texas", "variable": "B01003_001", "estimate": 3179, "moe": 348, "coverage_all": 74365.5129, "coverage_na": 67924.7463, "coverage_4050": 3943.2447, "coverage_5060": 2055.0349, "coverage_6070": 351.7225, "coverage_7080": 73.7646, "coverage_8090": 8.0, "coverage_90": 9.0, "noise4050n": 128.463, "noise5060n": 66.7313, "noise6070n": 11.5204, "noise7080n": 2.4018, "noise8090n": 0.2515, "noise90n": 0.2665, "noise4050p": 0.053, "noise5060p": 0.0276, "noise6070p": 0.0047, "noise7080p": 0.001, "noise8090p": 0.0001, "noise90p": 0.0001 }, "geometry": { "type": "MultiPolygon", "coordinates": [ [ [ [ -97.514108000117162, 32.94945199977527 ], [ -97.511828000153116, 32.953376999862776 ], [ -97.511638000515532, 32.953754999810023 ], [ -97.511441000517863, 32.955466000028792 ], [ -97.509037000395978, 32.959023999670727 ], [ -97.50616799980746, 32.960901000403481 ], [ -97.504519000327804, 32.963959999952188 ], [ -97.505081000310213, 32.967380000358744 ], [ -97.506711000257454, 32.969516999955736 ], [ -97.509503999987018, 32.972263999901998 ], [ -97.510247000492697, 32.973950999825206 ], [ -97.509872999878127, 32.976845999763022 ], [ -97.508749999955938, 32.98034399974857 ], [ -97.507843000337729, 32.984488999930022 ], [ -97.507540999524807, 32.987424999948026 ], [ -97.507831000313431, 32.989821000136743 ], [ -97.509689999782807, 32.992039000329584 ], [ -97.510056999472638, 32.992425999681927 ], [ -97.512606999772075, 32.99393499992388 ], [ -97.50903299988633, 32.99384500005646 ], [ -97.498065999515546, 32.993627000045414 ], [ -97.469833999663464, 32.993110999637686 ], [ -97.468443000093259, 32.992990999956106 ], [ -97.467754999682043, 32.992962000303272 ], [ -97.467673000082272, 32.992958000009963 ], [ -97.467147999591333, 32.992934999997644 ], [ -97.452968999990858, 32.992444999557698 ], [ -97.446057000220051, 32.992236999572981 ], [ -97.443496000418506, 32.992252999768766 ], [ -97.431123000094146, 32.992326000269408 ], [ -97.424295000423498, 32.977739000307096 ], [ -97.420953999992761, 32.970616000244597 ], [ -97.420557000307014, 32.969144999558281 ], [ -97.420539000505116, 32.967864000378512 ], [ -97.420723000400869, 32.963277000349422 ], [ -97.420721000280565, 32.957465000344939 ], [ -97.4208110000029, 32.941820999588138 ], [ -97.420531999609068, 32.940735999909371 ], [ -97.417630000403605, 32.935153000193061 ], [ -97.412054000532578, 32.924584999972964 ], [ -97.423015000468766, 32.924702000432184 ], [ -97.428248000221615, 32.923985000013687 ], [ -97.448695999810568, 32.923978999851926 ], [ -97.454538000298669, 32.923965999998217 ], [ -97.455997999938177, 32.923644999558384 ], [ -97.456983999657893, 32.923169999804543 ], [ -97.463586000329386, 32.917342999953647 ], [ -97.465691000058968, 32.916474000043785 ], [ -97.468155000213571, 32.915967999760277 ], [ -97.467208999599421, 32.912511000387937 ], [ -97.469761000251367, 32.911287000180735 ], [ -97.471627999702733, 32.911733999962088 ], [ -97.47300799947412, 32.913315999823304 ], [ -97.475889000388818, 32.911980000264577 ], [ -97.483193999998392, 32.909709000068538 ], [ -97.488257999676634, 32.908559999896774 ], [ -97.493763999975712, 32.905546000373597 ], [ -97.496653000109859, 32.911174999759588 ], [ -97.497185999500559, 32.915093000176675 ], [ -97.496119999889473, 32.919004000015327 ], [ -97.496081000203347, 32.921879999864764 ], [ -97.497138999725081, 32.925041000244043 ], [ -97.498300999695473, 32.9265919997111 ], [ -97.502576999519661, 32.929246000108634 ], [ -97.504196999703012, 32.930706000379622 ], [ -97.504881999548189, 32.932159000309213 ], [ -97.505032999998647, 32.933605000261437 ], [ -97.508445999588218, 32.935741000071481 ], [ -97.512553999713489, 32.941265999832758 ], [ -97.513869000283378, 32.944207000096043 ], [ -97.514364999573218, 32.946418000410695 ], [ -97.514108000117162, 32.94945199977527 ] ] ] ] } },
{ "type": "Feature", "properties": { "GEOID": "48439114106", "NAME": "Census Tract 1141.06, Tarrant County, Texas", "variable": "B01003_001", "estimate": 6088, "moe": 861, "coverage_all": 24571.1216, "coverage_na": 22118.9775, "coverage_4050": 1740.0203, "coverage_5060": 707.4926, "coverage_6070": 4.6311, "coverage_7080": 0.0, "coverage_8090": 0.0, "coverage_90": 0.0, "noise4050n": 728.5075, "noise5060n": 379.7196, "noise6070n": 2.7201, "noise7080n": 0.0, "noise8090n": 0.0, "noise90n": 0.0, "noise4050p": 0.0708, "noise5060p": 0.0288, "noise6070p": 0.0002, "noise7080p": 0.0, "noise8090p": 0.0, "noise90p": 0.0 }, "geometry": { "type": "MultiPolygon", "coordinates": [ [ [ [ -97.468155000213571, 32.915967999760277 ], [ -97.465691000058968, 32.916474000043785 ], [ -97.463586000329386, 32.917342999953647 ], [ -97.456983999657893, 32.923169999804543 ], [ -97.455997999938177, 32.923644999558384 ], [ -97.454538000298669, 32.923965999998217 ], [ -97.448695999810568, 32.923978999851926 ], [ -97.428248000221615, 32.923985000013687 ], [ -97.423015000468766, 32.924702000432184 ], [ -97.412054000532578, 32.924584999972964 ], [ -97.411688000490216, 32.923886000083478 ], [ -97.409213000464106, 32.919006000072223 ], [ -97.402494000229623, 32.904865000171753 ], [ -97.39804199982494, 32.899425000129526 ], [ -97.388678999472575, 32.888724000094008 ], [ -97.38814999991169, 32.888111999947554 ], [ -97.386262000081842, 32.885931999627608 ], [ -97.381744000133111, 32.880835000042239 ], [ -97.390944000195546, 32.880864000294011 ], [ -97.391392000128107, 32.880876999834108 ], [ -97.408745999783903, 32.8809800003568 ], [ -97.408711000341185, 32.88831099963032 ], [ -97.408745999587964, 32.888417999573903 ], [ -97.41737800037599, 32.888480000191137 ], [ -97.419704000510734, 32.887624999938588 ], [ -97.424795999758842, 32.887639000392888 ], [ -97.425872999823966, 32.887631000027838 ], [ -97.428100999466707, 32.891214999722649 ], [ -97.429189999898711, 32.892124999935113 ], [ -97.430509000281205, 32.892569999583039 ], [ -97.435299000240718, 32.892991000218487 ], [ -97.443044999527004, 32.893599999726874 ], [ -97.444256000070808, 32.893884999718466 ], [ -97.445592999854313, 32.894796999678604 ], [ -97.446391999582033, 32.896293999594299 ], [ -97.446431999865808, 32.896394000070501 ], [ -97.447850999877119, 32.897888999829817 ], [ -97.455280000261467, 32.898269000070677 ], [ -97.457503999496609, 32.898710999918421 ], [ -97.460892000087355, 32.90105800011095 ], [ -97.463955000358808, 32.903356999634184 ], [ -97.464852999657282, 32.904462999576033 ], [ -97.467208999599421, 32.912511000387937 ], [ -97.468155000213571, 32.915967999760277 ] ] ] ] } },
{ "type": "Feature", "properties": { "GEOID": "48439114107", "NAME": "Census Tract 1141.07, Tarrant County, Texas", "variable": "B01003_001", "estimate": 4525, "moe": 983, "coverage_all": 13798.7823, "coverage_na": 13418.9881, "coverage_4050": 115.9972, "coverage_5060": 250.7421, "coverage_6070": 12.5735, "coverage_7080": 0.4814, "coverage_8090": 0.0, "coverage_90": 0.0, "noise4050n": 64.7226, "noise5060n": 132.0441, "noise6070n": 2.4211, "noise7080n": 0.0927, "noise8090n": 0.0, "noise90n": 0.0, "noise4050p": 0.0084, "noise5060p": 0.0182, "noise6070p": 0.0009, "noise7080p": 0.0, "noise8090p": 0.0, "noise90p": 0.0 }, "geometry": { "type": "MultiPolygon", "coordinates": [ [ [ [ -97.503396000028246, 32.875341000270176 ], [ -97.500463000330996, 32.87611700037111 ], [ -97.49454799946335, 32.880101999956935 ], [ -97.490956999971729, 32.881022999694558 ], [ -97.489252000399389, 32.880552999781365 ], [ -97.486442000201649, 32.880678000290018 ], [ -97.481651000067089, 32.882270000011452 ], [ -97.477183000312323, 32.883181000112479 ], [ -97.474564000388668, 32.884548999691596 ], [ -97.471859000380519, 32.885197999628296 ], [ -97.468811000155725, 32.884980000070115 ], [ -97.463486999986884, 32.883755000114384 ], [ -97.460138000514817, 32.88158599981378 ], [ -97.455304000254785, 32.881878000202292 ], [ -97.45535300052336, 32.880370999576087 ], [ -97.455191000373148, 32.879879000224904 ], [ -97.454906999730412, 32.879532999876794 ], [ -97.454620000072509, 32.879462000439979 ], [ -97.454394000228504, 32.879539 ], [ -97.454333999717477, 32.879841999984315 ], [ -97.454111000476814, 32.880053999792558 ], [ -97.453863999748947, 32.880065000004606 ], [ -97.453561000383473, 32.880256000095301 ], [ -97.453436999926879, 32.880210999823653 ], [ -97.451668999703671, 32.878275000379233 ], [ -97.450098000441116, 32.879801000010318 ], [ -97.451058000232649, 32.877361000357148 ], [ -97.449847999726884, 32.876673999939207 ], [ -97.4494299999551, 32.877560999583146 ], [ -97.447504999626616, 32.876813999808064 ], [ -97.444064000332901, 32.876821999732762 ], [ -97.443745999759358, 32.876921999597471 ], [ -97.443328999522876, 32.877496000076242 ], [ -97.442903000438648, 32.876607000013429 ], [ -97.44013300033086, 32.87780599999536 ], [ -97.436337000083554, 32.878406000232395 ], [ -97.431947000035919, 32.877241999854334 ], [ -97.427035999872587, 32.876584000002701 ], [ -97.426956000297594, 32.879959000049901 ], [ -97.425829999818149, 32.879871000300746 ], [ -97.425993000343254, 32.870209999700272 ], [ -97.426133999779651, 32.862988000294983 ], [ -97.438961000469263, 32.863040999898359 ], [ -97.441047999748378, 32.863043000304323 ], [ -97.445578000342877, 32.863128999616009 ], [ -97.462883999675313, 32.863123000390956 ], [ -97.464292000125567, 32.861923999725782 ], [ -97.465834999818341, 32.861081000449261 ], [ -97.467218999647685, 32.862385999982038 ], [ -97.469594000170233, 32.864066000280637 ], [ -97.475988000421381, 32.86423600015177 ], [ -97.485809999943598, 32.86506500031075 ], [ -97.488293999950372, 32.8655319995569 ], [ -97.490038999711587, 32.866819000319545 ], [ -97.491062000380865, 32.867536000206314 ], [ -97.493296000076498, 32.868217999722233 ], [ -97.493852999849778, 32.868226000423867 ], [ -97.494643999660227, 32.868683999743524 ], [ -97.495470999603626, 32.870474999715249 ], [ -97.496892000007762, 32.87000499975025 ], [ -97.497183000155204, 32.869866000235156 ], [ -97.50014200019244, 32.873034999702874 ], [ -97.504076999728696, 32.874800000099484 ], [ -97.503396000028246, 32.875341000270176 ] ] ] ] } },
{ "type": "Feature", "properties": { "GEOID": "48439114108", "NAME": "Census Tract 1141.08, Tarrant County, Texas", "variable": "B01003_001", "estimate": 5155, "moe": 699, "coverage_all": 18620.9608, "coverage_na": 18076.9719, "coverage_4050": 244.3211, "coverage_5060": 296.2043, "coverage_6070": 3.4636, "coverage_7080": 0.0, "coverage_8090": 0.0, "coverage_90": 0.0, "noise4050n": 116.6077, "noise5060n": 146.0848, "noise6070n": 2.3706, "noise7080n": 0.0, "noise8090n": 0.0, "noise90n": 0.0, "noise4050p": 0.0131, "noise5060p": 0.0159, "noise6070p": 0.0002, "noise7080p": 0.0, "noise8090p": 0.0, "noise90p": 0.0 }, "geometry": { "type": "MultiPolygon", "coordinates": [ [ [ [ -97.504938999738954, 32.879254999815913 ], [ -97.501815000380503, 32.888337000325407 ], [ -97.499254000465385, 32.89366999959276 ], [ -97.497730999824526, 32.896202000002624 ], [ -97.494367000504283, 32.899484999982874 ], [ -97.493814999502888, 32.900424999954531 ], [ -97.493329000124263, 32.902112999597655 ], [ -97.493763999975712, 32.905546000373597 ], [ -97.488257999676634, 32.908559999896774 ], [ -97.483193999998392, 32.909709000068538 ], [ -97.475889000388818, 32.911980000264577 ], [ -97.47300799947412, 32.913315999823304 ], [ -97.471627999702733, 32.911733999962088 ], [ -97.469761000251367, 32.911287000180735 ], [ -97.467208999599421, 32.912511000387937 ], [ -97.464852999657282, 32.904462999576033 ], [ -97.463955000358808, 32.903356999634184 ], [ -97.460892000087355, 32.90105800011095 ], [ -97.457503999496609, 32.898710999918421 ], [ -97.455280000261467, 32.898269000070677 ], [ -97.447850999877119, 32.897888999829817 ], [ -97.446431999865808, 32.896394000070501 ], [ -97.446391999582033, 32.896293999594299 ], [ -97.445592999854313, 32.894796999678604 ], [ -97.444256000070808, 32.893884999718466 ], [ -97.443044999527004, 32.893599999726874 ], [ -97.435299000240718, 32.892991000218487 ], [ -97.430509000281205, 32.892569999583039 ], [ -97.429189999898711, 32.892124999935113 ], [ -97.428100999466707, 32.891214999722649 ], [ -97.425872999823966, 32.887631000027838 ], [ -97.425799999514624, 32.886947000406366 ], [ -97.425808000050552, 32.884031999748267 ], [ -97.425821000398727, 32.881085999904649 ], [ -97.425829999818149, 32.879871000300746 ], [ -97.426956000297594, 32.879959000049901 ], [ -97.427035999872587, 32.876584000002701 ], [ -97.431947000035919, 32.877241999854334 ], [ -97.436337000083554, 32.878406000232395 ], [ -97.44013300033086, 32.87780599999536 ], [ -97.442903000438648, 32.876607000013429 ], [ -97.443328999522876, 32.877496000076242 ], [ -97.443745999759358, 32.876921999597471 ], [ -97.444064000332901, 32.876821999732762 ], [ -97.447504999626616, 32.876813999808064 ], [ -97.4494299999551, 32.877560999583146 ], [ -97.449847999726884, 32.876673999939207 ], [ -97.451058000232649, 32.877361000357148 ], [ -97.450098000441116, 32.879801000010318 ], [ -97.451668999703671, 32.878275000379233 ], [ -97.453436999926879, 32.880210999823653 ], [ -97.453561000383473, 32.880256000095301 ], [ -97.453863999748947, 32.880065000004606 ], [ -97.454111000476814, 32.880053999792558 ], [ -97.454333999717477, 32.879841999984315 ], [ -97.454394000228504, 32.879539 ], [ -97.454620000072509, 32.879462000439979 ], [ -97.454906999730412, 32.879532999876794 ], [ -97.455191000373148, 32.879879000224904 ], [ -97.45535300052336, 32.880370999576087 ], [ -97.455304000254785, 32.881878000202292 ], [ -97.460138000514817, 32.88158599981378 ], [ -97.463486999986884, 32.883755000114384 ], [ -97.468811000155725, 32.884980000070115 ], [ -97.471859000380519, 32.885197999628296 ], [ -97.474564000388668, 32.884548999691596 ], [ -97.477183000312323, 32.883181000112479 ], [ -97.481651000067089, 32.882270000011452 ], [ -97.486442000201649, 32.880678000290018 ], [ -97.489252000399389, 32.880552999781365 ], [ -97.490956999971729, 32.881022999694558 ], [ -97.49454799946335, 32.880101999956935 ], [ -97.500463000330996, 32.87611700037111 ], [ -97.503396000028246, 32.875341000270176 ], [ -97.504711000505708, 32.876078000027427 ], [ -97.505110999710567, 32.876941999942595 ], [ -97.504938999738954, 32.879254999815913 ] ] ] ] } },
{ "type": "Feature", "properties": { "GEOID": "48439114109", "NAME": "Census Tract 1141.09, Tarrant County, Texas", "variable": "B01003_001", "estimate": 11411, "moe": 2346, "coverage_all": 12042.941, "coverage_na": 5477.5168, "coverage_4050": 4320.6741, "coverage_5060": 1821.664, "coverage_6070": 315.7839, "coverage_7080": 89.3022, "coverage_8090": 13.0, "coverage_90": 5.0, "noise4050n": 4348.0804, "noise5060n": 1744.4101, "noise6070n": 293.4823, "noise7080n": 82.9314, "noise8090n": 11.3776, "noise90n": 6.2795, "noise4050p": 0.3588, "noise5060p": 0.1513, "noise6070p": 0.0262, "noise7080p": 0.0074, "noise8090p": 0.0011, "noise90p": 0.0004 }, "geometry": { "type": "MultiPolygon", "coordinates": [ [ [ [ -97.375047999537841, 32.90456799996435 ], [ -97.374970999660178, 32.909823000040987 ], [ -97.374834999937335, 32.913676999645403 ], [ -97.374780999476812, 32.924424999870972 ], [ -97.372831999630407, 32.924424999720316 ], [ -97.361296000090036, 32.924328000126316 ], [ -97.357890999527299, 32.924317999627597 ], [ -97.357545999646803, 32.924318000238969 ], [ -97.348721000214056, 32.916024000087688 ], [ -97.348728000443714, 32.915717000301456 ], [ -97.34885299987026, 32.909777000022103 ], [ -97.348879000039787, 32.895166999912284 ], [ -97.348615999764959, 32.894369999824427 ], [ -97.346356999973921, 32.890658000241906 ], [ -97.343920999646542, 32.886286000178664 ], [ -97.342776999713593, 32.884012999716361 ], [ -97.34972999965197, 32.88377799978803 ], [ -97.362795999521836, 32.883748999856827 ], [ -97.369963999788837, 32.883813999907893 ], [ -97.371791000382103, 32.883747000387721 ], [ -97.373240999587694, 32.882937000292465 ], [ -97.373618000482494, 32.883758000286974 ], [ -97.373638000038255, 32.885937999705732 ], [ -97.373649000054954, 32.888314000168009 ], [ -97.373690000147434, 32.894331999911273 ], [ -97.375001999964141, 32.895324999871633 ], [ -97.375122999745656, 32.896948000120986 ], [ -97.375047999537841, 32.90456799996435 ] ] ] ] } },
{ "type": "Feature", "properties": { "GEOID": "48439114110", "NAME": "Census Tract 1141.10, Tarrant County, Texas", "variable": "B01003_001", "estimate": 8170, "moe": 1432, "coverage_all": 28542.8367, "coverage_na": 16482.6493, "coverage_4050": 6871.1009, "coverage_5060": 3946.6337, "coverage_6070": 927.806, "coverage_7080": 272.9213, "coverage_8090": 26.0, "coverage_90": 15.7255, "noise4050n": 1421.2406, "noise5060n": 1005.9174, "noise6070n": 297.1808, "noise7080n": 97.0264, "noise8090n": 3.9967, "noise90n": 3.5485, "noise4050p": 0.2407, "noise5060p": 0.1383, "noise6070p": 0.0325, "noise7080p": 0.0096, "noise8090p": 0.0009, "noise90p": 0.0006 }, "geometry": { "type": "MultiPolygon", "coordinates": [ [ [ [ -97.420721000280565, 32.957465000344939 ], [ -97.420723000400869, 32.963277000349422 ], [ -97.420539000505116, 32.967864000378512 ], [ -97.42023599966042, 32.967873000162626 ], [ -97.418162000525257, 32.967890000333902 ], [ -97.416855999502971, 32.966771000115394 ], [ -97.386686999806543, 32.947216999960332 ], [ -97.374778999747036, 32.938033999905223 ], [ -97.359424000209614, 32.926030000227797 ], [ -97.357545999646803, 32.924318000238969 ], [ -97.357890999527299, 32.924317999627597 ], [ -97.361296000090036, 32.924328000126316 ], [ -97.372831999630407, 32.924424999720316 ], [ -97.374780999476812, 32.924424999870972 ], [ -97.374834999937335, 32.913676999645403 ], [ -97.374970999660178, 32.909823000040987 ], [ -97.375047999537841, 32.90456799996435 ], [ -97.375122999745656, 32.896948000120986 ], [ -97.375001999964141, 32.895324999871633 ], [ -97.373690000147434, 32.894331999911273 ], [ -97.373649000054954, 32.888314000168009 ], [ -97.373638000038255, 32.885937999705732 ], [ -97.373618000482494, 32.883758000286974 ], [ -97.373240999587694, 32.882937000292465 ], [ -97.374661000204867, 32.881291999807736 ], [ -97.376087999757047, 32.880825999930735 ], [ -97.381236000455957, 32.880823999968641 ], [ -97.381744000133111, 32.880835000042239 ], [ -97.386262000081842, 32.885931999627608 ], [ -97.38814999991169, 32.888111999947554 ], [ -97.388678999472575, 32.888724000094008 ], [ -97.39804199982494, 32.899425000129526 ], [ -97.402494000229623, 32.904865000171753 ], [ -97.409213000464106, 32.919006000072223 ], [ -97.411688000490216, 32.923886000083478 ], [ -97.412054000532578, 32.924584999972964 ], [ -97.417630000403605, 32.935153000193061 ], [ -97.420531999609068, 32.940735999909371 ], [ -97.4208110000029, 32.941820999588138 ], [ -97.420721000280565, 32.957465000344939 ] ] ] ] } },
{ "type": "Feature", "properties": { "GEOID": "48439114111", "NAME": "Census Tract 1141.11, Tarrant County, Texas", "variable": "B01003_001", "estimate": 1725, "moe": 420, "coverage_all": 18526.498, "coverage_na": 12639.2769, "coverage_4050": 3132.0254, "coverage_5060": 1945.5281, "coverage_6070": 482.7386, "coverage_7080": 312.3754, "coverage_8090": 13.23, "coverage_90": 1.3235, "noise4050n": 294.4587, "noise5060n": 185.7098, "noise6070n": 46.6572, "noise7080n": 30.129, "noise8090n": 1.301, "noise90n": 0.1141, "noise4050p": 0.1691, "noise5060p": 0.105, "noise6070p": 0.0261, "noise7080p": 0.0169, "noise8090p": 0.0007, "noise90p": 0.0001 }, "geometry": { "type": "MultiPolygon", "coordinates": [ [ [ [ -97.417040000471928, 32.967897999684062 ], [ -97.415113999763719, 32.967863999708783 ], [ -97.411739000236594, 32.96880999976316 ], [ -97.410211999634996, 32.968837000373284 ], [ -97.408400000411746, 32.968811999586173 ], [ -97.404079999621914, 32.968891000111775 ], [ -97.403577000119142, 32.968898000102477 ], [ -97.399345000475861, 32.968890999929172 ], [ -97.398006999890981, 32.968928000215129 ], [ -97.381633999790381, 32.968993999899311 ], [ -97.367921000492728, 32.968928000000609 ], [ -97.366707999508563, 32.969433000034613 ], [ -97.366186000469625, 32.969838000183792 ], [ -97.363756999816914, 32.970094999972105 ], [ -97.36224899961789, 32.970079999748215 ], [ -97.352145000423448, 32.970013999771048 ], [ -97.352153000472327, 32.969968000357838 ], [ -97.353784999609942, 32.965208999731317 ], [ -97.353293000351016, 32.963326000131474 ], [ -97.354179000504629, 32.960803000088482 ], [ -97.355206999482988, 32.957907000039405 ], [ -97.356056999535625, 32.955500000285944 ], [ -97.359360999508596, 32.946143000066677 ], [ -97.359215999680188, 32.946139999861835 ], [ -97.348627999742234, 32.946043000374239 ], [ -97.348712000008845, 32.937695999640624 ], [ -97.348731999721949, 32.93567900036934 ], [ -97.348799000431541, 32.92772499961319 ], [ -97.348817999655779, 32.924293000387564 ], [ -97.348721000214056, 32.916024000087688 ], [ -97.357545999646803, 32.924318000238969 ], [ -97.359424000209614, 32.926030000227797 ], [ -97.374778999747036, 32.938033999905223 ], [ -97.386686999806543, 32.947216999960332 ], [ -97.416855999502971, 32.966771000115394 ], [ -97.418162000525257, 32.967890000333902 ], [ -97.417040000471928, 32.967897999684062 ] ] ] ] } },
{ "type": "Feature", "properties": { "GEOID": "48439114112", "NAME": "Census Tract 1141.12, Tarrant County, Texas", "variable": "B01003_001", "estimate": 5733, "moe": 1028, "coverage_all": 10829.4806, "coverage_na": 7630.3922, "coverage_4050": 1702.9822, "coverage_5060": 1037.1174, "coverage_6070": 280.878, "coverage_7080": 171.868, "coverage_8090": 5.2428, "coverage_90": 1.0, "noise4050n": 624.5661, "noise5060n": 411.3036, "noise6070n": 106.0503, "noise7080n": 66.7234, "noise8090n": 1.9927, "noise90n": 0.3799, "noise4050p": 0.1573, "noise5060p": 0.0958, "noise6070p": 0.0259, "noise7080p": 0.0159, "noise8090p": 0.0005, "noise90p": 0.0001 }, "geometry": { "type": "MultiPolygon", "coordinates": [ [ [ [ -97.431123000094146, 32.992326000269408 ], [ -97.415462000252262, 32.992047999749801 ], [ -97.41484300005763, 32.992029000326433 ], [ -97.398480000117402, 32.990838999724076 ], [ -97.398458999552005, 32.991732000358297 ], [ -97.397209000237211, 32.99172399970373 ], [ -97.39705100044651, 32.991722999907047 ], [ -97.396244999557553, 32.990304000008734 ], [ -97.394207000256245, 32.989183999707556 ], [ -97.389942000446084, 32.988268999634492 ], [ -97.387661000333409, 32.985902999675645 ], [ -97.383765000087635, 32.984440000303543 ], [ -97.381872000273873, 32.982948000432565 ], [ -97.381621000308655, 32.982270000236944 ], [ -97.381633999790381, 32.968993999899311 ], [ -97.398006999890981, 32.968928000215129 ], [ -97.399345000475861, 32.968890999929172 ], [ -97.403577000119142, 32.968898000102477 ], [ -97.404079999621914, 32.968891000111775 ], [ -97.408400000411746, 32.968811999586173 ], [ -97.410211999634996, 32.968837000373284 ], [ -97.411739000236594, 32.96880999976316 ], [ -97.415113999763719, 32.967863999708783 ], [ -97.417040000471928, 32.967897999684062 ], [ -97.418162000525257, 32.967890000333902 ], [ -97.42023599966042, 32.967873000162626 ], [ -97.420539000505116, 32.967864000378512 ], [ -97.420557000307014, 32.969144999558281 ], [ -97.420953999992761, 32.970616000244597 ], [ -97.424295000423498, 32.977739000307096 ], [ -97.431123000094146, 32.992326000269408 ] ] ] ] } },
{ "type": "Feature", "properties": { "GEOID": "48439114113", "NAME": "Census Tract 1141.13, Tarrant County, Texas", "variable": "B01003_001", "estimate": 4290, "moe": 715, "coverage_all": 11263.5715, "coverage_na": 6069.1075, "coverage_4050": 2586.581, "coverage_5060": 2487.3192, "coverage_6070": 117.7218, "coverage_7080": 1.5303, "coverage_8090": 1.3117, "coverage_90": 0.0, "noise4050n": 588.4503, "noise5060n": 565.8681, "noise6070n": 26.7819, "noise7080n": 0.3482, "noise8090n": 0.2984, "noise90n": 0.0, "noise4050p": 0.2296, "noise5060p": 0.2208, "noise6070p": 0.0105, "noise7080p": 0.0001, "noise8090p": 0.0001, "noise90p": 0.0 }, "geometry": { "type": "MultiPolygon", "coordinates": [ [ [ [ -97.39705100044651, 32.991722999907047 ], [ -97.387905000238888, 32.99168399990954 ], [ -97.37185299953903, 32.991614999624211 ], [ -97.356054000428827, 32.991545999994607 ], [ -97.327762000388248, 32.991418000106599 ], [ -97.329583999686136, 32.989379000287059 ], [ -97.330740000237583, 32.988442000394386 ], [ -97.335164999743142, 32.984881000430001 ], [ -97.34320899988316, 32.978468000239609 ], [ -97.34802600005645, 32.974400999927553 ], [ -97.351586999842084, 32.971036999699585 ], [ -97.352145000423448, 32.970013999771048 ], [ -97.36224899961789, 32.970079999748215 ], [ -97.363756999816914, 32.970094999972105 ], [ -97.366186000469625, 32.969838000183792 ], [ -97.366707999508563, 32.969433000034613 ], [ -97.367921000492728, 32.968928000000609 ], [ -97.381633999790381, 32.968993999899311 ], [ -97.381621000308655, 32.982270000236944 ], [ -97.381872000273873, 32.982948000432565 ], [ -97.383765000087635, 32.984440000303543 ], [ -97.387661000333409, 32.985902999675645 ], [ -97.389942000446084, 32.988268999634492 ], [ -97.394207000256245, 32.989183999707556 ], [ -97.396244999557553, 32.990304000008734 ], [ -97.39705100044651, 32.991722999907047 ] ] ] ] } },
{ "type": "Feature", "properties": { "GEOID": "48439114203", "NAME": "Census Tract 1142.03, Tarrant County, Texas", "variable": "B01003_001", "estimate": 5638, "moe": 916, "coverage_all": 38617.5298, "coverage_na": 37795.5888, "coverage_4050": 460.7527, "coverage_5060": 358.7436, "coverage_6070": 2.4449, "coverage_7080": 0.0, "coverage_8090": 0.0, "coverage_90": 0.0, "noise4050n": 49.4737, "noise5060n": 41.9253, "noise6070n": 0.2055, "noise7080n": 0.0, "noise8090n": 0.0, "noise90n": 0.0, "noise4050p": 0.0119, "noise5060p": 0.0093, "noise6070p": 0.0001, "noise7080p": 0.0, "noise8090p": 0.0, "noise90p": 0.0 }, "geometry": { "type": "MultiPolygon", "coordinates": [ [ [ [ -97.545308000358972, 32.922853000319137 ], [ -97.54517900041607, 32.929933000140785 ], [ -97.545078999522715, 32.935711000162186 ], [ -97.54498199957365, 32.940398999897631 ], [ -97.544701000106301, 32.95299100003934 ], [ -97.544419000052386, 32.974820000050421 ], [ -97.544362000045041, 32.979396999970184 ], [ -97.544362000013351, 32.979648999717845 ], [ -97.544180999831866, 32.994176999579238 ], [ -97.543440000534304, 32.994194000265281 ], [ -97.538586999769478, 32.994074999702335 ], [ -97.528568999785819, 32.994134999667665 ], [ -97.51986300031399, 32.994100000377834 ], [ -97.515025999636549, 32.993995000235877 ], [ -97.512606999772075, 32.99393499992388 ], [ -97.510056999472638, 32.992425999681927 ], [ -97.509689999782807, 32.992039000329584 ], [ -97.507831000313431, 32.989821000136743 ], [ -97.507540999524807, 32.987424999948026 ], [ -97.507843000337729, 32.984488999930022 ], [ -97.508749999955938, 32.98034399974857 ], [ -97.509872999878127, 32.976845999763022 ], [ -97.510247000492697, 32.973950999825206 ], [ -97.509503999987018, 32.972263999901998 ], [ -97.506711000257454, 32.969516999955736 ], [ -97.505081000310213, 32.967380000358744 ], [ -97.504519000327804, 32.963959999952188 ], [ -97.50616799980746, 32.960901000403481 ], [ -97.509037000395978, 32.959023999670727 ], [ -97.511441000517863, 32.955466000028792 ], [ -97.511638000515532, 32.953754999810023 ], [ -97.511828000153116, 32.953376999862776 ], [ -97.514108000117162, 32.94945199977527 ], [ -97.514364999573218, 32.946418000410695 ], [ -97.513869000283378, 32.944207000096043 ], [ -97.512553999713489, 32.941265999832758 ], [ -97.508445999588218, 32.935741000071481 ], [ -97.505032999998647, 32.933605000261437 ], [ -97.504881999548189, 32.932159000309213 ], [ -97.504196999703012, 32.930706000379622 ], [ -97.502576999519661, 32.929246000108634 ], [ -97.498300999695473, 32.9265919997111 ], [ -97.497138999725081, 32.925041000244043 ], [ -97.496081000203347, 32.921879999864764 ], [ -97.496119999889473, 32.919004000015327 ], [ -97.497185999500559, 32.915093000176675 ], [ -97.496653000109859, 32.911174999759588 ], [ -97.493763999975712, 32.905546000373597 ], [ -97.493329000124263, 32.902112999597655 ], [ -97.493814999502888, 32.900424999954531 ], [ -97.494367000504283, 32.899484999982874 ], [ -97.497730999824526, 32.896202000002624 ], [ -97.507400999997714, 32.901612000096272 ], [ -97.527374999502683, 32.909686000059779 ], [ -97.527852999815366, 32.910279000237686 ], [ -97.528059000480283, 32.910533000341509 ], [ -97.529996999708629, 32.909657999861814 ], [ -97.531553000032517, 32.910359000031981 ], [ -97.534283999697024, 32.915062000010408 ], [ -97.535027000399168, 32.918712000222222 ], [ -97.537370999663025, 32.918332000415951 ], [ -97.541575999655123, 32.918962000432288 ], [ -97.543614999719239, 32.921908999585654 ], [ -97.545313000086338, 32.922743000258997 ], [ -97.545308000358972, 32.922853000319137 ] ] ] ] } },
{ "type": "Feature", "properties": { "GEOID": "48439114204", "NAME": "Census Tract 1142.04, Tarrant County, Texas", "variable": "B01003_001", "estimate": 6738, "moe": 617, "coverage_all": 14392.386, "coverage_na": 13602.4972, "coverage_4050": 279.3102, "coverage_5060": 400.9091, "coverage_6070": 55.168, "coverage_7080": 54.5014, "coverage_8090": 0.0, "coverage_90": 0.0, "noise4050n": 166.9389, "noise5060n": 282.1393, "noise6070n": 39.8741, "noise7080n": 39.264, "noise8090n": 0.0, "noise90n": 0.0, "noise4050p": 0.0194, "noise5060p": 0.0279, "noise6070p": 0.0038, "noise7080p": 0.0038, "noise8090p": 0.0, "noise90p": 0.0 }, "geometry": { "type": "MultiPolygon", "coordinates": [ [ [ [ -97.545884999981027, 32.90030000001471 ], [ -97.545721000401201, 32.907512999622377 ], [ -97.545487000339861, 32.915451000329284 ], [ -97.545356000020817, 32.921655000314452 ], [ -97.545313000086338, 32.922743000258997 ], [ -97.543614999719239, 32.921908999585654 ], [ -97.541575999655123, 32.918962000432288 ], [ -97.537370999663025, 32.918332000415951 ], [ -97.535027000399168, 32.918712000222222 ], [ -97.534283999697024, 32.915062000010408 ], [ -97.531553000032517, 32.910359000031981 ], [ -97.529996999708629, 32.909657999861814 ], [ -97.528059000480283, 32.910533000341509 ], [ -97.527852999815366, 32.910279000237686 ], [ -97.527374999502683, 32.909686000059779 ], [ -97.507400999997714, 32.901612000096272 ], [ -97.497730999824526, 32.896202000002624 ], [ -97.499254000465385, 32.89366999959276 ], [ -97.501815000380503, 32.888337000325407 ], [ -97.504938999738954, 32.879254999815913 ], [ -97.505110999710567, 32.876941999942595 ], [ -97.504711000505708, 32.876078000027427 ], [ -97.503396000028246, 32.875341000270176 ], [ -97.504076999728696, 32.874800000099484 ], [ -97.508048999538445, 32.872724999602411 ], [ -97.50964299975783, 32.872861999851089 ], [ -97.510200999745834, 32.872911000041832 ], [ -97.515580000041851, 32.874160000339643 ], [ -97.523506999665415, 32.877259000251144 ], [ -97.524093999550132, 32.877314999789014 ], [ -97.524491999892604, 32.877642000292326 ], [ -97.526002000496575, 32.87900799964212 ], [ -97.525098999545449, 32.881123999983856 ], [ -97.527344999580336, 32.88208900012711 ], [ -97.530442000457441, 32.88178500020345 ], [ -97.533921999912224, 32.882882999780726 ], [ -97.534885999971522, 32.886494000199342 ], [ -97.53378599954128, 32.88801199969101 ], [ -97.536058000520683, 32.888841000099603 ], [ -97.538857000305285, 32.886864999688875 ], [ -97.542364000153498, 32.896687999990313 ], [ -97.54342100026193, 32.898331999932587 ], [ -97.54587800012051, 32.90006700037069 ], [ -97.545884999981027, 32.90030000001471 ] ] ] ] } },
{ "type": "Feature", "properties": { "GEOID": "48439114205", "NAME": "Census Tract 1142.05, Tarrant County, Texas", "variable": "B01003_001", "estimate": 3093, "moe": 449, "coverage_all": 8730.4691, "coverage_na": 7705.361, "coverage_4050": 339.5506, "coverage_5060": 441.273, "coverage_6070": 119.1921, "coverage_7080": 125.0924, "coverage_8090": 0.0, "coverage_90": 0.0, "noise4050n": 112.3653, "noise5060n": 167.3424, "noise6070n": 65.0749, "noise7080n": 74.9068, "noise8090n": 0.0, "noise90n": 0.0, "noise4050p": 0.0389, "noise5060p": 0.0505, "noise6070p": 0.0137, "noise7080p": 0.0143, "noise8090p": 0.0, "noise90p": 0.0 }, "geometry": { "type": "MultiPolygon", "coordinates": [ [ [ [ -97.546978999819586, 32.863320999838507 ], [ -97.546652000035891, 32.866720999699993 ], [ -97.546279999518077, 32.883611999841911 ], [ -97.546208999700539, 32.886918999903806 ], [ -97.54587800012051, 32.90006700037069 ], [ -97.54342100026193, 32.898331999932587 ], [ -97.542364000153498, 32.896687999990313 ], [ -97.538857000305285, 32.886864999688875 ], [ -97.536058000520683, 32.888841000099603 ], [ -97.53378599954128, 32.88801199969101 ], [ -97.534885999971522, 32.886494000199342 ], [ -97.533921999912224, 32.882882999780726 ], [ -97.530442000457441, 32.88178500020345 ], [ -97.527344999580336, 32.88208900012711 ], [ -97.525098999545449, 32.881123999983856 ], [ -97.526002000496575, 32.87900799964212 ], [ -97.524491999892604, 32.877642000292326 ], [ -97.524093999550132, 32.877314999789014 ], [ -97.523506999665415, 32.877259000251144 ], [ -97.515580000041851, 32.874160000339643 ], [ -97.510200999745834, 32.872911000041832 ], [ -97.50964299975783, 32.872861999851089 ], [ -97.511233000198501, 32.867285000442294 ], [ -97.512702999990566, 32.867569999605379 ], [ -97.512783999847812, 32.86756500040034 ], [ -97.513202999959375, 32.867540999901614 ], [ -97.513283999805338, 32.863264999605057 ], [ -97.513898999983283, 32.860731999880898 ], [ -97.517855000310803, 32.860576000275536 ], [ -97.518920999535709, 32.86029499996507 ], [ -97.519222000316972, 32.859985999933016 ], [ -97.51950500032936, 32.859624000263764 ], [ -97.520546000516461, 32.860298999562865 ], [ -97.521579000495052, 32.860815999644359 ], [ -97.527077999616495, 32.863823999773004 ], [ -97.529772999659414, 32.864756000179369 ], [ -97.530427000451056, 32.865660999998738 ], [ -97.531609000136939, 32.866894000002816 ], [ -97.533219999580325, 32.866874000340559 ], [ -97.534963999902615, 32.863275000382181 ], [ -97.535225000363781, 32.85956399993298 ], [ -97.54197399975763, 32.859777000124687 ], [ -97.542672999714156, 32.859803000133759 ], [ -97.542724999622024, 32.855533999635846 ], [ -97.547097000346511, 32.856846000210595 ], [ -97.546978999819586, 32.863320999838507 ] ] ] ] } },
{ "type": "Feature", "properties": { "GEOID": "48439114206", "NAME": "Census Tract 1142.06, Tarrant County, Texas", "variable": "B01003_001", "estimate": 4499, "moe": 780, "coverage_all": 21137.5046, "coverage_na": 20229.7049, "coverage_4050": 481.103, "coverage_5060": 420.1232, "coverage_6070": 6.4175, "coverage_7080": 0.156, "coverage_8090": 0.0, "coverage_90": 0.0, "noise4050n": 92.2565, "noise5060n": 88.8288, "noise6070n": 1.3536, "noise7080n": 0.0329, "noise8090n": 0.0, "noise90n": 0.0, "noise4050p": 0.0228, "noise5060p": 0.0199, "noise6070p": 0.0003, "noise7080p": 7.3784e-06, "noise8090p": 0.0, "noise90p": 0.0 }, "geometry": { "type": "MultiPolygon", "coordinates": [ [ [ [ -97.547097000346511, 32.856846000210595 ], [ -97.542724999622024, 32.855533999635846 ], [ -97.542672999714156, 32.859803000133759 ], [ -97.54197399975763, 32.859777000124687 ], [ -97.535225000363781, 32.85956399993298 ], [ -97.534963999902615, 32.863275000382181 ], [ -97.533219999580325, 32.866874000340559 ], [ -97.531609000136939, 32.866894000002816 ], [ -97.530427000451056, 32.865660999998738 ], [ -97.529772999659414, 32.864756000179369 ], [ -97.527077999616495, 32.863823999773004 ], [ -97.521579000495052, 32.860815999644359 ], [ -97.520546000516461, 32.860298999562865 ], [ -97.51950500032936, 32.859624000263764 ], [ -97.519222000316972, 32.859985999933016 ], [ -97.513057000384705, 32.856037000206143 ], [ -97.508075000049857, 32.852770999611806 ], [ -97.504125999636756, 32.849568999817649 ], [ -97.491809999851597, 32.8379969998782 ], [ -97.484159000169853, 32.83022600038192 ], [ -97.480060000008976, 32.826394000176855 ], [ -97.48644700044369, 32.823310000295677 ], [ -97.488134000471845, 32.823054000435036 ], [ -97.497872999670932, 32.823059000164598 ], [ -97.500206000017783, 32.82304300016623 ], [ -97.506106999476813, 32.823104999918883 ], [ -97.508081999998055, 32.823236000411661 ], [ -97.509084999971876, 32.823229999969627 ], [ -97.509438000303874, 32.823211000087625 ], [ -97.511958000504137, 32.823163000382294 ], [ -97.512924000131804, 32.823261000340594 ], [ -97.513603000417532, 32.82340799989494 ], [ -97.516542999753653, 32.824708999794957 ], [ -97.518286999775839, 32.825164999786033 ], [ -97.529492999528358, 32.825383999902854 ], [ -97.542719000053609, 32.825262999711114 ], [ -97.543591999774904, 32.825342000024243 ], [ -97.545118999799101, 32.825731999772188 ], [ -97.547590999965252, 32.826846999852727 ], [ -97.547097000346511, 32.856846000210595 ] ] ] ] } },
{ "type": "Feature", "properties": { "GEOID": "48439114207", "NAME": "Census Tract 1142.07, Tarrant County, Texas", "variable": "B01003_001", "estimate": 5856, "moe": 726, "coverage_all": 40591.8997, "coverage_na": 39686.2472, "coverage_4050": 281.4319, "coverage_5060": 506.5933, "coverage_6070": 70.3131, "coverage_7080": 43.4296, "coverage_8090": 3.8846, "coverage_90": 0.0, "noise4050n": 107.8653, "noise5060n": 232.656, "noise6070n": 23.2242, "noise7080n": 13.313, "noise8090n": 1.1908, "noise90n": 0.0, "noise4050p": 0.0069, "noise5060p": 0.0125, "noise6070p": 0.0017, "noise7080p": 0.0011, "noise8090p": 0.0001, "noise90p": 0.0 }, "geometry": { "type": "MultiPolygon", "coordinates": [ [ [ [ -97.547979999919448, 32.798402000337404 ], [ -97.547698999790015, 32.821904999907233 ], [ -97.547590999965252, 32.826846999852727 ], [ -97.545118999799101, 32.825731999772188 ], [ -97.543591999774904, 32.825342000024243 ], [ -97.542719000053609, 32.825262999711114 ], [ -97.529492999528358, 32.825383999902854 ], [ -97.518286999775839, 32.825164999786033 ], [ -97.516542999753653, 32.824708999794957 ], [ -97.513603000417532, 32.82340799989494 ], [ -97.512924000131804, 32.823261000340594 ], [ -97.511958000504137, 32.823163000382294 ], [ -97.509438000303874, 32.823211000087625 ], [ -97.509084999971876, 32.823229999969627 ], [ -97.508081999998055, 32.823236000411661 ], [ -97.506106999476813, 32.823104999918883 ], [ -97.500206000017783, 32.82304300016623 ], [ -97.497872999670932, 32.823059000164598 ], [ -97.488134000471845, 32.823054000435036 ], [ -97.48644700044369, 32.823310000295677 ], [ -97.480060000008976, 32.826394000176855 ], [ -97.478723000307127, 32.825359000421194 ], [ -97.472965999544044, 32.823135000248996 ], [ -97.469319999962281, 32.821726999601246 ], [ -97.470006000519803, 32.819372999636649 ], [ -97.470147999597771, 32.818309999649522 ], [ -97.471643999727362, 32.817647999656444 ], [ -97.471837999616227, 32.81575699963841 ], [ -97.472866999839724, 32.815484999789454 ], [ -97.473050000316988, 32.815788000373963 ], [ -97.473361000312124, 32.816299000124765 ], [ -97.473909999746041, 32.816112000442999 ], [ -97.475386000158849, 32.816102999881373 ], [ -97.477645000173808, 32.817186000078415 ], [ -97.480011000093612, 32.8160890000282 ], [ -97.484470000196467, 32.816477999828372 ], [ -97.487545999637945, 32.815991999722918 ], [ -97.492361999593442, 32.816261000169774 ], [ -97.500791000324895, 32.816261000138979 ], [ -97.501001000283694, 32.816253999975523 ], [ -97.500780999559183, 32.807266999891084 ], [ -97.500810000417232, 32.805048000189167 ], [ -97.500767999981647, 32.802863000323555 ], [ -97.50048499985094, 32.801405999681634 ], [ -97.496300999775855, 32.800967000418389 ], [ -97.493834000162636, 32.798164000062563 ], [ -97.493868000489243, 32.795294999607343 ], [ -97.493788000265269, 32.794001000069585 ], [ -97.492775999683928, 32.792679000432884 ], [ -97.489525000282924, 32.787955999600086 ], [ -97.486843000172101, 32.786464999745917 ], [ -97.486776000217873, 32.783644999644061 ], [ -97.486849000198859, 32.778759999967022 ], [ -97.486856999516704, 32.774875000056653 ], [ -97.48562199995375, 32.774430999752077 ], [ -97.474765999764927, 32.77433799982083 ], [ -97.474279999644423, 32.774334999978073 ], [ -97.476020000414451, 32.766406000236827 ], [ -97.475557999503891, 32.766193999579841 ], [ -97.476584000133997, 32.766116999787435 ], [ -97.47817000030804, 32.765744999883395 ], [ -97.483602000240097, 32.762635999619626 ], [ -97.48524100039954, 32.761694000091879 ], [ -97.488796999659698, 32.759465000432002 ], [ -97.490959999976866, 32.75917999960555 ], [ -97.499656999651307, 32.759292999980133 ], [ -97.499863999657904, 32.759349000063629 ], [ -97.500419000083255, 32.759582999829846 ], [ -97.50278000005089, 32.760730999629246 ], [ -97.507598000124602, 32.762928999810541 ], [ -97.510532999842212, 32.763837000222665 ], [ -97.511130000441625, 32.764308000391019 ], [ -97.512102999626705, 32.765059999697684 ], [ -97.517822999562256, 32.766513999607696 ], [ -97.523141000248273, 32.767381000413529 ], [ -97.531521000342508, 32.770700999956901 ], [ -97.531930999890676, 32.770881999797773 ], [ -97.543038999859561, 32.773195999710637 ], [ -97.545208999892608, 32.773946999729105 ], [ -97.548200999963001, 32.776113999671189 ], [ -97.547979999919448, 32.798402000337404 ] ] ] ] } },
{ "type": "Feature", "properties": { "GEOID": "48439121605", "NAME": "Census Tract 1216.05, Tarrant County, Texas", "variable": "B01003_001", "estimate": 3118, "moe": 484, "coverage_all": 3004.7536, "coverage_na": 1441.3312, "coverage_4050": 912.0531, "coverage_5060": 511.882, "coverage_6070": 103.9034, "coverage_7080": 26.7565, "coverage_8090": 7.8275, "coverage_90": 1.0, "noise4050n": 980.5819, "noise5060n": 484.6734, "noise6070n": 83.3092, "noise7080n": 26.2582, "noise8090n": 6.0788, "noise90n": 0.6426, "noise4050p": 0.3035, "noise5060p": 0.1704, "noise6070p": 0.0346, "noise7080p": 0.0089, "noise8090p": 0.0026, "noise90p": 0.0003 }, "geometry": { "type": "MultiPolygon", "coordinates": [ [ [ [ -97.131685000166073, 32.750210999830593 ], [ -97.131584000474291, 32.759922999942674 ], [ -97.123060000233437, 32.75992300035788 ], [ -97.123062999874548, 32.75747500037253 ], [ -97.123242000455591, 32.750152000363691 ], [ -97.117637000145393, 32.75015200030505 ], [ -97.117653000104553, 32.74820500013859 ], [ -97.115554000309231, 32.748209000254619 ], [ -97.115303000055349, 32.7481169995553 ], [ -97.11525099984361, 32.746985000201626 ], [ -97.117182000094814, 32.746992999999605 ], [ -97.117195999851106, 32.74333599975472 ], [ -97.116920999577985, 32.742866000101017 ], [ -97.119672000430313, 32.742923999560006 ], [ -97.119687999807198, 32.741987999979131 ], [ -97.119660999512476, 32.741051999919037 ], [ -97.121113000101317, 32.741043999657329 ], [ -97.121137000405113, 32.739106999705889 ], [ -97.123328999925789, 32.738963000218341 ], [ -97.123246999975208, 32.737896000194752 ], [ -97.123512999571204, 32.736825999796309 ], [ -97.123552999585556, 32.735833000160596 ], [ -97.131628000217347, 32.735861999714913 ], [ -97.131638000007086, 32.73616899957775 ], [ -97.131654000421236, 32.736500000020975 ], [ -97.131784000371567, 32.742896000232648 ], [ -97.131685000166073, 32.750210999830593 ] ] ] ] } },
{ "type": "Feature", "properties": { "GEOID": "48439121606", "NAME": "Census Tract 1216.06, Tarrant County, Texas", "variable": "B01003_001", "estimate": 3482, "moe": 642, "coverage_all": 8492.9247, "coverage_na": 5781.8941, "coverage_4050": 1178.6604, "coverage_5060": 985.2773, "coverage_6070": 454.2053, "coverage_7080": 80.8876, "coverage_8090": 11.0, "coverage_90": 1.0, "noise4050n": 375.5778, "noise5060n": 388.0225, "noise6070n": 132.3996, "noise7080n": 23.7728, "noise8090n": 2.6841, "noise90n": 0.244, "noise4050p": 0.1388, "noise5060p": 0.116, "noise6070p": 0.0535, "noise7080p": 0.0095, "noise8090p": 0.0013, "noise90p": 0.0001 }, "geometry": { "type": "MultiPolygon", "coordinates": [ [ [ [ -97.20827799964178, 32.723897999936874 ], [ -97.209104999637034, 32.726180000237747 ], [ -97.207748000369264, 32.725112000335251 ], [ -97.207727999984584, 32.727852999612551 ], [ -97.200832000407374, 32.727915999719698 ], [ -97.200725999965471, 32.727922999613796 ], [ -97.198810000095563, 32.728324000200629 ], [ -97.198841000250596, 32.728671999844913 ], [ -97.196067000436528, 32.72874499966364 ], [ -97.182420000399688, 32.730759000263156 ], [ -97.179988000496778, 32.731101999733234 ], [ -97.179779999736979, 32.731129000412388 ], [ -97.179425000209548, 32.731185999865609 ], [ -97.174992000524711, 32.731817000398649 ], [ -97.17051899998738, 32.732048000138938 ], [ -97.169345999997347, 32.732096999990823 ], [ -97.169423999794517, 32.731498000098114 ], [ -97.170520999752512, 32.731496999999877 ], [ -97.170522999797114, 32.73052199970094 ], [ -97.171228000007886, 32.730673999672469 ], [ -97.171396000381932, 32.730366999651395 ], [ -97.170811000539757, 32.729979000289049 ], [ -97.170733999753438, 32.72956199968192 ], [ -97.171358000414855, 32.729027999893404 ], [ -97.171741999583162, 32.728458999755389 ], [ -97.17259899947689, 32.72811900002273 ], [ -97.172333999496487, 32.727705000150436 ], [ -97.173842999855751, 32.726410000035592 ], [ -97.172949999712728, 32.720260999788835 ], [ -97.17306899945828, 32.718306999604877 ], [ -97.172251000062232, 32.716119000099724 ], [ -97.172891000286981, 32.712303000249783 ], [ -97.170498000371339, 32.708966999868508 ], [ -97.171990999999608, 32.706767000217461 ], [ -97.177532999876433, 32.70687399992709 ], [ -97.179249999829963, 32.706869999665848 ], [ -97.190756000109943, 32.707593999570513 ], [ -97.195583999815369, 32.708091999657931 ], [ -97.196245000340028, 32.708371000018296 ], [ -97.198832999944329, 32.710104999892586 ], [ -97.201680999491273, 32.712071999940591 ], [ -97.202262999716709, 32.712483999771948 ], [ -97.202709999846277, 32.713348000286288 ], [ -97.210030000320543, 32.721600999967059 ], [ -97.20827799964178, 32.723897999936874 ] ] ] ] } },
{ "type": "Feature", "properties": { "GEOID": "48439121608", "NAME": "Census Tract 1216.08, Tarrant County, Texas", "variable": "B01003_001", "estimate": 6268, "moe": 1041, "coverage_all": 3272.655, "coverage_na": 2857.6939, "coverage_4050": 175.8335, "coverage_5060": 165.7673, "coverage_6070": 69.6549, "coverage_7080": 3.7054, "coverage_8090": 0.0, "coverage_90": 0.0, "noise4050n": 343.3337, "noise5060n": 327.5058, "noise6070n": 128.6438, "noise7080n": 6.5697, "noise8090n": 0.0, "noise90n": 0.0, "noise4050p": 0.0537, "noise5060p": 0.0507, "noise6070p": 0.0213, "noise7080p": 0.0011, "noise8090p": 0.0, "noise90p": 0.0 }, "geometry": { "type": "MultiPolygon", "coordinates": [ [ [ [ -97.199113999567544, 32.697368999795422 ], [ -97.199082999623769, 32.700980999623667 ], [ -97.198942000183692, 32.706561000241251 ], [ -97.198669999966413, 32.706992000009286 ], [ -97.199074000285719, 32.707611000225192 ], [ -97.198832999944329, 32.710104999892586 ], [ -97.196245000340028, 32.708371000018296 ], [ -97.195583999815369, 32.708091999657931 ], [ -97.190756000109943, 32.707593999570513 ], [ -97.179249999829963, 32.706869999665848 ], [ -97.179283000059371, 32.701535000184109 ], [ -97.179302999739676, 32.699226000367318 ], [ -97.179445999788996, 32.69872300028684 ], [ -97.184241999878026, 32.692748999997129 ], [ -97.184384000277959, 32.69257199970658 ], [ -97.186428999843912, 32.692105999795196 ], [ -97.190280000009835, 32.692019999595054 ], [ -97.190212999719122, 32.692753999742536 ], [ -97.199103999912964, 32.692844999981268 ], [ -97.199113999567544, 32.697368999795422 ] ] ] ] } },
{ "type": "Feature", "properties": { "GEOID": "48439121609", "NAME": "Census Tract 1216.09, Tarrant County, Texas", "variable": "B01003_001", "estimate": 5219, "moe": 549, "coverage_all": 7219.1666, "coverage_na": 6829.883, "coverage_4050": 136.8924, "coverage_5060": 164.5915, "coverage_6070": 43.4682, "coverage_7080": 17.8909, "coverage_8090": 26.4406, "coverage_90": 0.0, "noise4050n": 116.9426, "noise5060n": 121.935, "noise6070n": 20.7867, "noise7080n": 8.5555, "noise8090n": 12.644, "noise90n": 0.0, "noise4050p": 0.019, "noise5060p": 0.0228, "noise6070p": 0.006, "noise7080p": 0.0025, "noise8090p": 0.0037, "noise90p": 0.0 }, "geometry": { "type": "MultiPolygon", "coordinates": [ [ [ [ -97.232225000183377, 32.674387000078426 ], [ -97.23211999975355, 32.674466999926246 ], [ -97.232058999506307, 32.674498000243872 ], [ -97.231984999537744, 32.674536999881106 ], [ -97.231888999567772, 32.674574999724264 ], [ -97.231831999929909, 32.674582999814788 ], [ -97.230923000376279, 32.675050000068765 ], [ -97.229849999879349, 32.677036000134336 ], [ -97.229399000275606, 32.677583000368358 ], [ -97.226491000258164, 32.68904899991184 ], [ -97.225380000234694, 32.690658000277871 ], [ -97.223685999733448, 32.691529999730861 ], [ -97.216849999815693, 32.692876000079139 ], [ -97.21428199998148, 32.693710999978933 ], [ -97.212331999515598, 32.695446999870597 ], [ -97.210439000338297, 32.698670000125489 ], [ -97.209449999694684, 32.701323000336743 ], [ -97.208952999703016, 32.704377999874986 ], [ -97.208841999570225, 32.708504000264078 ], [ -97.20883000008088, 32.713174000249204 ], [ -97.202709999846277, 32.713348000286288 ], [ -97.202262999716709, 32.712483999771948 ], [ -97.201680999491273, 32.712071999940591 ], [ -97.198832999944329, 32.710104999892586 ], [ -97.199074000285719, 32.707611000225192 ], [ -97.198669999966413, 32.706992000009286 ], [ -97.198942000183692, 32.706561000241251 ], [ -97.199082999623769, 32.700980999623667 ], [ -97.199113999567544, 32.697368999795422 ], [ -97.199103999912964, 32.692844999981268 ], [ -97.200031999897504, 32.690613000048359 ], [ -97.200156000513147, 32.689672999904005 ], [ -97.200327000492749, 32.681470999783301 ], [ -97.209286999647176, 32.681220999942511 ], [ -97.209939999731915, 32.681084999959054 ], [ -97.210690999746646, 32.680784000202507 ], [ -97.211456999995377, 32.681769000234659 ], [ -97.215554000363241, 32.683362999713935 ], [ -97.218288999782033, 32.683217000400703 ], [ -97.21833199996847, 32.679757999718269 ], [ -97.218345000123492, 32.679688000155551 ], [ -97.22255900049359, 32.679200000279209 ], [ -97.222984000507978, 32.6789500003743 ], [ -97.223338999916464, 32.669185999923961 ], [ -97.223359000222075, 32.667956999892688 ], [ -97.23148299950212, 32.668074000074164 ], [ -97.231636999556869, 32.669308000379779 ], [ -97.231883999534134, 32.669607000394933 ], [ -97.233713999777478, 32.671641000110455 ], [ -97.232225000183377, 32.674387000078426 ] ] ] ] } },
{ "type": "Feature", "properties": { "GEOID": "48439121610", "NAME": "Census Tract 1216.10, Tarrant County, Texas", "variable": "B01003_001", "estimate": 2778, "moe": 394, "coverage_all": 1434.5375, "coverage_na": 1116.4196, "coverage_4050": 104.3128, "coverage_5060": 153.4602, "coverage_6070": 50.4528, "coverage_7080": 9.892, "coverage_8090": 0.0, "coverage_90": 0.0, "noise4050n": 237.9915, "noise5060n": 333.5281, "noise6070n": 94.2438, "noise7080n": 17.7311, "noise8090n": 0.0, "noise90n": 0.0, "noise4050p": 0.0727, "noise5060p": 0.107, "noise6070p": 0.0352, "noise7080p": 0.0069, "noise8090p": 0.0, "noise90p": 0.0 }, "geometry": { "type": "MultiPolygon", "coordinates": [ [ [ [ -97.200156000513147, 32.689672999904005 ], [ -97.200031999897504, 32.690613000048359 ], [ -97.199103999912964, 32.692844999981268 ], [ -97.190212999719122, 32.692753999742536 ], [ -97.190280000009835, 32.692019999595054 ], [ -97.186428999843912, 32.692105999795196 ], [ -97.184384000277959, 32.69257199970658 ], [ -97.18643600052755, 32.690027000197752 ], [ -97.193334999912224, 32.681531000048231 ], [ -97.196085000154241, 32.681524999597997 ], [ -97.200327000492749, 32.681470999783301 ], [ -97.200156000513147, 32.689672999904005 ] ] ] ] } },
{ "type": "Feature", "properties": { "GEOID": "48439121611", "NAME": "Census Tract 1216.11, Tarrant County, Texas", "variable": "B01003_001", "estimate": 4330, "moe": 467, "coverage_all": 3337.9557, "coverage_na": 2557.3637, "coverage_4050": 185.4485, "coverage_5060": 302.3112, "coverage_6070": 147.9332, "coverage_7080": 64.5905, "coverage_8090": 80.3087, "coverage_90": 0.0, "noise4050n": 244.9519, "noise5060n": 394.3168, "noise6070n": 194.5963, "noise7080n": 86.191, "noise8090n": 107.7946, "noise90n": 0.0, "noise4050p": 0.0556, "noise5060p": 0.0906, "noise6070p": 0.0443, "noise7080p": 0.0194, "noise8090p": 0.0241, "noise90p": 0.0 }, "geometry": { "type": "MultiPolygon", "coordinates": [ [ [ [ -97.223338999916464, 32.669185999923961 ], [ -97.222984000507978, 32.6789500003743 ], [ -97.22255900049359, 32.679200000279209 ], [ -97.218345000123492, 32.679688000155551 ], [ -97.21833199996847, 32.679757999718269 ], [ -97.218288999782033, 32.683217000400703 ], [ -97.215554000363241, 32.683362999713935 ], [ -97.211456999995377, 32.681769000234659 ], [ -97.210690999746646, 32.680784000202507 ], [ -97.209939999731915, 32.681084999959054 ], [ -97.209286999647176, 32.681220999942511 ], [ -97.200327000492749, 32.681470999783301 ], [ -97.196085000154241, 32.681524999597997 ], [ -97.193334999912224, 32.681531000048231 ], [ -97.195334000334825, 32.679056999716444 ], [ -97.19616100020049, 32.680041000196447 ], [ -97.19602999954175, 32.678376000341181 ], [ -97.198765000052788, 32.674914000445952 ], [ -97.199415999859298, 32.674086999554852 ], [ -97.199880999889658, 32.673508000403011 ], [ -97.200238000316077, 32.673071000354604 ], [ -97.200519999491604, 32.672987000110432 ], [ -97.21333900032387, 32.669254999743742 ], [ -97.218670999704543, 32.668263000010249 ], [ -97.219083999475799, 32.668217000226541 ], [ -97.21951599986005, 32.668169999801862 ], [ -97.223359000222075, 32.667956999892688 ], [ -97.223338999916464, 32.669185999923961 ] ] ] ] } },
{ "type": "Feature", "properties": { "GEOID": "48439121612", "NAME": "Census Tract 1216.12, Tarrant County, Texas", "variable": "B01003_001", "estimate": 3121, "moe": 532, "coverage_all": 4727.3194, "coverage_na": 3602.9305, "coverage_4050": 734.2195, "coverage_5060": 297.6933, "coverage_6070": 81.8503, "coverage_7080": 10.6258, "coverage_8090": 0.0, "coverage_90": 0.0, "noise4050n": 465.2896, "noise5060n": 190.511, "noise6070n": 34.0086, "noise7080n": 3.6811, "noise8090n": 0.0, "noise90n": 0.0, "noise4050p": 0.1553, "noise5060p": 0.063, "noise6070p": 0.0173, "noise7080p": 0.0022, "noise8090p": 0.0, "noise90p": 0.0 }, "geometry": { "type": "MultiPolygon", "coordinates": [ [ [ [ -97.179779999736979, 32.731129000412388 ], [ -97.179231999832268, 32.736033000347057 ], [ -97.177053000510384, 32.73733800043756 ], [ -97.176073999656964, 32.737903000051148 ], [ -97.174504000253108, 32.73919299956659 ], [ -97.173876000241776, 32.739777999637248 ], [ -97.173450999803649, 32.740536999578772 ], [ -97.173298000539745, 32.741211000386762 ], [ -97.173293000142195, 32.7414249999104 ], [ -97.171252000466396, 32.743353999828855 ], [ -97.164142000011779, 32.745450000250521 ], [ -97.163075000139273, 32.745599999742751 ], [ -97.163028000265541, 32.751204000169587 ], [ -97.163013000477719, 32.755867999662961 ], [ -97.161407999571551, 32.756426999729598 ], [ -97.161075999602247, 32.756541999576378 ], [ -97.16108600052209, 32.757237000356525 ], [ -97.161086000267787, 32.757559000092492 ], [ -97.160286999847614, 32.757559000318579 ], [ -97.159641999637003, 32.757555999577598 ], [ -97.157132000371533, 32.757564999677925 ], [ -97.156414000021627, 32.757547000111167 ], [ -97.155289999731906, 32.757277000289427 ], [ -97.154418999926691, 32.757013000392362 ], [ -97.152719999816625, 32.756683999654491 ], [ -97.150063000226282, 32.75747500029815 ], [ -97.145548999771165, 32.754817999671921 ], [ -97.143644000157565, 32.750469999944094 ], [ -97.147170000039296, 32.750693999664719 ], [ -97.150340999960179, 32.749874999747007 ], [ -97.150845999724396, 32.750042000388419 ], [ -97.151230999671071, 32.749457000271732 ], [ -97.151174000464607, 32.748288999820673 ], [ -97.155553000320964, 32.746061999927321 ], [ -97.155450000310495, 32.744795999743644 ], [ -97.154808000073018, 32.744652000211637 ], [ -97.154530999550914, 32.736013000448267 ], [ -97.156797000433087, 32.736029999617848 ], [ -97.160763999748241, 32.735349999871282 ], [ -97.161282999527501, 32.735158000389227 ], [ -97.166499000255584, 32.732427000264863 ], [ -97.167762000380094, 32.732173000354422 ], [ -97.169345999997347, 32.732096999990823 ], [ -97.17051899998738, 32.732048000138938 ], [ -97.174992000524711, 32.731817000398649 ], [ -97.179425000209548, 32.731185999865609 ], [ -97.179779999736979, 32.731129000412388 ] ] ] ] } },
{ "type": "Feature", "properties": { "GEOID": "48439121613", "NAME": "Census Tract 1216.13, Tarrant County, Texas", "variable": "B01003_001", "estimate": 4521, "moe": 829, "coverage_all": 2268.5274, "coverage_na": 1546.023, "coverage_4050": 481.6648, "coverage_5060": 195.1621, "coverage_6070": 40.8684, "coverage_7080": 4.8092, "coverage_8090": 0.0, "coverage_90": 0.0, "noise4050n": 1099.7929, "noise5060n": 409.4412, "noise6070n": 98.3347, "noise7080n": 11.7881, "noise8090n": 0.0, "noise90n": 0.0, "noise4050p": 0.2123, "noise5060p": 0.086, "noise6070p": 0.018, "noise7080p": 0.0021, "noise8090p": 0.0, "noise90p": 0.0 }, "geometry": { "type": "MultiPolygon", "coordinates": [ [ [ [ -97.155553000320964, 32.746061999927321 ], [ -97.151174000464607, 32.748288999820673 ], [ -97.151230999671071, 32.749457000271732 ], [ -97.150845999724396, 32.750042000388419 ], [ -97.150340999960179, 32.749874999747007 ], [ -97.147170000039296, 32.750693999664719 ], [ -97.143644000157565, 32.750469999944094 ], [ -97.140360000214528, 32.750286000227064 ], [ -97.140459999899008, 32.742857000414354 ], [ -97.140501999822177, 32.735867000033011 ], [ -97.149136000111227, 32.735944999665989 ], [ -97.154530999550914, 32.736013000448267 ], [ -97.154808000073018, 32.744652000211637 ], [ -97.155450000310495, 32.744795999743644 ], [ -97.155553000320964, 32.746061999927321 ] ] ] ] } },
{ "type": "Feature", "properties": { "GEOID": "48439121614", "NAME": "Census Tract 1216.14, Tarrant County, Texas", "variable": "B01003_001", "estimate": 2925, "moe": 896, "coverage_all": 929.9127, "coverage_na": 310.9997, "coverage_4050": 242.2125, "coverage_5060": 259.3447, "coverage_6070": 99.8832, "coverage_7080": 13.0685, "coverage_8090": 4.4042, "coverage_90": 0.0, "noise4050n": 1062.8701, "noise5060n": 568.8788, "noise6070n": 168.8805, "noise7080n": 24.9083, "noise8090n": 6.1132, "noise90n": 0.0, "noise4050p": 0.2605, "noise5060p": 0.2789, "noise6070p": 0.1074, "noise7080p": 0.0141, "noise8090p": 0.0047, "noise90p": 0.0 }, "geometry": { "type": "MultiPolygon", "coordinates": [ [ [ [ -97.149136000111227, 32.735944999665989 ], [ -97.140501999822177, 32.735867000033011 ], [ -97.140459999899008, 32.742857000414354 ], [ -97.133001000490438, 32.742844999685879 ], [ -97.131784000371567, 32.742896000232648 ], [ -97.131654000421236, 32.736500000020975 ], [ -97.131638000007086, 32.73616899957775 ], [ -97.136012999674463, 32.734982999680987 ], [ -97.149138000421217, 32.734062999639129 ], [ -97.149136000111227, 32.735944999665989 ] ] ] ] } },
{ "type": "Feature", "properties": { "GEOID": "48439121615", "NAME": "Census Tract 1216.15, Tarrant County, Texas", "variable": "B01003_001", "estimate": 3766, "moe": 1456, "coverage_all": 2504.1876, "coverage_na": 1309.0003, "coverage_4050": 780.417, "coverage_5060": 291.8423, "coverage_6070": 77.4393, "coverage_7080": 41.5265, "coverage_8090": 3.9622, "coverage_90": 0.0, "noise4050n": 1260.5683, "noise5060n": 441.6867, "noise6070n": 122.6561, "noise7080n": 61.4697, "noise8090n": 5.7652, "noise90n": 0.0, "noise4050p": 0.3116, "noise5060p": 0.1165, "noise6070p": 0.0309, "noise7080p": 0.0166, "noise8090p": 0.0016, "noise90p": 0.0 }, "geometry": { "type": "MultiPolygon", "coordinates": [ [ [ [ -97.153765000128089, 32.757416999868958 ], [ -97.149826999571729, 32.759115999764077 ], [ -97.149736999892369, 32.760205000439811 ], [ -97.14899399950275, 32.760181000411514 ], [ -97.136650000376591, 32.759896999557029 ], [ -97.131584000474291, 32.759922999942674 ], [ -97.131685000166073, 32.750210999830593 ], [ -97.131784000371567, 32.742896000232648 ], [ -97.133001000490438, 32.742844999685879 ], [ -97.140459999899008, 32.742857000414354 ], [ -97.140360000214528, 32.750286000227064 ], [ -97.143644000157565, 32.750469999944094 ], [ -97.145548999771165, 32.754817999671921 ], [ -97.150063000226282, 32.75747500029815 ], [ -97.152719999816625, 32.756683999654491 ], [ -97.154418999926691, 32.757013000392362 ], [ -97.153765000128089, 32.757416999868958 ] ] ] ] } },
{ "type": "Feature", "properties": { "GEOID": "48439121702", "NAME": "Census Tract 1217.02, Tarrant County, Texas", "variable": "B01003_001", "estimate": 2345, "moe": 319, "coverage_all": 7805.4348, "coverage_na": 366.0, "coverage_4050": 4694.0, "coverage_5060": 2042.4397, "coverage_6070": 548.4499, "coverage_7080": 136.7961, "coverage_8090": 17.4298, "coverage_90": 0.3193, "noise4050n": 1471.5553, "noise5060n": 511.3472, "noise6070n": 162.0667, "noise7080n": 57.3563, "noise8090n": 11.0729, "noise90n": 0.0132, "noise4050p": 0.6014, "noise5060p": 0.2617, "noise6070p": 0.0703, "noise7080p": 0.0175, "noise8090p": 0.0022, "noise90p": 0.0 }, "geometry": { "type": "MultiPolygon", "coordinates": [ [ [ [ -97.097400999997959, 32.740088000197339 ], [ -97.097378999672941, 32.745986000395796 ], [ -97.097323000216306, 32.749816999697558 ], [ -97.09720899947412, 32.752130999573573 ], [ -97.097017999746384, 32.759941000187204 ], [ -97.085329000289533, 32.760067000416115 ], [ -97.075818000419844, 32.759852000381386 ], [ -97.066519000413095, 32.75976800032219 ], [ -97.063443999839521, 32.759762999984858 ], [ -97.063447000446189, 32.759522999844457 ], [ -97.06346699997313, 32.757623000039928 ], [ -97.062736000100131, 32.748955999654989 ], [ -97.062720999846817, 32.743009000359613 ], [ -97.062721999863456, 32.742804000326934 ], [ -97.062731999633939, 32.74241300013891 ], [ -97.065279000003812, 32.742803999585874 ], [ -97.07344900022251, 32.742870999617622 ], [ -97.074874000373214, 32.742741999878483 ], [ -97.076868999948687, 32.742162999720996 ], [ -97.083680999723143, 32.739207000143175 ], [ -97.087947000123606, 32.737360999593093 ], [ -97.090465000284695, 32.73678299988633 ], [ -97.097340000503181, 32.736909999703094 ], [ -97.097387999743802, 32.738947999889412 ], [ -97.097400999997959, 32.740088000197339 ] ] ] ] } },
{ "type": "Feature", "properties": { "GEOID": "48439121703", "NAME": "Census Tract 1217.03, Tarrant County, Texas", "variable": "B01003_001", "estimate": 5431, "moe": 565, "coverage_all": 2094.9039, "coverage_na": 777.65, "coverage_4050": 928.7989, "coverage_5060": 257.0428, "coverage_6070": 103.414, "coverage_7080": 26.7975, "coverage_8090": 1.2008, "coverage_90": 0.0, "noise4050n": 2252.77, "noise5060n": 629.6664, "noise6070n": 310.3322, "noise7080n": 43.4372, "noise8090n": 1.9464, "noise90n": 0.0, "noise4050p": 0.4434, "noise5060p": 0.1227, "noise6070p": 0.0494, "noise7080p": 0.0128, "noise8090p": 0.0006, "noise90p": 0.0 }, "geometry": { "type": "MultiPolygon", "coordinates": [ [ [ [ -97.123062999874548, 32.75747500037253 ], [ -97.123060000233437, 32.75992300035788 ], [ -97.114449000285575, 32.759961000045912 ], [ -97.114437000048582, 32.759650000102553 ], [ -97.114455000181991, 32.757454999970427 ], [ -97.111293000079897, 32.757362000035961 ], [ -97.11135000011042, 32.750076000385306 ], [ -97.109058999789625, 32.750058999691596 ], [ -97.106826999670616, 32.750064999590876 ], [ -97.1068460002666, 32.748074000376498 ], [ -97.106911000014563, 32.742834999817802 ], [ -97.108144999789857, 32.742802999957398 ], [ -97.109300000311237, 32.742785999890934 ], [ -97.110673000085967, 32.742839999870966 ], [ -97.111282999952508, 32.74284100030733 ], [ -97.112895999656871, 32.742837999765996 ], [ -97.114481000058021, 32.742803000418427 ], [ -97.115879000298662, 32.742859000228634 ], [ -97.116920999577985, 32.742866000101017 ], [ -97.117195999851106, 32.74333599975472 ], [ -97.117182000094814, 32.746992999999605 ], [ -97.11525099984361, 32.746985000201626 ], [ -97.115303000055349, 32.7481169995553 ], [ -97.115554000309231, 32.748209000254619 ], [ -97.117653000104553, 32.74820500013859 ], [ -97.117637000145393, 32.75015200030505 ], [ -97.123242000455591, 32.750152000363691 ], [ -97.123062999874548, 32.75747500037253 ] ] ] ] } },
{ "type": "Feature", "properties": { "GEOID": "48439121704", "NAME": "Census Tract 1217.04, Tarrant County, Texas", "variable": "B01003_001", "estimate": 3423, "moe": 741, "coverage_all": 2380.3402, "coverage_na": 725.5041, "coverage_4050": 1132.6927, "coverage_5060": 387.9094, "coverage_6070": 84.6767, "coverage_7080": 42.1621, "coverage_8090": 7.3951, "coverage_90": 0.0, "noise4050n": 1277.8937, "noise5060n": 383.725, "noise6070n": 71.1392, "noise7080n": 30.9636, "noise8090n": 5.4309, "noise90n": 0.0, "noise4050p": 0.4759, "noise5060p": 0.163, "noise6070p": 0.0356, "noise7080p": 0.0177, "noise8090p": 0.0031, "noise90p": 0.0 }, "geometry": { "type": "MultiPolygon", "coordinates": [ [ [ [ -97.114437000048582, 32.759650000102553 ], [ -97.114449000285575, 32.759961000045912 ], [ -97.101838999486148, 32.759915999976343 ], [ -97.097017999746384, 32.759941000187204 ], [ -97.09720899947412, 32.752130999573573 ], [ -97.097323000216306, 32.749816999697558 ], [ -97.097378999672941, 32.745986000395796 ], [ -97.09914700024575, 32.745973000338076 ], [ -97.10033900047442, 32.745983000053847 ], [ -97.100394999522933, 32.743495999770623 ], [ -97.103129000023131, 32.742868000307666 ], [ -97.106911000014563, 32.742834999817802 ], [ -97.1068460002666, 32.748074000376498 ], [ -97.106826999670616, 32.750064999590876 ], [ -97.109058999789625, 32.750058999691596 ], [ -97.11135000011042, 32.750076000385306 ], [ -97.111293000079897, 32.757362000035961 ], [ -97.114455000181991, 32.757454999970427 ], [ -97.114437000048582, 32.759650000102553 ] ] ] ] } },
{ "type": "Feature", "properties": { "GEOID": "48439121904", "NAME": "Census Tract 1219.04, Tarrant County, Texas", "variable": "B01003_001", "estimate": 5167, "moe": 902, "coverage_all": 2523.8893, "coverage_na": 178.0, "coverage_4050": 1279.4309, "coverage_5060": 719.0598, "coverage_6070": 217.1163, "coverage_7080": 99.2928, "coverage_8090": 30.9895, "coverage_90": 0.0, "noise4050n": 2568.3771, "noise5060n": 1582.4241, "noise6070n": 439.3656, "noise7080n": 197.6432, "noise8090n": 60.9378, "noise90n": 0.0, "noise4050p": 0.5069, "noise5060p": 0.2849, "noise6070p": 0.086, "noise7080p": 0.0393, "noise8090p": 0.0123, "noise90p": 0.0 }, "geometry": { "type": "MultiPolygon", "coordinates": [ [ [ [ -97.063024999804568, 32.712432000205574 ], [ -97.062684000402825, 32.720756999551803 ], [ -97.062609000493353, 32.725706999614879 ], [ -97.062643000361319, 32.728019000126409 ], [ -97.062630999526803, 32.729852999762549 ], [ -97.062578000448028, 32.735731999559299 ], [ -97.062319000402425, 32.735763000244653 ], [ -97.049321000197807, 32.737425999865948 ], [ -97.0493219999438, 32.737332999745789 ], [ -97.046024000253098, 32.737758999871247 ], [ -97.04602999983851, 32.73668599996634 ], [ -97.046025999809018, 32.735111000104069 ], [ -97.049348999621785, 32.735111000033704 ], [ -97.056362999845348, 32.735227000189276 ], [ -97.056663000002274, 32.728424999560403 ], [ -97.057138000233167, 32.725987999717162 ], [ -97.05718600030778, 32.723543000145611 ], [ -97.057195000341721, 32.720720000388944 ], [ -97.057138000372404, 32.712370000406175 ], [ -97.053348999549698, 32.712384000067559 ], [ -97.053447999552247, 32.706081999928159 ], [ -97.058982999629563, 32.706078999931847 ], [ -97.061122999525196, 32.706048999683574 ], [ -97.062597999550107, 32.706077000027953 ], [ -97.062945000179639, 32.70607999960211 ], [ -97.063022000470596, 32.712202999579389 ], [ -97.063024999804568, 32.712432000205574 ] ] ] ] } },
{ "type": "Feature", "properties": { "GEOID": "48439121905", "NAME": "Census Tract 1219.05, Tarrant County, Texas", "variable": "B01003_001", "estimate": 5750, "moe": 1428, "coverage_all": 1430.5431, "coverage_na": 720.5159, "coverage_4050": 377.4167, "coverage_5060": 259.9412, "coverage_6070": 67.411, "coverage_7080": 5.2584, "coverage_8090": 0.0, "coverage_90": 0.0, "noise4050n": 1562.8349, "noise5060n": 993.2175, "noise6070n": 343.6671, "noise7080n": 27.6392, "noise8090n": 0.0, "noise90n": 0.0, "noise4050p": 0.2638, "noise5060p": 0.1817, "noise6070p": 0.0471, "noise7080p": 0.0037, "noise8090p": 0.0, "noise90p": 0.0 }, "geometry": { "type": "MultiPolygon", "coordinates": [ [ [ [ -97.080373999563761, 32.710011000395056 ], [ -97.080361999985399, 32.713625000084711 ], [ -97.073990000020785, 32.714170999723201 ], [ -97.071754000319913, 32.713920000387077 ], [ -97.071775000071298, 32.712212000416841 ], [ -97.070072999948223, 32.712410999637001 ], [ -97.063024999804568, 32.712432000205574 ], [ -97.063022000470596, 32.712202999579389 ], [ -97.062945000179639, 32.70607999960211 ], [ -97.064045000138023, 32.706055999823207 ], [ -97.06774899978744, 32.706029999900778 ], [ -97.071833999583646, 32.706041000421244 ], [ -97.07971500045204, 32.706059999956551 ], [ -97.080458999743087, 32.70613899965074 ], [ -97.080373999563761, 32.710011000395056 ] ] ] ] } },
{ "type": "Feature", "properties": { "GEOID": "48439121906", "NAME": "Census Tract 1219.06, Tarrant County, Texas", "variable": "B01003_001", "estimate": 4366, "moe": 577, "coverage_all": 1552.3086, "coverage_na": 606.5441, "coverage_4050": 648.1865, "coverage_5060": 238.3356, "coverage_6070": 54.4136, "coverage_7080": 4.8183, "coverage_8090": 0.0105, "coverage_90": 0.0, "noise4050n": 2264.1472, "noise5060n": 807.9239, "noise6070n": 209.8959, "noise7080n": 18.5863, "noise8090n": 0.0406, "noise90n": 0.0, "noise4050p": 0.4176, "noise5060p": 0.1535, "noise6070p": 0.0351, "noise7080p": 0.0031, "noise8090p": 6.7725e-06, "noise90p": 0.0 }, "geometry": { "type": "MultiPolygon", "coordinates": [ [ [ [ -97.080297999800905, 32.720899999672646 ], [ -97.071692999902098, 32.720858000322288 ], [ -97.062684000402825, 32.720756999551803 ], [ -97.063024999804568, 32.712432000205574 ], [ -97.070072999948223, 32.712410999637001 ], [ -97.071775000071298, 32.712212000416841 ], [ -97.071754000319913, 32.713920000387077 ], [ -97.073990000020785, 32.714170999723201 ], [ -97.080361999985399, 32.713625000084711 ], [ -97.080297999800905, 32.720899999672646 ] ] ] ] } },
{ "type": "Feature", "properties": { "GEOID": "48439121907", "NAME": "Census Tract 1219.07, Tarrant County, Texas", "variable": "B01003_001", "estimate": 4873, "moe": 697, "coverage_all": 961.124, "coverage_na": 0.0, "coverage_4050": 894.1938, "coverage_5060": 66.9302, "coverage_6070": 0.0, "coverage_7080": 0.0, "coverage_8090": 0.0, "coverage_90": 0.0, "noise4050n": 4392.8029, "noise5060n": 480.1971, "noise6070n": 0.0, "noise7080n": 0.0, "noise8090n": 0.0, "noise90n": 0.0, "noise4050p": 0.9304, "noise5060p": 0.0696, "noise6070p": 0.0, "noise7080p": 0.0, "noise8090p": 0.0, "noise90p": 0.0 }, "geometry": { "type": "MultiPolygon", "coordinates": [ [ [ [ -97.05718600030778, 32.723543000145611 ], [ -97.057138000233167, 32.725987999717162 ], [ -97.056663000002274, 32.728424999560403 ], [ -97.0511719998415, 32.727987000344235 ], [ -97.045855000231171, 32.727906000362537 ], [ -97.045866999604172, 32.727188000396623 ], [ -97.045913999862762, 32.720623000105462 ], [ -97.047586000469636, 32.72063300025151 ], [ -97.051691000070875, 32.720660000355664 ], [ -97.057195000341721, 32.720720000388944 ], [ -97.05718600030778, 32.723543000145611 ] ] ] ] } },
{ "type": "Feature", "properties": { "GEOID": "48439121908", "NAME": "Census Tract 1219.08, Tarrant County, Texas", "variable": "B01003_001", "estimate": 1271, "moe": 371, "coverage_all": 1343.272, "coverage_na": 138.7891, "coverage_4050": 1030.4409, "coverage_5060": 128.2674, "coverage_6070": 41.7746, "coverage_7080": 4.0, "coverage_8090": 0.0, "coverage_90": 0.0, "noise4050n": 975.0002, "noise5060n": 121.3662, "noise6070n": 39.527, "noise7080n": 3.7848, "noise8090n": 0.0, "noise90n": 0.0, "noise4050p": 0.7671, "noise5060p": 0.0955, "noise6070p": 0.0311, "noise7080p": 0.003, "noise8090p": 0.0, "noise90p": 0.0 }, "geometry": { "type": "MultiPolygon", "coordinates": [ [ [ [ -97.057195000341721, 32.720720000388944 ], [ -97.051691000070875, 32.720660000355664 ], [ -97.047586000469636, 32.72063300025151 ], [ -97.047573999805309, 32.70612100031363 ], [ -97.047573999602548, 32.706035999839791 ], [ -97.053447999552247, 32.706081999928159 ], [ -97.053348999549698, 32.712384000067559 ], [ -97.057138000372404, 32.712370000406175 ], [ -97.057195000341721, 32.720720000388944 ] ] ] ] } },
{ "type": "Feature", "properties": { "GEOID": "48439122001", "NAME": "Census Tract 1220.01, Tarrant County, Texas", "variable": "B01003_001", "estimate": 4029, "moe": 546, "coverage_all": 1440.6693, "coverage_na": 51.0, "coverage_4050": 1136.7736, "coverage_5060": 219.615, "coverage_6070": 33.2804, "coverage_7080": 0.0003, "coverage_8090": 0.0, "coverage_90": 0.0, "noise4050n": 3187.6026, "noise5060n": 600.6386, "noise6070n": 85.6937, "noise7080n": 0.0007, "noise8090n": 0.0, "noise90n": 0.0, "noise4050p": 0.7891, "noise5060p": 0.1524, "noise6070p": 0.0231, "noise7080p": 1.8682e-07, "noise8090p": 0.0, "noise90p": 0.0 }, "geometry": { "type": "MultiPolygon", "coordinates": [ [ [ [ -97.080261999888563, 32.72633499984827 ], [ -97.080263000503408, 32.727119000168678 ], [ -97.076618000111026, 32.727775000226856 ], [ -97.075647000440696, 32.728665000310926 ], [ -97.075662000413715, 32.727847999567423 ], [ -97.071609000409964, 32.728079000298443 ], [ -97.062643000361319, 32.728019000126409 ], [ -97.062609000493353, 32.725706999614879 ], [ -97.062684000402825, 32.720756999551803 ], [ -97.071692999902098, 32.720858000322288 ], [ -97.080297999800905, 32.720899999672646 ], [ -97.080261999888563, 32.72633499984827 ] ] ] ] } },
{ "type": "Feature", "properties": { "GEOID": "48439122002", "NAME": "Census Tract 1220.02, Tarrant County, Texas", "variable": "B01003_001", "estimate": 4773, "moe": 1225, "coverage_all": 1499.4539, "coverage_na": 0.0, "coverage_4050": 1305.7979, "coverage_5060": 152.0049, "coverage_6070": 41.6511, "coverage_7080": 0.0, "coverage_8090": 0.0, "coverage_90": 0.0, "noise4050n": 4128.3039, "noise5060n": 491.5196, "noise6070n": 153.1765, "noise7080n": 0.0, "noise8090n": 0.0, "noise90n": 0.0, "noise4050p": 0.8708, "noise5060p": 0.1014, "noise6070p": 0.0278, "noise7080p": 0.0, "noise8090p": 0.0, "noise90p": 0.0 }, "geometry": { "type": "MultiPolygon", "coordinates": [ [ [ [ -97.080210000497843, 32.735250000008669 ], [ -97.075934000078036, 32.735232000188496 ], [ -97.071567000089118, 32.7352040001673 ], [ -97.068291999987537, 32.735190999730868 ], [ -97.06708800012035, 32.735196999817397 ], [ -97.063103000149667, 32.735678999652507 ], [ -97.062578000448028, 32.735731999559299 ], [ -97.062630999526803, 32.729852999762549 ], [ -97.062643000361319, 32.728019000126409 ], [ -97.071609000409964, 32.728079000298443 ], [ -97.075662000413715, 32.727847999567423 ], [ -97.075647000440696, 32.728665000310926 ], [ -97.076618000111026, 32.727775000226856 ], [ -97.080263000503408, 32.727119000168678 ], [ -97.080210000497843, 32.735250000008669 ] ] ] ] } },
{ "type": "Feature", "properties": { "GEOID": "48439122100", "NAME": "Census Tract 1221, Tarrant County, Texas", "variable": "B01003_001", "estimate": 7803, "moe": 1774, "coverage_all": 4813.8884, "coverage_na": 1390.1856, "coverage_4050": 1762.5429, "coverage_5060": 1360.8727, "coverage_6070": 242.2568, "coverage_7080": 50.8259, "coverage_8090": 4.5238, "coverage_90": 2.6807, "noise4050n": 2511.6511, "noise5060n": 1500.0645, "noise6070n": 285.4589, "noise7080n": 58.0505, "noise8090n": 4.7903, "noise90n": 3.9281, "noise4050p": 0.3661, "noise5060p": 0.2827, "noise6070p": 0.0503, "noise7080p": 0.0106, "noise8090p": 0.0009, "noise90p": 0.0006 }, "geometry": { "type": "MultiPolygon", "coordinates": [ [ [ [ -97.097474000398876, 32.722999999638859 ], [ -97.097417000302642, 32.72593499958387 ], [ -97.097388000509767, 32.728247999785665 ], [ -97.097332999687723, 32.735555999589572 ], [ -97.097340000503181, 32.736909999703094 ], [ -97.090465000284695, 32.73678299988633 ], [ -97.087947000123606, 32.737360999593093 ], [ -97.083680999723143, 32.739207000143175 ], [ -97.076868999948687, 32.742162999720996 ], [ -97.074874000373214, 32.742741999878483 ], [ -97.07344900022251, 32.742870999617622 ], [ -97.065279000003812, 32.742803999585874 ], [ -97.062731999633939, 32.74241300013891 ], [ -97.062591000322172, 32.735809000190891 ], [ -97.062578000448028, 32.735731999559299 ], [ -97.063103000149667, 32.735678999652507 ], [ -97.06708800012035, 32.735196999817397 ], [ -97.068291999987537, 32.735190999730868 ], [ -97.071567000089118, 32.7352040001673 ], [ -97.075934000078036, 32.735232000188496 ], [ -97.080210000497843, 32.735250000008669 ], [ -97.080263000503408, 32.727119000168678 ], [ -97.080261999888563, 32.72633499984827 ], [ -97.080297999800905, 32.720899999672646 ], [ -97.088598999919029, 32.720919000259705 ], [ -97.089122999490144, 32.720921999694355 ], [ -97.097470999968664, 32.721013000002507 ], [ -97.097474000398876, 32.722999999638859 ] ] ] ] } },
{ "type": "Feature", "properties": { "GEOID": "48439122200", "NAME": "Census Tract 1222, Tarrant County, Texas", "variable": "B01003_001", "estimate": 2187, "moe": 374, "coverage_all": 1622.1425, "coverage_na": 163.5147, "coverage_4050": 675.4553, "coverage_5060": 533.5119, "coverage_6070": 219.5262, "coverage_7080": 24.1918, "coverage_8090": 3.9714, "coverage_90": 1.9711, "noise4050n": 909.4157, "noise5060n": 721.5661, "noise6070n": 282.7963, "noise7080n": 32.3828, "noise8090n": 5.4254, "noise90n": 2.3109, "noise4050p": 0.4164, "noise5060p": 0.3289, "noise6070p": 0.1353, "noise7080p": 0.0149, "noise8090p": 0.0024, "noise90p": 0.0012 }, "geometry": { "type": "MultiPolygon", "coordinates": [ [ [ [ -97.123328999925789, 32.738963000218341 ], [ -97.121137000405113, 32.739106999705889 ], [ -97.121113000101317, 32.741043999657329 ], [ -97.119660999512476, 32.741051999919037 ], [ -97.119687999807198, 32.741987999979131 ], [ -97.119672000430313, 32.742923999560006 ], [ -97.116920999577985, 32.742866000101017 ], [ -97.115879000298662, 32.742859000228634 ], [ -97.114481000058021, 32.742803000418427 ], [ -97.112895999656871, 32.742837999765996 ], [ -97.111282999952508, 32.74284100030733 ], [ -97.110673000085967, 32.742839999870966 ], [ -97.109300000311237, 32.742785999890934 ], [ -97.108144999789857, 32.742802999957398 ], [ -97.106911000014563, 32.742834999817802 ], [ -97.103129000023131, 32.742868000307666 ], [ -97.100394999522933, 32.743495999770623 ], [ -97.10033900047442, 32.745983000053847 ], [ -97.09914700024575, 32.745973000338076 ], [ -97.097378999672941, 32.745986000395796 ], [ -97.097400999997959, 32.740088000197339 ], [ -97.097387999743802, 32.738947999889412 ], [ -97.097340000503181, 32.736909999703094 ], [ -97.107042000279321, 32.737272999893825 ], [ -97.114525000213689, 32.73755700034377 ], [ -97.123246999975208, 32.737896000194752 ], [ -97.123328999925789, 32.738963000218341 ] ] ] ] } },
{ "type": "Feature", "properties": { "GEOID": "48439122300", "NAME": "Census Tract 1223, Tarrant County, Texas", "variable": "B01003_001", "estimate": 4789, "moe": 634, "coverage_all": 2600.281, "coverage_na": 875.5213, "coverage_4050": 889.6435, "coverage_5060": 646.1183, "coverage_6070": 149.3666, "coverage_7080": 30.5738, "coverage_8090": 5.0286, "coverage_90": 4.0289, "noise4050n": 1620.2763, "noise5060n": 1211.9267, "noise6070n": 281.9249, "noise7080n": 58.8878, "noise8090n": 9.6854, "noise90n": 7.7599, "noise4050p": 0.3421, "noise5060p": 0.2485, "noise6070p": 0.0574, "noise7080p": 0.0118, "noise8090p": 0.0019, "noise90p": 0.0015 }, "geometry": { "type": "MultiPolygon", "coordinates": [ [ [ [ -97.123552999585556, 32.735833000160596 ], [ -97.123512999571204, 32.736825999796309 ], [ -97.123246999975208, 32.737896000194752 ], [ -97.114525000213689, 32.73755700034377 ], [ -97.107042000279321, 32.737272999893825 ], [ -97.097340000503181, 32.736909999703094 ], [ -97.097332999687723, 32.735555999589572 ], [ -97.097388000509767, 32.728247999785665 ], [ -97.098924999469759, 32.727842999805318 ], [ -97.1064780001131, 32.728349999814867 ], [ -97.112243999993183, 32.726871999877851 ], [ -97.114625000321368, 32.727259999809149 ], [ -97.11459500014999, 32.73070100035364 ], [ -97.121709000428211, 32.730767000287344 ], [ -97.123565000273217, 32.730987999929056 ], [ -97.123552999585556, 32.735833000160596 ] ] ] ] } },
{ "type": "Feature", "properties": { "GEOID": "48439122401", "NAME": "Census Tract 1224.01, Tarrant County, Texas", "variable": "B01003_001", "estimate": 1845, "moe": 461, "coverage_all": 1334.3961, "coverage_na": 1062.0255, "coverage_4050": 105.5579, "coverage_5060": 138.4082, "coverage_6070": 28.4045, "coverage_7080": 0.0, "coverage_8090": 0.0, "coverage_90": 0.0, "noise4050n": 146.8349, "noise5060n": 193.3728, "noise6070n": 35.7576, "noise7080n": 0.0, "noise8090n": 0.0, "noise90n": 0.0, "noise4050p": 0.0791, "noise5060p": 0.1037, "noise6070p": 0.0213, "noise7080p": 0.0, "noise8090p": 0.0, "noise90p": 0.0 }, "geometry": { "type": "MultiPolygon", "coordinates": [ [ [ [ -97.114666000082437, 32.724357999840677 ], [ -97.114625000321368, 32.727259999809149 ], [ -97.112243999993183, 32.726871999877851 ], [ -97.1064780001131, 32.728349999814867 ], [ -97.098924999469759, 32.727842999805318 ], [ -97.097388000509767, 32.728247999785665 ], [ -97.097417000302642, 32.72593499958387 ], [ -97.097474000398876, 32.722999999638859 ], [ -97.097470999968664, 32.721013000002507 ], [ -97.09963600004609, 32.72101499960187 ], [ -97.101701000135122, 32.721046000209654 ], [ -97.102874000163368, 32.721060000114981 ], [ -97.107570000070766, 32.721094000439528 ], [ -97.110070000222322, 32.721105999859496 ], [ -97.114714999914966, 32.72115899973042 ], [ -97.114666000082437, 32.724357999840677 ] ] ] ] } },
{ "type": "Feature", "properties": { "GEOID": "48439122402", "NAME": "Census Tract 1224.02, Tarrant County, Texas", "variable": "B01003_001", "estimate": 4198, "moe": 916, "coverage_all": 2384.4743, "coverage_na": 1784.9872, "coverage_4050": 331.5302, "coverage_5060": 264.281, "coverage_6070": 3.6759, "coverage_7080": 0.0, "coverage_8090": 0.0, "coverage_90": 0.0, "noise4050n": 523.0258, "noise5060n": 436.1749, "noise6070n": 13.9319, "noise7080n": 0.0, "noise8090n": 0.0, "noise90n": 0.0, "noise4050p": 0.139, "noise5060p": 0.1108, "noise6070p": 0.0015, "noise7080p": 0.0, "noise8090p": 0.0, "noise90p": 0.0 }, "geometry": { "type": "MultiPolygon", "coordinates": [ [ [ [ -97.131890999599932, 32.730609999621414 ], [ -97.13159200047906, 32.735335999677005 ], [ -97.131628000217347, 32.735861999714913 ], [ -97.123552999585556, 32.735833000160596 ], [ -97.123565000273217, 32.730987999929056 ], [ -97.121709000428211, 32.730767000287344 ], [ -97.11459500014999, 32.73070100035364 ], [ -97.114625000321368, 32.727259999809149 ], [ -97.114666000082437, 32.724357999840677 ], [ -97.114714999914966, 32.72115899973042 ], [ -97.123326000223159, 32.721212999733062 ], [ -97.131922000475598, 32.721245999828604 ], [ -97.131890999599932, 32.730609999621414 ] ] ] ] } },
{ "type": "Feature", "properties": { "GEOID": "48439122500", "NAME": "Census Tract 1225, Tarrant County, Texas", "variable": "B01003_001", "estimate": 4229, "moe": 709, "coverage_all": 2687.7863, "coverage_na": 1520.7582, "coverage_4050": 584.2355, "coverage_5060": 480.919, "coverage_6070": 78.2693, "coverage_7080": 17.0085, "coverage_8090": 6.5958, "coverage_90": 0.0, "noise4050n": 948.7623, "noise5060n": 775.9265, "noise6070n": 124.817, "noise7080n": 27.1236, "noise8090n": 10.5184, "noise90n": 0.0, "noise4050p": 0.2174, "noise5060p": 0.1789, "noise6070p": 0.0291, "noise7080p": 0.0063, "noise8090p": 0.0025, "noise90p": 0.0 }, "geometry": { "type": "MultiPolygon", "coordinates": [ [ [ [ -97.149138000421217, 32.734062999639129 ], [ -97.136012999674463, 32.734982999680987 ], [ -97.131638000007086, 32.73616899957775 ], [ -97.131628000217347, 32.735861999714913 ], [ -97.13159200047906, 32.735335999677005 ], [ -97.131890999599932, 32.730609999621414 ], [ -97.131922000475598, 32.721245999828604 ], [ -97.139408999603404, 32.721322000336542 ], [ -97.140657999880062, 32.721302999619432 ], [ -97.140781000199965, 32.721299000414191 ], [ -97.14234999999762, 32.721279000032737 ], [ -97.142545999856424, 32.721279999748567 ], [ -97.149126999837932, 32.721343999555586 ], [ -97.149133000366845, 32.721752999965027 ], [ -97.149119999614754, 32.722254000279918 ], [ -97.149084999518962, 32.729945999806411 ], [ -97.149110999611693, 32.731897999970961 ], [ -97.149138000421217, 32.734062999639129 ] ] ] ] } },
{ "type": "Feature", "properties": { "GEOID": "48439122600", "NAME": "Census Tract 1226, Tarrant County, Texas", "variable": "B01003_001", "estimate": 4273, "moe": 544, "coverage_all": 2728.8849, "coverage_na": 2319.1172, "coverage_4050": 117.9532, "coverage_5060": 226.1508, "coverage_6070": 64.9482, "coverage_7080": 0.7155, "coverage_8090": 0.0, "coverage_90": 0.0, "noise4050n": 165.4928, "noise5060n": 331.019, "noise6070n": 76.6724, "noise7080n": 0.8446, "noise8090n": 0.0, "noise90n": 0.0, "noise4050p": 0.0432, "noise5060p": 0.0829, "noise6070p": 0.0238, "noise7080p": 0.0003, "noise8090p": 0.0, "noise90p": 0.0 }, "geometry": { "type": "MultiPolygon", "coordinates": [ [ [ [ -97.149183999765782, 32.710106999810151 ], [ -97.149179000483116, 32.710735999698983 ], [ -97.14914499994542, 32.714030999797906 ], [ -97.149134000135078, 32.719145000128684 ], [ -97.149131999826082, 32.719638000419586 ], [ -97.149126999837932, 32.721343999555586 ], [ -97.142545999856424, 32.721279999748567 ], [ -97.14234999999762, 32.721279000032737 ], [ -97.140781000199965, 32.721299000414191 ], [ -97.140657999880062, 32.721302999619432 ], [ -97.139408999603404, 32.721322000336542 ], [ -97.131922000475598, 32.721245999828604 ], [ -97.131932000142641, 32.715352999893327 ], [ -97.13195699983639, 32.714027999742719 ], [ -97.131945999599083, 32.709025999594495 ], [ -97.131998000539284, 32.706547000334147 ], [ -97.132721999549119, 32.706559000088603 ], [ -97.136875000081261, 32.706608999912461 ], [ -97.137884000255781, 32.706659999859873 ], [ -97.138031000306952, 32.706660000104364 ], [ -97.139472999613972, 32.706657000383807 ], [ -97.140599000404265, 32.706677000121338 ], [ -97.141116000310546, 32.706704000354677 ], [ -97.143859999582062, 32.706707000275905 ], [ -97.143996999919779, 32.706707999767104 ], [ -97.14398000042172, 32.709677000227842 ], [ -97.149185999650086, 32.709794000060846 ], [ -97.149183999765782, 32.710106999810151 ] ] ] ] } },
{ "type": "Feature", "properties": { "GEOID": "48439122701", "NAME": "Census Tract 1227.01, Tarrant County, Texas", "variable": "B01003_001", "estimate": 2112, "moe": 293, "coverage_all": 1239.6366, "coverage_na": 1043.7635, "coverage_4050": 55.5985, "coverage_5060": 101.2034, "coverage_6070": 37.0818, "coverage_7080": 1.9893, "coverage_8090": 0.0, "coverage_90": 0.0, "noise4050n": 94.7246, "noise5060n": 172.4228, "noise6070n": 63.1773, "noise7080n": 3.3892, "noise8090n": 0.0, "noise90n": 0.0, "noise4050p": 0.0449, "noise5060p": 0.0816, "noise6070p": 0.0299, "noise7080p": 0.0016, "noise8090p": 0.0, "noise90p": 0.0 }, "geometry": { "type": "MultiPolygon", "coordinates": [ [ [ [ -97.123277999772299, 32.715293999919865 ], [ -97.123326000223159, 32.721212999733062 ], [ -97.114714999914966, 32.72115899973042 ], [ -97.114669000447194, 32.716174999671438 ], [ -97.114775000230495, 32.710039999998273 ], [ -97.115857999853304, 32.708494999945607 ], [ -97.116001999607278, 32.708311999641808 ], [ -97.12333599958292, 32.708916000159427 ], [ -97.123277999772299, 32.715293999919865 ] ] ] ] } },
{ "type": "Feature", "properties": { "GEOID": "48439122702", "NAME": "Census Tract 1227.02, Tarrant County, Texas", "variable": "B01003_001", "estimate": 2696, "moe": 655, "coverage_all": 1634.4108, "coverage_na": 1261.5775, "coverage_4050": 122.813, "coverage_5060": 211.6626, "coverage_6070": 35.3274, "coverage_7080": 3.0304, "coverage_8090": 0.0, "coverage_90": 0.0, "noise4050n": 155.8708, "noise5060n": 296.0067, "noise6070n": 40.2931, "noise7080n": 3.4564, "noise8090n": 0.0, "noise90n": 0.0, "noise4050p": 0.0751, "noise5060p": 0.1295, "noise6070p": 0.0216, "noise7080p": 0.0019, "noise8090p": 0.0, "noise90p": 0.0 }, "geometry": { "type": "MultiPolygon", "coordinates": [ [ [ [ -97.131945999599083, 32.709025999594495 ], [ -97.13195699983639, 32.714027999742719 ], [ -97.131932000142641, 32.715352999893327 ], [ -97.131922000475598, 32.721245999828604 ], [ -97.123326000223159, 32.721212999733062 ], [ -97.123277999772299, 32.715293999919865 ], [ -97.12333599958292, 32.708916000159427 ], [ -97.116001999607278, 32.708311999641808 ], [ -97.117433999875217, 32.70643700039664 ], [ -97.127891000177655, 32.706527000165529 ], [ -97.131998000539284, 32.706547000334147 ], [ -97.131945999599083, 32.709025999594495 ] ] ] ] } },
{ "type": "Feature", "properties": { "GEOID": "48439122801", "NAME": "Census Tract 1228.01, Tarrant County, Texas", "variable": "B01003_001", "estimate": 3990, "moe": 717, "coverage_all": 1012.3518, "coverage_na": 725.0312, "coverage_4050": 79.4102, "coverage_5060": 132.1101, "coverage_6070": 66.3189, "coverage_7080": 9.4813, "coverage_8090": 0.0, "coverage_90": 0.0, "noise4050n": 333.1128, "noise5060n": 446.2679, "noise6070n": 261.5506, "noise7080n": 23.4163, "noise8090n": 0.0, "noise90n": 0.0, "noise4050p": 0.0784, "noise5060p": 0.1305, "noise6070p": 0.0655, "noise7080p": 0.0094, "noise8090p": 0.0, "noise90p": 0.0 }, "geometry": { "type": "MultiPolygon", "coordinates": [ [ [ [ -97.116001999607278, 32.708311999641808 ], [ -97.115857999853304, 32.708494999945607 ], [ -97.114775000230495, 32.710039999998273 ], [ -97.114669000447194, 32.716174999671438 ], [ -97.114714999914966, 32.72115899973042 ], [ -97.110070000222322, 32.721105999859496 ], [ -97.107570000070766, 32.721094000439528 ], [ -97.106718000293142, 32.72024699959794 ], [ -97.107367999826792, 32.718859999631341 ], [ -97.106606999570062, 32.717683000138486 ], [ -97.109351000464102, 32.715838999966614 ], [ -97.109310999709109, 32.715116999611517 ], [ -97.111208000106473, 32.713654999654693 ], [ -97.110275000528873, 32.711796000197786 ], [ -97.111454999888238, 32.710450999713174 ], [ -97.11076400023255, 32.709191999708686 ], [ -97.112528000144096, 32.708227000300148 ], [ -97.107500000508367, 32.708206999583275 ], [ -97.107589999565761, 32.708062000156524 ], [ -97.108726000084403, 32.706329999897186 ], [ -97.111375000370558, 32.706296999576168 ], [ -97.112094999953371, 32.706066000304993 ], [ -97.113436000243638, 32.705927000130686 ], [ -97.114648000077878, 32.706187000370278 ], [ -97.115464000037861, 32.706401000413869 ], [ -97.117433999875217, 32.70643700039664 ], [ -97.116001999607278, 32.708311999641808 ] ] ] ] } },
{ "type": "Feature", "properties": { "GEOID": "48439122802", "NAME": "Census Tract 1228.02, Tarrant County, Texas", "variable": "B01003_001", "estimate": 5826, "moe": 1113, "coverage_all": 1980.8709, "coverage_na": 1539.1491, "coverage_4050": 177.7201, "coverage_5060": 200.7486, "coverage_6070": 56.7542, "coverage_7080": 6.499, "coverage_8090": 0.0, "coverage_90": 0.0, "noise4050n": 879.2875, "noise5060n": 886.0865, "noise6070n": 161.9181, "noise7080n": 13.8428, "noise8090n": 0.0, "noise90n": 0.0, "noise4050p": 0.0897, "noise5060p": 0.1013, "noise6070p": 0.0287, "noise7080p": 0.0033, "noise8090p": 0.0, "noise90p": 0.0 }, "geometry": { "type": "MultiPolygon", "coordinates": [ [ [ [ -97.11076400023255, 32.709191999708686 ], [ -97.111454999888238, 32.710450999713174 ], [ -97.110275000528873, 32.711796000197786 ], [ -97.111208000106473, 32.713654999654693 ], [ -97.109310999709109, 32.715116999611517 ], [ -97.109351000464102, 32.715838999966614 ], [ -97.106606999570062, 32.717683000138486 ], [ -97.107367999826792, 32.718859999631341 ], [ -97.106718000293142, 32.72024699959794 ], [ -97.107570000070766, 32.721094000439528 ], [ -97.102874000163368, 32.721060000114981 ], [ -97.101701000135122, 32.721046000209654 ], [ -97.09963600004609, 32.72101499960187 ], [ -97.097470999968664, 32.721013000002507 ], [ -97.097599999814648, 32.71386499980197 ], [ -97.097653000213455, 32.707971000113822 ], [ -97.097669000193179, 32.706234999799584 ], [ -97.108726000084403, 32.706329999897186 ], [ -97.107589999565761, 32.708062000156524 ], [ -97.107500000508367, 32.708206999583275 ], [ -97.112528000144096, 32.708227000300148 ], [ -97.11076400023255, 32.709191999708686 ] ] ] ] } },
{ "type": "Feature", "properties": { "GEOID": "48439122901", "NAME": "Census Tract 1229.01, Tarrant County, Texas", "variable": "B01003_001", "estimate": 3879, "moe": 877, "coverage_all": 1431.1822, "coverage_na": 1178.6044, "coverage_4050": 112.8516, "coverage_5060": 101.779, "coverage_6070": 37.9473, "coverage_7080": 0.0, "coverage_8090": 0.0, "coverage_90": 0.0, "noise4050n": 303.7972, "noise5060n": 272.1617, "noise6070n": 107.4185, "noise7080n": 0.0, "noise8090n": 0.0, "noise90n": 0.0, "noise4050p": 0.0789, "noise5060p": 0.0711, "noise6070p": 0.0265, "noise7080p": 0.0, "noise8090p": 0.0, "noise90p": 0.0 }, "geometry": { "type": "MultiPolygon", "coordinates": [ [ [ [ -97.097470999968664, 32.721013000002507 ], [ -97.089122999490144, 32.720921999694355 ], [ -97.088598999919029, 32.720919000259705 ], [ -97.080297999800905, 32.720899999672646 ], [ -97.080361999985399, 32.713625000084711 ], [ -97.088451999747363, 32.713700999764541 ], [ -97.089433999711616, 32.713763000364629 ], [ -97.097599999814648, 32.71386499980197 ], [ -97.097470999968664, 32.721013000002507 ] ] ] ] } },
{ "type": "Feature", "properties": { "GEOID": "48439122902", "NAME": "Census Tract 1229.02, Tarrant County, Texas", "variable": "B01003_001", "estimate": 2905, "moe": 587, "coverage_all": 1503.3095, "coverage_na": 671.1501, "coverage_4050": 469.4935, "coverage_5060": 253.5531, "coverage_6070": 98.1128, "coverage_7080": 11.0, "coverage_8090": 0.0, "coverage_90": 0.0, "noise4050n": 951.6877, "noise5060n": 494.4465, "noise6070n": 181.7069, "noise7080n": 19.9758, "noise8090n": 0.0, "noise90n": 0.0, "noise4050p": 0.3123, "noise5060p": 0.1687, "noise6070p": 0.0653, "noise7080p": 0.0073, "noise8090p": 0.0, "noise90p": 0.0 }, "geometry": { "type": "MultiPolygon", "coordinates": [ [ [ [ -97.097653000213455, 32.707971000113822 ], [ -97.097599999814648, 32.71386499980197 ], [ -97.089433999711616, 32.713763000364629 ], [ -97.088451999747363, 32.713700999764541 ], [ -97.080361999985399, 32.713625000084711 ], [ -97.080373999563761, 32.710011000395056 ], [ -97.080458999743087, 32.70613899965074 ], [ -97.089601000411236, 32.706200000432553 ], [ -97.097669000193179, 32.706234999799584 ], [ -97.097653000213455, 32.707971000113822 ] ] ] ] } },
{ "type": "Feature", "properties": { "GEOID": "48439123001", "NAME": "Census Tract 1230.01, Tarrant County, Texas", "variable": "B01003_001", "estimate": 3181, "moe": 585, "coverage_all": 3139.7811, "coverage_na": 2444.7725, "coverage_4050": 190.9483, "coverage_5060": 289.2915, "coverage_6070": 134.0736, "coverage_7080": 72.2855, "coverage_8090": 8.4097, "coverage_90": 0.0, "noise4050n": 224.0198, "noise5060n": 357.7126, "noise6070n": 177.6933, "noise7080n": 119.8371, "noise8090n": 14.7455, "noise90n": 0.0, "noise4050p": 0.0608, "noise5060p": 0.0921, "noise6070p": 0.0427, "noise7080p": 0.023, "noise8090p": 0.0027, "noise90p": 0.0 }, "geometry": { "type": "MultiPolygon", "coordinates": [ [ [ [ -97.441226999563639, 32.741366999630351 ], [ -97.440792000432651, 32.74241699978532 ], [ -97.440180999525182, 32.743411999689066 ], [ -97.439258000483008, 32.744913999859584 ], [ -97.435325000161342, 32.748788999773168 ], [ -97.435271000489493, 32.748844999929169 ], [ -97.434356999749212, 32.749673999826342 ], [ -97.429634000476156, 32.754157999838363 ], [ -97.429344999559717, 32.754425000365387 ], [ -97.428894000042547, 32.754150999581391 ], [ -97.428445999751048, 32.753891000032034 ], [ -97.42857799948942, 32.753759000332018 ], [ -97.42840400026013, 32.75356199983635 ], [ -97.428129000135954, 32.753700999996866 ], [ -97.427844999543638, 32.753994000307195 ], [ -97.427131999823388, 32.753964000133209 ], [ -97.426515999606366, 32.753984999820545 ], [ -97.424652999543369, 32.753975999636602 ], [ -97.416009000378395, 32.753935999660968 ], [ -97.415676000336987, 32.753934999679949 ], [ -97.414993000463994, 32.75285099967774 ], [ -97.41394599957296, 32.751238000427911 ], [ -97.414263000057787, 32.751045999577691 ], [ -97.414453000313955, 32.750932000234386 ], [ -97.416632000176648, 32.751257000186015 ], [ -97.417193999865006, 32.751657999810128 ], [ -97.417713999714181, 32.751955999783526 ], [ -97.418530999488738, 32.751722000368666 ], [ -97.418866999888863, 32.750927000056741 ], [ -97.419291999672851, 32.750926999984081 ], [ -97.419729999486506, 32.750096999580926 ], [ -97.420329000039573, 32.749017999985767 ], [ -97.420786999776155, 32.749135999766736 ], [ -97.420418999658793, 32.749790999573811 ], [ -97.423896999594504, 32.750354000292042 ], [ -97.426246999887212, 32.748799999925566 ], [ -97.424497000166994, 32.741663999944372 ], [ -97.424608000211336, 32.740029000339923 ], [ -97.425045000446801, 32.737818999810088 ], [ -97.424150999543372, 32.734608999994322 ], [ -97.42415799972342, 32.734326000017703 ], [ -97.425672000276933, 32.734310999603856 ], [ -97.427841000094233, 32.7346160003422 ], [ -97.42877100034778, 32.734737000111714 ], [ -97.434347999532392, 32.73548399992508 ], [ -97.439147999907775, 32.7361569999075 ], [ -97.440677999936995, 32.736465999798746 ], [ -97.440821999642139, 32.736497000179803 ], [ -97.440775999636401, 32.738137999666563 ], [ -97.441291000403993, 32.740320999734067 ], [ -97.441226999563639, 32.741366999630351 ] ] ] ] } },
{ "type": "Feature", "properties": { "GEOID": "48439123002", "NAME": "Census Tract 1230.02, Tarrant County, Texas", "variable": "B01003_001", "estimate": 2662, "moe": 326, "coverage_all": 3292.4885, "coverage_na": 2936.9369, "coverage_4050": 98.1621, "coverage_5060": 143.8336, "coverage_6070": 58.4745, "coverage_7080": 51.0814, "coverage_8090": 4.0, "coverage_90": 0.0, "noise4050n": 120.7171, "noise5060n": 178.749, "noise6070n": 71.1705, "noise7080n": 67.8073, "noise8090n": 7.5352, "noise90n": 0.0, "noise4050p": 0.0298, "noise5060p": 0.0437, "noise6070p": 0.0178, "noise7080p": 0.0155, "noise8090p": 0.0012, "noise90p": 0.0 }, "geometry": { "type": "MultiPolygon", "coordinates": [ [ [ [ -97.426246999887212, 32.748799999925566 ], [ -97.423896999594504, 32.750354000292042 ], [ -97.420418999658793, 32.749790999573811 ], [ -97.420786999776155, 32.749135999766736 ], [ -97.420329000039573, 32.749017999985767 ], [ -97.419729999486506, 32.750096999580926 ], [ -97.419291999672851, 32.750926999984081 ], [ -97.418866999888863, 32.750927000056741 ], [ -97.418530999488738, 32.751722000368666 ], [ -97.417713999714181, 32.751955999783526 ], [ -97.417193999865006, 32.751657999810128 ], [ -97.416632000176648, 32.751257000186015 ], [ -97.414453000313955, 32.750932000234386 ], [ -97.414263000057787, 32.751045999577691 ], [ -97.412911999928326, 32.749585999571877 ], [ -97.412725000509752, 32.745587000256606 ], [ -97.41157899958462, 32.747042999881749 ], [ -97.411048000014361, 32.747825999950756 ], [ -97.410477999938067, 32.748410000046363 ], [ -97.407071999764909, 32.747277000393161 ], [ -97.405496999774257, 32.747467000001045 ], [ -97.404099000473749, 32.746416000255408 ], [ -97.402988000427612, 32.74536200030812 ], [ -97.40049700045698, 32.742905000327099 ], [ -97.400743999519236, 32.742595999654966 ], [ -97.401863000102253, 32.742681000323309 ], [ -97.403311000145564, 32.739653999763838 ], [ -97.403552000511084, 32.739454000013822 ], [ -97.403625000193657, 32.739454000422846 ], [ -97.404323000097094, 32.739731000050547 ], [ -97.409653999698506, 32.739699999920454 ], [ -97.409644999634693, 32.737362999936941 ], [ -97.4096529995808, 32.736878999859627 ], [ -97.413186000385139, 32.736910999604994 ], [ -97.413595999802837, 32.73485700003971 ], [ -97.413502999759132, 32.734430999736603 ], [ -97.413387000234863, 32.734089999758858 ], [ -97.41614400043936, 32.734271000427071 ], [ -97.420979000010647, 32.734336000049126 ], [ -97.42415799972342, 32.734326000017703 ], [ -97.424150999543372, 32.734608999994322 ], [ -97.425045000446801, 32.737818999810088 ], [ -97.424608000211336, 32.740029000339923 ], [ -97.424497000166994, 32.741663999944372 ], [ -97.426246999887212, 32.748799999925566 ] ] ] ] } },
{ "type": "Feature", "properties": { "GEOID": "48439123100", "NAME": "Census Tract 1231, Tarrant County, Texas", "variable": "B01003_001", "estimate": 3191, "moe": 603, "coverage_all": 4430.993, "coverage_na": 0.0, "coverage_4050": 306.8085, "coverage_5060": 3063.3442, "coverage_6070": 769.4433, "coverage_7080": 220.7082, "coverage_8090": 67.6888, "coverage_90": 3.0, "noise4050n": 233.4271, "noise5060n": 2213.2438, "noise6070n": 542.7864, "noise7080n": 150.7588, "noise8090n": 48.6964, "noise90n": 2.0874, "noise4050p": 0.0692, "noise5060p": 0.6913, "noise6070p": 0.1737, "noise7080p": 0.0498, "noise8090p": 0.0153, "noise90p": 0.0007 }, "geometry": { "type": "MultiPolygon", "coordinates": [ [ [ [ -97.325879000270675, 32.737955000203641 ], [ -97.325858999816774, 32.741804999777067 ], [ -97.321540999530285, 32.741835000080322 ], [ -97.321397000069453, 32.744991999992216 ], [ -97.312011999579113, 32.743014000120723 ], [ -97.311712999619047, 32.742955999775909 ], [ -97.308410999675928, 32.742716000265617 ], [ -97.304535999512311, 32.74344300042678 ], [ -97.303051999718306, 32.743823000105607 ], [ -97.302942000176472, 32.74385100006922 ], [ -97.303169999825727, 32.747390000039651 ], [ -97.303184000152939, 32.748375999903502 ], [ -97.303198000230523, 32.748557000301055 ], [ -97.294598000154707, 32.749307999963492 ], [ -97.294627000352605, 32.747084999789834 ], [ -97.29573399950587, 32.745685000364453 ], [ -97.296160999900266, 32.74381099995859 ], [ -97.297421000329138, 32.741787000305152 ], [ -97.293503000297079, 32.737062000053932 ], [ -97.293297000412025, 32.735978000343401 ], [ -97.294273999587077, 32.73390100017653 ], [ -97.295982000097595, 32.733991999771931 ], [ -97.297322000083042, 32.731180000163207 ], [ -97.299427999787824, 32.731360999842451 ], [ -97.30314300033227, 32.731369999951269 ], [ -97.306925000011773, 32.73140899979709 ], [ -97.310978000525765, 32.732129999614244 ], [ -97.315650999601331, 32.732051000156503 ], [ -97.318287999763626, 32.732068000054028 ], [ -97.322048999929294, 32.732978999618908 ], [ -97.324235000046244, 32.733045999846077 ], [ -97.324259999835846, 32.735499999871259 ], [ -97.325865000445958, 32.735559999945444 ], [ -97.325879000270675, 32.737955000203641 ] ] ] ] } },
{ "type": "Feature", "properties": { "GEOID": "48439123200", "NAME": "Census Tract 1232, Tarrant County, Texas", "variable": "B01003_001", "estimate": 2600, "moe": 457, "coverage_all": 8784.3178, "coverage_na": 0.0, "coverage_4050": 0.0, "coverage_5060": 6626.569, "coverage_6070": 1646.1403, "coverage_7080": 410.0746, "coverage_8090": 86.7444, "coverage_90": 14.7895, "noise4050n": 0.0, "noise5060n": 1979.8807, "noise6070n": 473.1954, "noise7080n": 117.7711, "noise8090n": 24.901, "noise90n": 4.2518, "noise4050p": 0.0, "noise5060p": 0.7544, "noise6070p": 0.1874, "noise7080p": 0.0467, "noise8090p": 0.0099, "noise90p": 0.0017 }, "geometry": { "type": "MultiPolygon", "coordinates": [ [ [ [ -97.344996999864662, 32.765798999683867 ], [ -97.344924000260377, 32.765945000429703 ], [ -97.344147000077072, 32.767606000162097 ], [ -97.343581000507399, 32.772969999869574 ], [ -97.342592999660411, 32.771719999688358 ], [ -97.341086000380827, 32.772429000197064 ], [ -97.342878000046113, 32.775154000086545 ], [ -97.342984999813254, 32.775788000099482 ], [ -97.342770000042194, 32.77787600009988 ], [ -97.340523000134056, 32.778264000315339 ], [ -97.339799000512045, 32.781810000224709 ], [ -97.337753999906994, 32.78423200031461 ], [ -97.337538000246496, 32.784342999912887 ], [ -97.336386999490401, 32.784518999900413 ], [ -97.332755999839691, 32.784448999778256 ], [ -97.325313000397784, 32.782708000070762 ], [ -97.324341000133401, 32.784468999620422 ], [ -97.321965000307443, 32.782155999783903 ], [ -97.320400999561244, 32.781255999932107 ], [ -97.318763000014442, 32.780625000044019 ], [ -97.318391999639545, 32.780040000355477 ], [ -97.315502000483008, 32.776531999912976 ], [ -97.314356000231754, 32.774818999817079 ], [ -97.312796000486756, 32.773008999927349 ], [ -97.311833999500521, 32.771378000294959 ], [ -97.311558999593814, 32.770998000181059 ], [ -97.311435000476649, 32.77072900010041 ], [ -97.310784000012106, 32.768709999558439 ], [ -97.312108000197497, 32.768078000351551 ], [ -97.311024999587076, 32.767222999945353 ], [ -97.310102999871418, 32.765416999689478 ], [ -97.308956999640699, 32.765273000260187 ], [ -97.308960000294746, 32.763292000270688 ], [ -97.30896200008911, 32.762298000052134 ], [ -97.308980999854626, 32.761248999553466 ], [ -97.308976000301001, 32.759645000441509 ], [ -97.310907000279414, 32.759291999775044 ], [ -97.31125799953611, 32.7592450004163 ], [ -97.321122000189362, 32.757764999855517 ], [ -97.322383000390445, 32.75714699971352 ], [ -97.322839000201085, 32.761203999725389 ], [ -97.32302499996365, 32.761853999646398 ], [ -97.324326000202362, 32.76123999986293 ], [ -97.327182999777378, 32.760209000250562 ], [ -97.332134999533835, 32.757528000017217 ], [ -97.332598000344575, 32.758180000287574 ], [ -97.334146999608379, 32.757412999904609 ], [ -97.339436999950991, 32.754834000361392 ], [ -97.340753000337799, 32.756734000380135 ], [ -97.342384000250973, 32.758086999834703 ], [ -97.347037000230245, 32.761791999963954 ], [ -97.344996999864662, 32.765798999683867 ] ] ] ] } },
{ "type": "Feature", "properties": { "GEOID": "48439123301", "NAME": "Census Tract 1233.01, Tarrant County, Texas", "variable": "B01003_001", "estimate": 1116, "moe": 246, "coverage_all": 2900.9136, "coverage_na": 0.0, "coverage_4050": 0.0, "coverage_5060": 2117.1144, "coverage_6070": 565.951, "coverage_7080": 195.6476, "coverage_8090": 22.1737, "coverage_90": 0.0269, "noise4050n": 0.0, "noise5060n": 821.3498, "noise6070n": 218.6182, "noise7080n": 67.0473, "noise8090n": 8.9788, "noise90n": 0.0059, "noise4050p": 0.0, "noise5060p": 0.7298, "noise6070p": 0.1951, "noise7080p": 0.0674, "noise8090p": 0.0076, "noise90p": 9.2749e-06 }, "geometry": { "type": "MultiPolygon", "coordinates": [ [ [ [ -97.360339000004828, 32.735000000378889 ], [ -97.356760999984033, 32.739022000326294 ], [ -97.351773999818803, 32.743606000002593 ], [ -97.349398999954374, 32.74692100042661 ], [ -97.347068000252293, 32.749999999637247 ], [ -97.346740999565341, 32.750971000417415 ], [ -97.345587000200069, 32.754558999620258 ], [ -97.342384000250973, 32.758086999834703 ], [ -97.340753000337799, 32.756734000380135 ], [ -97.339436999950991, 32.754834000361392 ], [ -97.33897800041531, 32.75416899960932 ], [ -97.337449000513132, 32.751820000261645 ], [ -97.335710999618442, 32.751829999769733 ], [ -97.333465000304983, 32.750932000252391 ], [ -97.332918999953463, 32.746836000155824 ], [ -97.332971000073243, 32.745283999977765 ], [ -97.334542000148943, 32.744988000077697 ], [ -97.337586000095982, 32.743616999607987 ], [ -97.339764000240692, 32.742533999769208 ], [ -97.341563000246694, 32.741548000375239 ], [ -97.341776000317921, 32.741460999785694 ], [ -97.346343000041131, 32.739166999897705 ], [ -97.350456999500551, 32.737069000263354 ], [ -97.358787000021437, 32.732801999765996 ], [ -97.359890999943531, 32.734075999913749 ], [ -97.360339000004828, 32.735000000378889 ] ] ] ] } },
{ "type": "Feature", "properties": { "GEOID": "48439123302", "NAME": "Census Tract 1233.02, Tarrant County, Texas", "variable": "B01003_001", "estimate": 5621, "moe": 654, "coverage_all": 2195.6375, "coverage_na": 0.0, "coverage_4050": 0.0, "coverage_5060": 1077.4876, "coverage_6070": 880.9174, "coverage_7080": 191.8653, "coverage_8090": 37.3591, "coverage_90": 8.0081, "noise4050n": 0.0, "noise5060n": 4315.0877, "noise6070n": 1143.4005, "noise7080n": 136.336, "noise8090n": 22.1115, "noise90n": 4.0643, "noise4050p": 0.0, "noise5060p": 0.4907, "noise6070p": 0.4012, "noise7080p": 0.0874, "noise8090p": 0.017, "noise90p": 0.0036 }, "geometry": { "type": "MultiPolygon", "coordinates": [ [ [ [ -97.339436999950991, 32.754834000361392 ], [ -97.334146999608379, 32.757412999904609 ], [ -97.332598000344575, 32.758180000287574 ], [ -97.332134999533835, 32.757528000017217 ], [ -97.327182999777378, 32.760209000250562 ], [ -97.324326000202362, 32.76123999986293 ], [ -97.32302499996365, 32.761853999646398 ], [ -97.322839000201085, 32.761203999725389 ], [ -97.322383000390445, 32.75714699971352 ], [ -97.322332000317488, 32.756718000289261 ], [ -97.322108999791425, 32.754777999865567 ], [ -97.321259000073141, 32.74655999959775 ], [ -97.321397000069453, 32.744991999992216 ], [ -97.321847999935699, 32.74508299987319 ], [ -97.325840000192741, 32.745154000349601 ], [ -97.330130000012446, 32.745223000263699 ], [ -97.332971000073243, 32.745283999977765 ], [ -97.332918999953463, 32.746836000155824 ], [ -97.333465000304983, 32.750932000252391 ], [ -97.335710999618442, 32.751829999769733 ], [ -97.337449000513132, 32.751820000261645 ], [ -97.33897800041531, 32.75416899960932 ], [ -97.339436999950991, 32.754834000361392 ] ] ] ] } },
{ "type": "Feature", "properties": { "GEOID": "48439123500", "NAME": "Census Tract 1235, Tarrant County, Texas", "variable": "B01003_001", "estimate": 3369, "moe": 488, "coverage_all": 2649.2055, "coverage_na": 0.0, "coverage_4050": 392.9094, "coverage_5060": 1722.9456, "coverage_6070": 369.9339, "coverage_7080": 96.9071, "coverage_8090": 65.5093, "coverage_90": 1.0, "noise4050n": 574.2518, "noise5060n": 2325.2199, "noise6070n": 302.8292, "noise7080n": 80.8187, "noise8090n": 85.2501, "noise90n": 0.6303, "noise4050p": 0.1483, "noise5060p": 0.6504, "noise6070p": 0.1396, "noise7080p": 0.0366, "noise8090p": 0.0247, "noise90p": 0.0004 }, "geometry": { "type": "MultiPolygon", "coordinates": [ [ [ [ -97.326428999938614, 32.733113999804289 ], [ -97.32588599966617, 32.733059999591795 ], [ -97.324235000046244, 32.733045999846077 ], [ -97.322048999929294, 32.732978999618908 ], [ -97.318287999763626, 32.732068000054028 ], [ -97.315650999601331, 32.732051000156503 ], [ -97.310978000525765, 32.732129999614244 ], [ -97.306925000011773, 32.73140899979709 ], [ -97.305158000156965, 32.729719999784329 ], [ -97.311214000363378, 32.729778999840157 ], [ -97.310616999722185, 32.727119000194044 ], [ -97.309682000361306, 32.727114000235822 ], [ -97.309780000242839, 32.717370999990131 ], [ -97.315667000000829, 32.717340000418709 ], [ -97.320474999823219, 32.717312000224794 ], [ -97.32422800037962, 32.717268999877128 ], [ -97.324743000529935, 32.717322999816155 ], [ -97.32269700045579, 32.724402999873703 ], [ -97.322537000243926, 32.726027000140071 ], [ -97.324692000504228, 32.725946000417743 ], [ -97.326370000474256, 32.725920999868329 ], [ -97.326364999784957, 32.729018000335358 ], [ -97.325892999862674, 32.730596000055918 ], [ -97.326428999938614, 32.733113999804289 ] ] ] ] } },
{ "type": "Feature", "properties": { "GEOID": "48439123600", "NAME": "Census Tract 1236, Tarrant County, Texas", "variable": "B01003_001", "estimate": 2928, "moe": 462, "coverage_all": 2779.1179, "coverage_na": 0.0, "coverage_4050": 0.0, "coverage_5060": 2007.6334, "coverage_6070": 589.0255, "coverage_7080": 151.4161, "coverage_8090": 25.0428, "coverage_90": 6.0, "noise4050n": 0.0, "noise5060n": 2120.0553, "noise6070n": 611.0321, "noise7080n": 163.5609, "noise8090n": 27.4398, "noise90n": 5.9118, "noise4050p": 0.0, "noise5060p": 0.7224, "noise6070p": 0.2119, "noise7080p": 0.0545, "noise8090p": 0.009, "noise90p": 0.0022 }, "geometry": { "type": "MultiPolygon", "coordinates": [ [ [ [ -97.337586000095982, 32.743616999607987 ], [ -97.334542000148943, 32.744988000077697 ], [ -97.332971000073243, 32.745283999977765 ], [ -97.330130000012446, 32.745223000263699 ], [ -97.325840000192741, 32.745154000349601 ], [ -97.321847999935699, 32.74508299987319 ], [ -97.321397000069453, 32.744991999992216 ], [ -97.321540999530285, 32.741835000080322 ], [ -97.325858999816774, 32.741804999777067 ], [ -97.325879000270675, 32.737955000203641 ], [ -97.325865000445958, 32.735559999945444 ], [ -97.324259999835846, 32.735499999871259 ], [ -97.324235000046244, 32.733045999846077 ], [ -97.32588599966617, 32.733059999591795 ], [ -97.326428999938614, 32.733113999804289 ], [ -97.325892999862674, 32.730596000055918 ], [ -97.326364999784957, 32.729018000335358 ], [ -97.326370000474256, 32.725920999868329 ], [ -97.324692000504228, 32.725946000417743 ], [ -97.322537000243926, 32.726027000140071 ], [ -97.32269700045579, 32.724402999873703 ], [ -97.324743000529935, 32.717322999816155 ], [ -97.32422800037962, 32.717268999877128 ], [ -97.324259000020987, 32.712977000416004 ], [ -97.325244000290596, 32.71305900011825 ], [ -97.32611000009571, 32.713770999803273 ], [ -97.326230999800515, 32.713821999944102 ], [ -97.327799000402365, 32.71427499979692 ], [ -97.327441999519579, 32.713143999595317 ], [ -97.33160799993108, 32.713139000355426 ], [ -97.331590000082159, 32.716267000062118 ], [ -97.331590999893223, 32.716611000340201 ], [ -97.331590999771464, 32.718155000096246 ], [ -97.331544999853946, 32.725980000133418 ], [ -97.331545000133431, 32.728216000117023 ], [ -97.331561000038874, 32.733139999642745 ], [ -97.331581999641827, 32.735329000183938 ], [ -97.331822000473423, 32.736246999743933 ], [ -97.331662000122662, 32.742101999776203 ], [ -97.33762600013749, 32.74233899964775 ], [ -97.337586000095982, 32.743616999607987 ] ] ] ] } },
{ "type": "Feature", "properties": { "GEOID": "48439123700", "NAME": "Census Tract 1237, Tarrant County, Texas", "variable": "B01003_001", "estimate": 3658, "moe": 423, "coverage_all": 4001.255, "coverage_na": 0.0, "coverage_4050": 217.1768, "coverage_5060": 3395.4562, "coverage_6070": 328.7388, "coverage_7080": 49.0541, "coverage_8090": 8.8562, "coverage_90": 1.9731, "noise4050n": 198.9978, "noise5060n": 3114.5245, "noise6070n": 289.7525, "noise7080n": 44.7649, "noise8090n": 8.1524, "noise90n": 1.8079, "noise4050p": 0.0543, "noise5060p": 0.8486, "noise6070p": 0.0822, "noise7080p": 0.0123, "noise8090p": 0.0022, "noise90p": 0.0005 }, "geometry": { "type": "MultiPolygon", "coordinates": [ [ [ [ -97.364538000146652, 32.723736000274329 ], [ -97.35980099971421, 32.725233000421582 ], [ -97.359238000205778, 32.726269999627469 ], [ -97.357692999872825, 32.729075000122499 ], [ -97.358687999866802, 32.732368000329444 ], [ -97.358787000021437, 32.732801999765996 ], [ -97.350456999500551, 32.737069000263354 ], [ -97.346343000041131, 32.739166999897705 ], [ -97.341776000317921, 32.741460999785694 ], [ -97.341563000246694, 32.741548000375239 ], [ -97.339764000240692, 32.742533999769208 ], [ -97.337586000095982, 32.743616999607987 ], [ -97.33762600013749, 32.74233899964775 ], [ -97.331662000122662, 32.742101999776203 ], [ -97.331822000473423, 32.736246999743933 ], [ -97.331581999641827, 32.735329000183938 ], [ -97.331561000038874, 32.733139999642745 ], [ -97.331545000133431, 32.728216000117023 ], [ -97.334168000472218, 32.728248000145136 ], [ -97.334204000454832, 32.729305999718434 ], [ -97.335029000335879, 32.728270999699525 ], [ -97.338526000426711, 32.72828800022036 ], [ -97.340073999549304, 32.72830199998014 ], [ -97.340242999599681, 32.728304999861592 ], [ -97.3436870000711, 32.72831900027488 ], [ -97.3437040002472, 32.726623999916079 ], [ -97.343742000461759, 32.722296000331767 ], [ -97.344001000267326, 32.722296000161613 ], [ -97.344207999978508, 32.722827000362074 ], [ -97.346638999866315, 32.725754999911551 ], [ -97.351818000306352, 32.725755000149363 ], [ -97.354101000143629, 32.725387999730657 ], [ -97.35674199997834, 32.725692999938673 ], [ -97.358174999980235, 32.725910999611415 ], [ -97.358700000119086, 32.725713999925517 ], [ -97.359869999785658, 32.722886000124575 ], [ -97.361343000135264, 32.722046000394762 ], [ -97.36333700025321, 32.721812000338701 ], [ -97.36378800027633, 32.7222090002291 ], [ -97.364538000146652, 32.723736000274329 ] ] ] ] } },
{ "type": "Feature", "properties": { "GEOID": "48439980000", "NAME": "Census Tract 9800, Tarrant County, Texas", "variable": "B01003_001", "estimate": 0, "moe": 14, "coverage_all": 51454.0624, "coverage_na": 0.0, "coverage_4050": 677.0, "coverage_5060": 26570.6318, "coverage_6070": 20317.5204, "coverage_7080": 3524.8931, "coverage_8090": 356.0172, "coverage_90": 8.0, "noise4050n": 0.0, "noise5060n": 0.0, "noise6070n": 0.0, "noise7080n": 0.0, "noise8090n": 0.0, "noise90n": 0.0, "noise4050p": 0.0132, "noise5060p": 0.5164, "noise6070p": 0.3949, "noise7080p": 0.0685, "noise8090p": 0.0069, "noise90p": 0.0002 }, "geometry": { "type": "MultiPolygon", "coordinates": [ [ [ [ -97.105749999920306, 32.925302000421752 ], [ -97.098231000311415, 32.929304999561985 ], [ -97.093007999895065, 32.925341999799855 ], [ -97.089180999529617, 32.921411000116926 ], [ -97.087973000033401, 32.920419999968978 ], [ -97.085879000412675, 32.918279000294824 ], [ -97.078304000434244, 32.918193999921634 ], [ -97.078348000519938, 32.921959999972024 ], [ -97.075235999934378, 32.922342999771239 ], [ -97.070904999550933, 32.922286000243126 ], [ -97.071517000378961, 32.917959000151718 ], [ -97.064889999861634, 32.917933999560525 ], [ -97.064827999469728, 32.922009000077317 ], [ -97.060913999919009, 32.922036999861213 ], [ -97.060905999901763, 32.923394999934374 ], [ -97.060895000467212, 32.932208999912689 ], [ -97.058298999682592, 32.93256800006526 ], [ -97.058252999862873, 32.939893999700033 ], [ -97.058600000346232, 32.945727000378199 ], [ -97.055006999949157, 32.948980999653308 ], [ -97.05257199983545, 32.951163000073748 ], [ -97.052543999629137, 32.955294999768803 ], [ -97.048328999729492, 32.955247000006466 ], [ -97.048045999565062, 32.955232999711839 ], [ -97.03170699955929, 32.955001000310332 ], [ -97.031817000050054, 32.948850000076625 ], [ -97.031906000345529, 32.943867000421562 ], [ -97.032146999739609, 32.930408999816294 ], [ -97.032236999625397, 32.92559200007468 ], [ -97.032333999976814, 32.920167000230862 ], [ -97.032624999553065, 32.904289000113131 ], [ -97.033088000024122, 32.878493000102274 ], [ -97.033576999613899, 32.852752999961893 ], [ -97.033839999857406, 32.838532000159937 ], [ -97.033857000199006, 32.837133999829469 ], [ -97.033860000203347, 32.836950000354221 ], [ -97.036494999631103, 32.836916000092273 ], [ -97.046403000321519, 32.837054999868059 ], [ -97.054038999539841, 32.838520000302495 ], [ -97.057245999568011, 32.838644000426179 ], [ -97.061286999906216, 32.837840000259092 ], [ -97.061294000024077, 32.839826999804345 ], [ -97.061749000066641, 32.843286000321008 ], [ -97.062359000422646, 32.845339999749065 ], [ -97.06414300012861, 32.851631999717398 ], [ -97.064558000462412, 32.855273999915752 ], [ -97.064558999506772, 32.860789999594139 ], [ -97.064828000528948, 32.864621000009308 ], [ -97.065689999970871, 32.867281999723851 ], [ -97.066842000339832, 32.869530000436853 ], [ -97.073681999817737, 32.877583999937862 ], [ -97.076073000480037, 32.881099000056977 ], [ -97.080344000507537, 32.889064999773055 ], [ -97.082316000116506, 32.891753000380824 ], [ -97.082167999744044, 32.902712999760546 ], [ -97.089987000015782, 32.909212000410797 ], [ -97.089539000303489, 32.910131000426944 ], [ -97.092359000469472, 32.912944999732886 ], [ -97.095967999589703, 32.916564000271208 ], [ -97.099513999764696, 32.920117000401902 ], [ -97.101222000208708, 32.921042000002743 ], [ -97.105749999920306, 32.925302000421752 ] ] ] ] } }
]
}
